zodiac,planet,start_offset_years,end_offset_years,house,sign,paragraph1,paragraph2
Aries,Ketu,0,7,12,Pisces,"During this Dasha period, you will experience a strong pull toward spiritual matters and letting go of material attachments. The placement of Ketu in the twelfth house suggests expenses related to foreign lands, hidden matters, and a tendency toward isolation. You may feel drawn to meditation and moksha, yet face obstacles in worldly gains. Health of the feet and sleep patterns require attention. This is a time of inner growth through detachment and surrender.","The placement of Ketu in Pisces suggests a deeply mystical and compassionate nature during this Mahadasha. You will find yourself dissolving old karmic patterns and embracing a higher spiritual path. Dreams become vivid and prophetic, and your intuition sharpens considerably. However, confusion in relationships and financial matters may arise. Charitable acts bring relief, and pilgrimage to sacred waters proves beneficial for your soul's evolution."
Aries,Venus,7,27,2,Taurus,"During this Dasha period, you will enjoy financial prosperity and accumulation of wealth through personal efforts. The placement of Venus in the second house suggests gains through family, speech, and valuable possessions. Your relationships with relatives improve, and you may acquire jewelry, vehicles, and property. Delicious food and comfortable living become prominent. However, overindulgence in pleasures could lead to unnecessary expenditure. Overall, this is a highly rewarding period for material comfort and family harmony.","The placement of Venus in Taurus suggests a strong focus on luxury, beauty, and financial security throughout this Mahadasha. You will express yourself with charm and artistic grace, attracting wealth through creative pursuits. Family life flourishes, and your speech carries persuasive power. Romantic relationships deepen, and marriage prospects brighten. Yet possessiveness and attachment to comforts may create minor tensions. Gardens, music, and fine cuisine bring particular joy and prosperity."
Aries,Sun,27,33,1,Aries,"During this Dasha period, you will experience heightened self-confidence and a desire to lead. The placement of Sun in the first house suggests recognition from authority figures and government favors. Your personality shines brightly, and health improves with vitality. However, ego clashes and arrogance may strain relationships. This is an excellent time for promotion and personal achievement. Father's health and ancestral matters come into focus, bringing both pride and responsibility.","The placement of Sun in Aries suggests a bold, pioneering spirit throughout this Mahadasha. You will assert your will forcefully and take initiative in new ventures. Leadership roles come naturally, and your reputation grows through courage. Yet impulsiveness and temper may cause setbacks in partnerships. Physical vitality remains strong, but head injuries or fevers require caution. Authority figures support your ambitions, and your soul's purpose aligns with dharma and righteous action."
Aries,Moon,33,43,4,Moon,"During this Dasha period, you will experience emotional fulfillment through home and mother. The placement of Moon in the fourth house suggests domestic happiness, property acquisition, and vehicle purchases. Your mind becomes receptive and nurturing, fostering deep family bonds. However, mood swings and attachment to the past may cloud judgment. This is an auspicious time for buying land, renovating your residence, and reconnecting with your roots. Inner peace comes through emotional security.","The placement of Moon in Cancer suggests a profoundly sentimental and intuitive Mahadasha. You will feel deeply connected to your mother, homeland, and childhood memories. Emotional intelligence guides your decisions, and you nurture others with genuine care. Yet excessive sensitivity and dependency may hinder growth. Water-related travels and religious ceremonies bring satisfaction. Your public popularity rises, and you may receive honors from women or maternal figures."
Aries,Mars,43,50,7,Libra,"During this Dasha period, you will experience intense energy directed toward partnerships and marriage. The placement of Mars in the seventh house suggests passion, conflict, and dynamic interactions with your spouse. Business partnerships require careful negotiation to avoid disputes. Your drive to succeed in joint ventures is strong, but impulsiveness may cause legal matters. This is a time for courage in relationships, balancing assertiveness with diplomacy. Competitors challenge you, yet you prevail through determination.","The placement of Mars in Libra suggests a Mahadasha focused on balancing personal desires with partnership needs. You will fight for justice and fairness in relationships, sometimes aggressively. Romantic attraction is powerful, but arguments over dominance arise. Your diplomacy skills develop through conflict, and you learn compromise. Business dealings with foreigners prosper. Physical vitality remains robust, though kidney or lower back issues may surface. Legal victories favor those who act with restraint."
Aries,Rahu,50,68,10,Capricorn,"During this Dasha period, you will experience dramatic career expansion and worldly ambition. The placement of Rahu in the tenth house suggests sudden fame, government connections, and unconventional professional paths. You may rise rapidly in status but face scandals or ethical dilemmas. Foreign opportunities beckon, and technology or politics attract you. This is a time of great material achievement coupled with karmic lessons about power. Your reputation becomes a central focus, bringing both admiration and criticism.","The placement of Rahu in Capricorn suggests a Mahadasha marked by relentless pursuit of success and authority. You will employ cunning strategies to climb professional ladders, sometimes bending rules. Ambition consumes your attention, and you may neglect family for career. Yet this placement grants exceptional organizational skills and endurance. Health of knees and joints requires care. Unexpected promotions arrive, and you may lead large organizations. Ultimately, you learn that true power lies in ethical conduct."
Aries,Jupiter,68,84,9,Pisces,"During this Dasha period, you will experience profound spiritual growth and luck through higher learning. The placement of Jupiter in the ninth house suggests pilgrimages, philosophical studies, and blessings from gurus. Your faith deepens, and you may teach or publish works of wisdom. Long-distance travel brings fortune, and your father's guidance proves invaluable. This is one of the most auspicious periods for dharma, charity, and expanding your horizons. Divine grace protects you throughout.","The placement of Jupiter in Pisces suggests an expansive, compassionate Mahadasha rooted in universal love. You will feel drawn to mysticism, charity, and serving the underprivileged. Intuition and dream guidance become powerful. Wealth flows through foreign connections and spiritual pursuits. Yet over-optimism and extravagance may drain resources. Your reputation as a wise, generous soul grows. This period favors meditation retreats, temple building, and acts of selfless giving that elevate your soul."
Aries,Saturn,84,103,11,Capricorn,"During this Dasha period, you will experience steady gains through persistent effort and networking. The placement of Saturn in the eleventh house suggests fulfillment of long-cherished desires and income from multiple sources. Elder siblings and influential friends support your ambitions. However, delays and bureaucratic hurdles test your patience. This is a time of building lasting wealth through discipline. Social causes and large organizations bring rewards. Your reputation for reliability attracts powerful allies who advance your goals.","The placement of Saturn in Capricorn suggests a Mahadasha characterized by duty, structure, and slow but certain achievement. You will shoulder heavy responsibilities with maturity, earning respect through hard work. Financial growth comes through frugality and long-term investments. Yet pessimism and isolation may affect your mental state. Bones, teeth, and joints require attention. Elderly figures guide your path, and you may lead institutions. Ultimately, this period rewards integrity and perseverance with enduring success."
Aries,Mercury,103,120,3,Gemini,"During this Dasha period, you will experience sharpened intellect and success in communication. The placement of Mercury in the third house suggests gains through writing, teaching, and short journeys. Siblings and neighbors play important roles in your progress. Your courage in speech wins arguments and negotiations. Business dealings flourish, especially in trade and technology. This is an excellent time for publishing, marketing, and learning new skills. Mental agility brings quick solutions to long-standing problems.","The placement of Mercury in Gemini suggests a highly versatile and curious Mahadasha. You will juggle multiple interests and excel in networking, media, and analytical work. Your wit and charm attract diverse friends and opportunities. However, scattered focus and nervous energy may cause anxiety. Travel for education or commerce proves profitable. Respiratory and skin issues need monitoring. Your ability to communicate persuasively opens doors to leadership in intellectual fields."
Taurus,Ketu,0,7,11,Pisces,"During this Dasha period, you will experience unexpected gains through spiritual or foreign connections. The placement of Ketu in the eleventh house suggests fulfillment of desires through detachment rather than pursuit. Friends may become distant, yet new mystical associations form. Income from charitable or hidden sources appears. You may feel less interested in social gatherings, preferring solitude. This is a time of karmic completion regarding network and ambitions. Letting go brings unexpected liberation and peace.","The placement of Ketu in Pisces suggests a Mahadasha of intuitive insight and quiet prosperity. You will earn through creative or healing arts, often without conventional effort. Old friendships dissolve to make way for soul-level connections. Your dreams reveal financial opportunities. Yet confusion in group dealings and misplaced trust may cause losses. Meditation and charity stabilize your gains. This period favors letting go of material greed and embracing a simpler, more compassionate lifestyle."
Taurus,Venus,7,27,1,Taurus,"During this Dasha period, you will experience a blossoming of personal charm and physical beauty. The placement of Venus in the first house suggests marriage, romance, and heightened self-worth. Your appearance and grace attract admirers and opportunities. Health improves, and you enjoy luxuries and artistic pursuits. However, vanity and overindulgence may create health issues. This is an excellent time for self-expression, cosmetic improvements, and beginning relationships. Your magnetic personality opens doors to success in all endeavors.","The placement of Venus in Taurus suggests a Mahadasha of sensory pleasure and material abundance. You will indulge in fine clothing, jewelry, and gourmet food, attracting wealth effortlessly. Your voice becomes melodious and persuasive. Romantic partnerships deepen into lasting commitment. Yet possessiveness and laziness may creep in, causing stagnation. Gardening, music, and art bring fulfillment. Your reputation for elegance and reliability grows, drawing prosperous alliances."
Taurus,Sun,27,33,12,Aries,"During this Dasha period, you will experience a focus on spirituality, foreign lands, and hidden matters. The placement of Sun in the twelfth house suggests expenses, isolation, and introspection. Your ego dissolves through service and meditation. Government matters may bring unexpected expenditures or legal issues. Health of eyes and heart requires attention. This is a time of inward illumination rather than outward glory. Pilgrimage and charity bring profound peace. Letting go of pride leads to spiritual awakening and karmic release.","The placement of Sun in Aries suggests a Mahadasha where fiery energy turns inward toward self-realization. You will confront hidden enemies and subconscious patterns courageously. Dreams and intuition intensify. Foreign travel or residence becomes likely, bringing both challenges and growth. Father's health may concern you. Despite apparent losses, this period grants deep wisdom. Your spiritual authority emerges through humility and service. Ultimately, you shine brightest in the quiet chambers of the soul."
Taurus,Moon,33,43,3,Cancer,"During this Dasha period, you will experience emotional fulfillment through communication and siblings. The placement of Moon in the third house suggests success in writing, teaching, and short journeys. Your mind becomes nurturing yet restless, seeking variety. Relationships with brothers and sisters improve significantly. However, mood swings and anxiety about trivial matters may disturb peace. This is an excellent time for publishing, media work, and learning new skills. Courage and emotional intelligence guide your decisions toward prosperity.","The placement of Moon in Cancer suggests a Mahadasha of deep emotional intelligence and family bonding. You will express feelings eloquently, winning hearts through empathy. Short travels to visit relatives bring joy. Your intuition about local opportunities is sharp. Yet over-attachment to siblings' opinions may hinder independence. Water-related activities and cooking bring comfort. Your popularity rises through genuine care for your community, making you a beloved figure in your neighborhood."
Taurus,Mars,43,50,6,Libra,"During this Dasha period, you will experience victory over enemies and strong competitive drive. The placement of Mars in the sixth house suggests success in litigation, debt recovery, and health battles. Your discipline in work impresses superiors, leading to promotions. However, anger and stress may cause digestive issues or injuries. This is an excellent time for military, sports, or medical pursuits. Service to others brings recognition. You overcome obstacles through sheer determination, but must avoid unnecessary conflicts in daily life.","The placement of Mars in Libra suggests a Mahadasha focused on fighting for justice and balance in service. You will confront adversaries diplomatically yet firmly, winning through strategy rather than brute force. Workplace rivalries intensify, but your fairness earns allies. Health requires attention to kidneys and lower back. Legal matters favor you if you remain ethical. Your courage inspires subordinates, and you may lead teams through crises. Ultimately, you learn that true strength lies in restraint and fairness."
Taurus,Rahu,50,68,9,Capricorn,"During this Dasha period, you will experience unconventional spiritual journeys and foreign fortune. The placement of Rahu in the ninth house suggests sudden gurus, unorthodox beliefs, and long-distance travel that transforms your worldview. You may question traditional religion, seeking higher truth through unusual paths. Father's guidance may feel confusing or absent. Legal matters regarding higher education arise. Yet this period grants exceptional luck through foreigners and technology. Your dharma evolves through exploring the unknown, bringing both wisdom and controversy.","The placement of Rahu in Capricorn suggests a Mahadasha of ambitious pursuit of higher status and philosophical power. You will manipulate beliefs and systems to climb socially, often successfully. Pilgrimages to foreign lands bring unexpected opportunities. Your father or guru may disappoint, prompting self-reliance. Ethics in teaching and publishing require scrutiny. Yet this placement grants remarkable endurance and strategic wisdom. You may lead religious or educational institutions, blending tradition with innovation. Ultimate growth comes from humility in the face of boundless knowledge."
Taurus,Jupiter,68,84,8,Pisces,"During this Dasha period, you will experience profound transformation through hidden knowledge and inheritance. The placement of Jupiter in the eighth house suggests gains through legacies, insurance, or spouse's wealth. Interest in occult, astrology, and tantra deepens. Longevity and spiritual rebirth become themes. However, secrets and scandals may test your integrity. This is an excellent time for research, healing, and meditation on death and rebirth. Divine grace protects you through crises, transforming losses into spiritual treasure.","The placement of Jupiter in Pisces suggests a Mahadasha of mystical expansion and karmic release. You will explore the hidden dimensions of existence, gaining wisdom through dreams and intuition. Inheritances and unexpected financial windfalls arrive. Yet over-trust in secretive dealings may cause betrayal. Your compassion heals others, but you must guard against exploitation. This period favors meditation retreats, hospice work, and esoteric studies. Ultimately, you emerge purified and wise, a beacon of spiritual resilience."
Taurus,Saturn,84,103,10,Capricorn,"During this Dasha period, you will experience significant career advancement through discipline and endurance. The placement of Saturn in the tenth house suggests promotion, authority, and public responsibility. You become the pillar of your organization, bearing heavy burdens with maturity. Government recognition and long-term contracts arrive. However, workaholism and stress affect health and family life. This is a time of building lasting reputation through integrity. Your karma yoga earns profound respect, and you may lead institutions with wisdom and fairness.","The placement of Saturn in Capricorn suggests a Mahadasha of ultimate professional achievement through patience and structure. You will climb the ladder methodically, mastering your field with relentless dedication. Authority figures recognize your reliability. Yet loneliness and pessimism may accompany success. Bones, knees, and teeth require care. Your legacy grows as you mentor others and uphold tradition. Financial security accumulates through conservative investments. Ultimately, this period rewards your unwavering commitment to duty with enduring power and respect."
Taurus,Mercury,103,120,11,Gemini,"During this Dasha period, you will experience intellectual gains through networks and friendships. The placement of Mercury in the eleventh house suggests profits from communication, technology, and group ventures. Your social circle expands with influential thinkers and entrepreneurs. Income from multiple streams flows steadily. However, nervous tension and overcommitment may exhaust you. This is an excellent time for start-ups, online businesses, and collaborative projects. Your wit and adaptability make you a valued team leader, attracting wealth through collective effort.","The placement of Mercury in Gemini suggests a Mahadasha of brilliant social and intellectual networking. You will juggle numerous friendships and professional contacts, profiting from information exchange. Your ideas spread rapidly, earning recognition and financial rewards. Yet scattered focus and gossip may create misunderstandings. Siblings and neighbors play key roles in your success. Respiratory health requires attention. Ultimately, your ability to connect people and ideas creates a legacy of intellectual prosperity and social influence."
Gemini,Ketu,0,7,10,Pisces,"During this Dasha period, you will experience a detached approach to career and public status. The placement of Ketu in the tenth house suggests sudden changes in profession, feelings of unfulfillment despite success, and a pull toward spiritual vocations. You may leave a prestigious job for deeper meaning. Government recognition feels empty. This is a time of karmic release regarding ambition. Your true calling emerges through service and renunciation. Father figures may disappoint, urging you to find your own path beyond worldly accolades.","The placement of Ketu in Pisces suggests a Mahadasha where professional identity dissolves into spiritual purpose. You will abandon conventional career paths for mystical or charitable work. Your reputation may fluctuate as you detach from public opinion. Intuition guides your actions more than logic. Yet financial instability may challenge you. Meditation and surrender bring peace. This period ultimately frees you from the illusion of worldly success, aligning your soul with divine will and universal compassion."
Gemini,Venus,7,27,12,Taurus,"During this Dasha period, you will experience romantic and financial matters unfolding in secrecy or foreign lands. The placement of Venus in the twelfth house suggests hidden relationships, bed pleasures, and expenditures on luxury. You may find love in distant places or ashrams. Spiritual art and music bring deep joy. However, clandestine affairs and overspending may cause guilt or loss. This is an excellent time for meditation on beauty, dream work, and charitable giving. Your compassion attracts divine grace and mystical experiences.","The placement of Venus in Taurus suggests a Mahadasha of sensual spirituality and hidden abundance. You will enjoy comforts in private, perhaps in a secluded home or ashram. Your artistic talents flourish in solitude, earning quiet recognition. Yet secret relationships may complicate your life. Financial gains come through foreign sources or inheritance. Your love of nature and beauty deepens your spiritual practice. Ultimately, you learn to balance material pleasures with inner renunciation, finding bliss in both."
Gemini,Sun,27,33,11,Aries,"During this Dasha period, you will experience recognition through networks and fulfillment of ambitions. The placement of Sun in the eleventh house suggests gains from government, large organizations, and influential friends. Your leadership within groups brings honor and financial reward. Father's connections prove beneficial. However, ego clashes with elders may create obstacles. This is an excellent time for political aspirations, social causes, and earning through authority. Your reputation as a visionary leader grows, attracting loyal allies and abundant opportunities.","The placement of Sun in Aries suggests a Mahadasha of bold social ambition and pioneering group leadership. You will initiate new collective ventures, inspiring others with your courage. Income from multiple sources flows steadily. Yet arrogance and impatience may alienate supporters. Father figures or mentors guide you toward ethical leadership. Your vitality remains strong, though head and heart require care. Ultimately, you achieve lasting fame through serving the greater good, blending personal glory with communal prosperity."
Gemini,Moon,33,43,2,Cancer,"During this Dasha period, you will experience emotional fulfillment through family and wealth. The placement of Moon in the second house suggests gains through mother, property, and nurturing speech. Your income increases through caregiving or food-related businesses. Family harmony brings deep satisfaction. However, mood swings regarding money may cause anxiety. This is an excellent time for saving, investing in land, and strengthening family bonds. Your melodious voice and emotional intelligence attract prosperity and loyal relationships, making this a comforting and abundant period.","The placement of Moon in Cancer suggests a Mahadasha of profound emotional security and financial nurturing. You will accumulate wealth through empathetic service and family support. Your home becomes a sanctuary, and your mother's blessings bring fortune. Speech becomes gentle yet persuasive, winning hearts and favors. Yet over-attachment to comfort may hinder risk-taking. Water-related investments prosper. Your reputation for generosity and care grows, making you a beloved provider and a pillar of your family's prosperity."
Gemini,Mars,43,50,5,Libra,"During this Dasha period, you will experience dynamic creativity and passion in romance and children. The placement of Mars in the fifth house suggests bold artistic expression, competitive sports, and strong-willed offspring. Your charisma attracts admirers, and romantic encounters intensify. However, impulsiveness in speculation and gambling may cause losses. This is an excellent time for leadership in creative fields, teaching, and athletic pursuits. Your children may challenge you, demanding courage and patience. Overall, this period is vibrant and transformative for self-expression.","The placement of Mars in Libra suggests a Mahadasha of passionate creativity balanced with fairness. You will fight for your artistic vision, sometimes aggressively. Romantic partnerships are intense, with power struggles over control. Your children display strong wills, requiring diplomatic parenting. Speculative investments yield mixed results. Yet your courage in creative risks brings recognition. Sports and physical activities flourish. Ultimately, you learn to channel desire into disciplined artistry, winning admiration for both boldness and grace."
Gemini,Rahu,50,68,8,Capricorn,"During this Dasha period, you will experience intense transformation through hidden matters and sudden events. The placement of Rahu in the eighth house suggests interest in occult, inheritance disputes, and unexpected financial gains or losses. Your research abilities sharpen, delving into mysteries and taboos. Health issues related to toxins or chronic conditions may arise. This is a time of karmic upheaval, where secrets surface and relationships transform. Ultimately, you gain profound wisdom through crisis, emerging reborn with esoteric knowledge and resilience.","The placement of Rahu in Capricorn suggests a Mahadasha of ambitious pursuit of hidden power and resources. You will manipulate financial systems and inheritances to your advantage, sometimes unethically. Obsession with control and secrecy dominates your actions. Yet this placement grants exceptional endurance and strategic cunning. Health of reproductive and excretory systems requires care. Unexpected windfalls arrive through insurance or spouse. Ultimately, you learn that true power lies in transparency, transforming darkness into wisdom through surrender and ethical rebirth."
Gemini,Jupiter,68,84,7,Pisces,"During this Dasha period, you will experience expansion through marriage and partnerships. The placement of Jupiter in the seventh house suggests a wise, generous spouse who brings luck and spiritual growth. Business partnerships flourish with ethical guidance. Legal matters favor you through wise counsel. However, over-optimism about others may cause betrayal. This is an excellent time for marriage, joint ventures, and public dealings. Your reputation for fairness attracts influential allies, and your spouse's family becomes a source of blessing and prosperity.","The placement of Jupiter in Pisces suggests a Mahadasha of compassionate partnerships and spiritual union. You will attract a soulmate who shares your mystical ideals, or your existing marriage deepens profoundly. Business partnerships with foreigners or spiritual organizations prosper. Yet idealism may blind you to partners' flaws. Your generosity in relationships earns divine grace. Travel with your spouse brings joy and growth. Ultimately, this period blesses you with harmonious unions that elevate your soul toward universal love and understanding."
Gemini,Saturn,84,103,9,Capricorn,"During this Dasha period, you will experience disciplined spiritual growth and long-distance journeys. The placement of Saturn in the ninth house suggests a stern guru, pilgrimages undertaken with effort, and philosophical studies requiring patience. Your faith is tested but strengthened. Father's health or relationship may burden you. Legal matters regarding higher education demand perseverance. This is a time of building dharma through duty. Your ethical rigor earns respect, and you may teach or lead religious institutions with humble authority, reaping wisdom's rewards.","The placement of Saturn in Capricorn suggests a Mahadasha of structured spiritual practice and karmic responsibility toward beliefs. You will approach religion and philosophy with discipline, rejecting blind faith for tested truth. Long journeys to sacred sites bring profound lessons. Your father or guru may be demanding, teaching you patience. Publishing and teaching bring slow but lasting recognition. Ultimately, this period grants you the wisdom of ages, earned through austerity and unwavering commitment to dharma, making you a pillar of spiritual integrity."
Gemini,Mercury,103,120,10,Gemini,"During this Dasha period, you will experience peak career success through communication and intellect. The placement of Mercury in the tenth house suggests recognition as a writer, teacher, or business leader. Your professional reputation shines brilliantly. Government contracts and media opportunities arrive. However, nervous exhaustion and ethical dilemmas at work may challenge you. This is an excellent time for entrepreneurship, publishing, and technology ventures. Your name becomes synonymous with cleverness and reliability, attracting wealth and honor throughout this culminating professional period.","The placement of Mercury in Gemini suggests a Mahadasha of brilliant professional versatility and intellectual authority. You will excel in multiple careers simultaneously, earning fame through communication. Your ideas shape public opinion, and your adaptability ensures survival in changing markets. Yet scattered focus and gossip may tarnish your reputation. Siblings and colleagues play key roles in your success. Ultimately, your legacy as a master communicator and innovator brings lasting prosperity and respect, fulfilling your highest professional aspirations."
Cancer,Ketu,0,7,9,Pisces,"During this Dasha period, you will experience a detached approach to religion and higher learning. The placement of Ketu in the ninth house suggests questioning inherited beliefs, feeling distant from gurus, and seeking truth through unconventional paths. Pilgrimages may feel empty, yet inner realization dawns. Father's guidance may be absent or confusing. This is a time of karmic release regarding dogma. Your true dharma emerges through direct experience and meditation, freeing you from external authority to find your own spiritual path.","The placement of Ketu in Pisces suggests a Mahadasha of mystical renunciation and spiritual seeking beyond tradition. You will abandon formal religion for direct communion with the divine. Intuition replaces scripture as your guide. Long journeys may disappoint outwardly but yield inner treasure. Your father or guru's limitations push you toward self-reliance. Yet this period grants profound meditative experiences and dream wisdom. Ultimately, you realize that true knowledge lies beyond words, in the silent depths of your own being."
Cancer,Venus,7,27,11,Taurus,"During this Dasha period, you will experience financial gains through social networks and artistic collaborations. The placement of Venus in the eleventh house suggests profits from friends, elder siblings, and creative group ventures. Your charm attracts wealthy associates and romantic opportunities within your circle. Luxurious gifts and comforts arrive. However, overindulgence in social pleasures may drain resources. This is an excellent time for fundraising, event planning, and building beautiful community spaces. Your popularity soars, bringing both material and emotional fulfillment.","The placement of Venus in Taurus suggests a Mahadasha of abundant social prosperity and artistic networking. You will attract loyal friends who become valuable business allies. Your aesthetic sense creates profitable ventures in beauty, fashion, or entertainment. Romantic relationships bloom within your social sphere, possibly leading to marriage. Yet possessiveness over friends and resources may cause tension. Your generosity and charm make you the center of your community, reaping rich rewards of love and wealth."
Cancer,Sun,27,33,10,Aries,"During this Dasha period, you will experience powerful career advancement and public recognition. The placement of Sun in the tenth house suggests promotion to leadership, government honors, and paternal pride. Your authority becomes undeniable, and you command respect from superiors and subordinates alike. However, ego clashes with father or bosses may create friction. This is an excellent time for ambition, political aspirations, and professional glory. Your name shines brightly in your field, attracting opportunities for lasting fame and authority.","The placement of Sun in Aries suggests a Mahadasha of bold professional leadership and pioneering achievement. You will charge ahead in your career, initiating projects that bring widespread recognition. Government favors and promotions arrive swiftly. Yet arrogance and impatience may create enemies in high places. Your father's influence proves pivotal, though conflicts over authority may arise. Physical vitality supports your ambitions, but head and heart require care. Ultimately, you achieve legendary status through courageous, ethical leadership."
Cancer,Moon,33,43,1,Cancer,"During this Dasha period, you will experience heightened emotional sensitivity and personal magnetism. The placement of Moon in the first house suggests a nurturing personality that attracts care and protection. Your appearance softens, and your intuition guides your decisions. Mother's influence becomes paramount. However, mood swings and dependency may hinder assertiveness. This is an excellent time for self-care, emotional healing, and connecting with your feminine side. Your empathy draws loyal friends and romantic partners who cherish your gentle strength and unwavering compassion.","The placement of Moon in Cancer suggests a Mahadasha of profound emotional depth and maternal connection. You will radiate nurturing energy, becoming a source of comfort for many. Your face reflects your changing moods, and your intuition about others is uncanny. Family bonds strengthen, and your home becomes a sanctuary. Yet over-sensitivity and clinginess may create dependency. Water and moonlit rituals bring peace. Ultimately, you embody the divine mother, nurturing yourself and others toward emotional wholeness and unconditional love."
Cancer,Mars,43,50,4,Libra,"During this Dasha period, you will experience dynamic energy focused on home and property. The placement of Mars in the fourth house suggests renovations, land disputes, and domestic passion. Your mother's health may concern you, and sibling rivalries over property arise. However, your courage in improving your home brings satisfaction. This is an excellent time for real estate investments, construction, and defending family honor. Your emotional intensity at home may cause conflicts, but ultimately strengthens your domestic foundation through assertive care and protection.","The placement of Mars in Libra suggests a Mahadasha of passionate domestic balance and property battles. You will fight for your home and family with diplomatic ferocity, winning disputes through strategy. Renovations and relocations occur. Your mother's influence is strong, though conflicts over control may arise. Emotional intensity at home requires careful channeling. Yet your courage in protecting loved ones earns deep respect. Ultimately, you create a harmonious sanctuary through assertive love and fair-minded determination to secure your family's future."
Cancer,Rahu,50,68,7,Capricorn,"During this Dasha period, you will experience unconventional partnerships and sudden relationship changes. The placement of Rahu in the seventh house suggests marriage to a foreigner or someone from a different background, intense attractions, and possible infidelity. Business partnerships bring both profit and deception. Your public dealings become dramatic. This is a time of karmic relationship lessons, where desires and fears manifest in partners. Ultimately, you learn about true partnership through navigating illusion, emerging with wisdom about trust and boundaries.","The placement of Rahu in Capricorn suggests a Mahadasha of ambitious partnerships and strategic alliances. You will attract powerful, unconventional partners who advance your status. Marriage may bring social elevation but also manipulation. Business partnerships with foreigners or corporations prosper, though ethics blur. Obsession with controlling relationships causes suffering. Yet this placement grants exceptional negotiation skills. Ultimately, you learn that true partnership requires transparency, transforming your relationships from transactional to soulful through hard-won wisdom."
Cancer,Jupiter,68,84,6,Pisces,"During this Dasha period, you will experience growth through service and health recovery. The placement of Jupiter in the sixth house suggests victory over enemies through wisdom, healing of chronic illnesses, and success in litigation. Your compassion for the suffering attracts divine grace. However, over-optimism about diet and health may cause setbacks. This is an excellent time for medical careers, charity, and serving the underprivileged. Your generosity to employees and competitors earns karmic rewards, transforming adversaries into allies through benevolent strength and ethical conduct.","The placement of Jupiter in Pisces suggests a Mahadasha of compassionate service and spiritual healing. You will dedicate yourself to helping others, finding profound meaning in selfless work. Chronic health issues resolve through faith and natural remedies. Yet martyrdom and overgiving may exhaust you. Workplace harmony improves as you forgive enemies. Your intuition guides you to effective healing modalities. Ultimately, this period blesses you with the wisdom that service to others is the highest dharma, bringing peace and spiritual merit."
Cancer,Saturn,84,103,8,Capricorn,"During this Dasha period, you will experience profound transformation through crises and hidden matters. The placement of Saturn in the eighth house suggests chronic health issues, inheritance delays, and research breakthroughs. Your endurance through adversity becomes legendary. Occult studies deepen with disciplined practice. Marital intimacy faces tests. This is a time of karmic reckoning, where you confront fears and emerge transformed. Your patience through suffering earns profound wisdom, and you may become a guide for others navigating life's darkest passages with dignity and resilience.","The placement of Saturn in Capricorn suggests a Mahadasha of stoic endurance through life's mysteries and inevitable transformations. You will face death, inheritance, and hidden enemies with remarkable composure. Your research and occult knowledge deepen through disciplined study. Financial gains come slowly through insurance or legacies. Intimacy requires patient work. Health of chronic conditions demands attention. Ultimately, you emerge as a wise elder, transformed by suffering into a pillar of strength, teaching others the art of graceful survival and rebirth."
Cancer,Mercury,103,120,9,Gemini,"During this Dasha period, you will experience intellectual expansion through higher learning and travel. The placement of Mercury in the ninth house suggests success in publishing, teaching, and philosophical communication. Your words carry wisdom that inspires many. Long journeys for education or business prove profitable. Father's guidance becomes intellectual rather than emotional. However, over-analysis of beliefs may cause confusion. This is an excellent time for writing books, learning languages, and becoming a respected teacher of dharma and knowledge.","The placement of Mercury in Gemini suggests a Mahadasha of brilliant philosophical communication and versatile wisdom. You will explore multiple belief systems, synthesizing them into original insights. Your teaching and writing reach wide audiences, earning recognition and wealth. Travel for knowledge brings unexpected opportunities. Yet scattered studies may prevent mastery. Your father or guru encourages intellectual independence. Ultimately, your legacy as a communicator of wisdom bridges cultures and generations, bringing prosperity through the spoken and written word."
Leo,Ketu,0,7,8,Pisces,"During this Dasha period, you will experience intense karmic transformation and occult awakening. The placement of Ketu in the eighth house suggests sudden upheavals, inheritance issues, and deep interest in mysticism. Your material security may feel threatened, yet spiritual treasures emerge. Health of reproductive or chronic conditions requires attention. This is a time of ego death and rebirth, where you release outdated identities. Meditation on impermanence brings profound peace, and you may develop siddhis or healing abilities through intense inner work.","The placement of Ketu in Pisces suggests a Mahadasha of mystical surrender and karmic release. You will delve into the occult, gaining wisdom through dreams and visions. Financial losses may occur, but detachment brings freedom. Your intuition about hidden matters is extraordinary. Relationships transform through crisis, revealing soul contracts. This period favors hospice work, tantra, and meditation on death. Ultimately, you emerge purified, your ego dissolved, carrying ancient wisdom into a reborn existence of spiritual service and profound compassion."
Leo,Venus,7,27,10,Taurus,"During this Dasha period, you will experience professional success through charm and artistic talent. The placement of Venus in the tenth house suggests recognition in beauty, entertainment, or luxury industries. Your reputation for elegance attracts powerful patrons and romantic interests at work. Government favors and promotions arrive. However, office romances and vanity may create scandals. This is an excellent time for public relations, fashion, and leadership in creative fields. Your name becomes synonymous with grace and prosperity, bringing wealth and admiration.","The placement of Venus in Taurus suggests a Mahadasha of prosperous public artistry and material success. You will achieve fame through beauty, design, or diplomacy. Your career blossoms as you attract wealth and admiration effortlessly. Powerful allies support your rise, and romantic opportunities enhance your status. Yet indulgence and laziness may undermine long-term goals. Your reputation for reliability and aesthetic excellence attracts lucrative contracts. Ultimately, you establish a legacy of elegant leadership, proving that grace and ambition can coexist harmoniously."
Leo,Sun,27,33,1,Aries,"During this Dasha period, you will experience radiant self-confidence and personal glory. The placement of Sun in the first house suggests peak vitality, recognition, and leadership. Your personality dominates every room, attracting followers and opportunities. Father's blessings and government favors elevate you. However, arrogance and ego clashes may isolate you. This is an excellent time for self-promotion, health improvements, and asserting your identity. Your name shines brilliantly, and you embody the kingly archetype with charisma, courage, and undeniable authority.","The placement of Sun in Aries suggests a Mahadasha of magnificent self-expression and pioneering leadership. You will blaze new trails with unbounded confidence, inspiring others through sheer presence. Your vitality is exceptional, and your willpower unstoppable. Yet impulsiveness and pride may cause falls from grace. Father figures challenge you to lead ethically. Physical health remains robust, though head and heart require moderation. Ultimately, you achieve legendary status as a self-made sovereign, ruling your domain with courage and magnanimous authority."
Leo,Moon,33,43,12,Cancer,"During this Dasha period, you will experience emotional introspection and spiritual retreat. The placement of Moon in the twelfth house suggests vivid dreams, hidden emotions, and a pull toward isolation. Your mother's health may concern you. Secret relationships and charitable work bring emotional fulfillment. However, mood swings and sleep disturbances may plague you. This is an excellent time for meditation, journaling, and healing ancestral wounds. Your empathy deepens through solitude, connecting you to universal suffering and compassion, ultimately bringing profound inner peace and mystical sensitivity.","The placement of Moon in Cancer suggests a Mahadasha of profound emotional mysticism and hidden nurturing. You will experience intense dreams and psychic sensitivity, often retreating from the world to process feelings. Your mother's influence remains strong, perhaps requiring care. Secret charitable acts bring deep satisfaction. Yet emotional isolation and moodiness may cause depression. Water healing and moon rituals bring peace. Ultimately, you nurture the hidden aspects of yourself and others, becoming a compassionate healer who works quietly behind the scenes of worldly drama."
Leo,Mars,43,50,3,Libra,"During this Dasha period, you will experience assertive communication and courageous sibling interactions. The placement of Mars in the third house suggests fierce debates, athletic prowess, and dynamic short journeys. Your words become weapons, winning arguments and negotiations. Sibling rivalries may intensify, requiring diplomacy. Physical courage and competitive spirit bring success in sports or sales. However, impulsiveness may cause accidents or disputes. This is an excellent time for writing, marketing, and defending your ideas with passionate conviction and unwavering determination.","The placement of Mars in Libra suggests a Mahadasha of strategic communication and fair-minded aggression. You will fight for justice through words, becoming a powerful advocate and negotiator. Sibling relationships involve both conflict and cooperation. Your writing and speech inspire action, though tactlessness may offend. Short journeys for business or sports prove fruitful. Physical vitality supports your endeavors, but accidents require caution. Ultimately, you learn to channel anger into eloquent advocacy, winning allies through courageous, balanced communication."
Leo,Rahu,50,68,6,Capricorn,"During this Dasha period, you will experience intense competition and service challenges. The placement of Rahu in the sixth house suggests powerful enemies, debt traps, and health issues requiring unconventional treatment. Your ambition to defeat rivals becomes obsessive, sometimes crossing ethical lines. Yet you gain exceptional strategic skills in litigation and workplace politics. This is a time of karmic battles, where you confront hidden adversaries. Ultimately, you learn that true victory lies in ethical conduct, transforming enemies into teachers through hard-won wisdom and resilience.","The placement of Rahu in Capricorn suggests a Mahadasha of ambitious service and cunning competition. You will manipulate workplace systems to rise, sometimes creating enemies through ruthless tactics. Debt and litigation may plague you, yet your strategic mind finds loopholes. Health issues related to stress and toxins require alternative healing. Your ability to outmaneuver rivals is legendary. Ultimately, you learn that sustainable success requires ethical foundations, transforming your approach from exploitation to service, and finding peace through humility."
Leo,Jupiter,68,84,5,Pisces,"During this Dasha period, you will experience expansive creativity and blessed children. The placement of Jupiter in the fifth house suggests artistic genius, spiritual teaching, and wise, fortunate offspring. Your romantic life deepens with meaning. Speculative investments prosper through ethical guidance. Students and disciples flock to your wisdom. This is an excellent time for publishing, performing, and leading spiritual or educational institutions. Your generosity to children and students earns divine grace, and your creative works become vehicles for higher truth, bringing fame and fulfillment.","The placement of Jupiter in Pisces suggests a Mahadasha of mystical creativity and compassionate teaching. You will produce art and wisdom that touches souls, transcending intellectual understanding. Your children or students become sources of pride and spiritual growth. Romantic love reaches sublime heights of devotional surrender. Speculative ventures succeed through intuition rather than analysis. Yet over-idealism may blind you to practical matters. Ultimately, your creative legacy inspires generations, blending beauty with profound spiritual insight and unconditional love."
Leo,Saturn,84,103,7,Capricorn,"During this Dasha period, you will experience serious relationship tests and marital responsibility. The placement of Saturn in the seventh house suggests delays in marriage, older or mature partners, and karmic commitments. Business partnerships demand patience and integrity. Your spouse may feel distant or burdened, requiring you to shoulder domestic duties. Legal contracts require careful scrutiny. This is a time of learning commitment through adversity, where relationships mature through shared hardship, ultimately forging unbreakable bonds of trust and mutual respect.","The placement of Saturn in Capricorn suggests a Mahadasha of disciplined partnership and karmic marriage. You will approach relationships with gravity and duty, perhaps marrying later or to someone older. Your spouse becomes a teacher of patience. Business partnerships endure through transparency and hard work. Yet loneliness within marriage may occur if emotional intimacy is neglected. Legal matters favor the diligent. Ultimately, you build a partnership of iron, enduring through storms and emerging as a testament to commitment, mutual growth, and mature love."
Leo,Mercury,103,120,4,Gemini,"During this Dasha period, you will experience intellectual stimulation at home and through property matters. The placement of Mercury in the fourth house suggests real estate negotiations, domestic communication, and learning from your mother. Your home becomes a hub for study and networking. Short journeys related to property prove profitable. However, mental restlessness may disturb domestic peace. This is an excellent time for home-based businesses, writing, and renovating your living space to reflect your intellectual personality, bringing both comfort and prosperity.","The placement of Mercury in Gemini suggests a Mahadasha of versatile domestic intellect and property communication. You will fill your home with books, conversations, and ideas, making it a center of learning. Real estate deals favor you through clever negotiation. Your relationship with your mother becomes intellectually stimulating. Yet nervous energy may cause domestic tension. Vehicles and gadgets bring joy. Ultimately, your home becomes a sanctuary of wisdom and wit, where family bonds strengthen through shared learning, creating a legacy of intellectual warmth and prosperity."
Virgo,Ketu,0,7,7,Pisces,"During this Dasha period, you will experience detachment in marriage and partnerships. The placement of Ketu in the seventh house suggests a distant or spiritual spouse, marriage dissolution, or unconventional relationships. Business partnerships dissolve or transform. You may feel lonely within companionship, seeking higher meaning. This is a time of karmic release regarding expectations of others. Your true partner emerges through spiritual connection rather than social convention. Ultimately, you learn that true union is with the divine, freeing you from dependency on human relationships for wholeness.","The placement of Ketu in Pisces suggests a Mahadasha of mystical partnership and karmic release in love. You will attract a spouse who is spiritually inclined or absent in some way, teaching you detachment. Marriage may feel like a soul contract requiring completion. Business partnerships dissolve, pushing you toward independence. Your intuition about others is sharp, penetrating illusion. Ultimately, you transcend the need for external validation, finding completion within. This period frees you from relational karma, opening the door to divine union and unconditional love."
Virgo,Venus,7,27,9,Taurus,"During this Dasha period, you will experience blessings through higher learning, travel, and spiritual love. The placement of Venus in the ninth house suggests a beautiful guru, fortunate pilgrimages, and romantic connections with foreigners. Your faith in love and dharma deepens. Artistic pursuits related to religion bring recognition. Father's guidance brings comfort and prosperity. This is an excellent time for marriage to a wise partner, studying sacred arts, and traveling to beautiful sacred sites. Your generosity and grace attract divine blessings and lasting happiness.","The placement of Venus in Taurus suggests a Mahadasha of prosperous spiritual love and aesthetic wisdom. You will find beauty in philosophy, art, and foreign cultures, enriching your soul. Your guru or father brings material and spiritual gifts. Romantic relationships with foreigners or during travel flourish. Your faith is rewarded with abundance. Yet indulgence in luxury during pilgrimages may distract. Ultimately, you embody the union of material and spiritual beauty, attracting grace through your refined devotion and generous heart."
Virgo,Sun,27,33,12,Aries,"During this Dasha period, you will experience spiritual illumination through solitude and foreign connections. The placement of Sun in the twelfth house suggests expenses, isolation, and ego dissolution. Government matters may bring unexpected losses or hidden enemies. Your father may face health issues or distance. Yet this period grants profound meditative insights and dream wisdom. Charity and pilgrimage bring peace. This is a time of inward royalty, where you shine brightest in quiet service, releasing pride to attain spiritual sovereignty and liberation from worldly concerns.","The placement of Sun in Aries suggests a Mahadasha of fiery spiritual introspection and karmic release. You will courageously confront your subconscious, burning away ego through meditation and service. Foreign lands bring both challenges and enlightenment. Your father's influence wanes, pushing you toward inner authority. Physical vitality requires rest and moderation. Dreams reveal past-life patterns. Ultimately, you emerge from the ashes of ego as a spiritual warrior, radiant with humility, compassion, and the quiet power of one who has conquered themselves."
Virgo,Moon,33,43,11,Cancer,"During this Dasha period, you will experience emotional fulfillment through friendships and social causes. The placement of Moon in the eleventh house suggests nurturing networks, gains through mother or women, and emotional satisfaction from community. Your empathy attracts loyal friends who support your ambitions. Income from caregiving or food-related ventures flows steadily. However, mood swings within groups may cause misunderstandings. This is an excellent time for charity, fundraising, and building emotional bonds with influential allies, bringing both prosperity and heartwarming connections.","The placement of Moon in Cancer suggests a Mahadasha of compassionate social networking and emotional prosperity. You will nurture your community, becoming a beloved figure who attracts wealth through empathy. Friends become family, supporting you emotionally and financially. Your intuitive understanding of group dynamics makes you an effective leader. Yet over-attachment to social approval may cause anxiety. Water-related charities prosper. Ultimately, your ability to nurture collective dreams brings profound fulfillment, creating a legacy of emotional generosity and social harmony."
Virgo,Mars,43,50,2,Libra,"During this Dasha period, you will experience assertive earning and family dynamics. The placement of Mars in the second house suggests aggressive financial dealings, disputes over inheritance, and forceful speech. Your earning capacity increases through courage and competition. However, harsh words may damage family relationships. This is an excellent time for entrepreneurship, sales, and defending your resources. Your determination to accumulate wealth is strong, but must be tempered with diplomacy. Ultimately, you learn to balance assertiveness with gentleness, building financial security without alienating loved ones.","The placement of Mars in Libra suggests a Mahadasha of strategic financial aggression and family diplomacy. You will fight for your fair share of resources, winning disputes through calculated assertiveness. Your speech becomes a weapon for both earning and wounding. Family tensions over money require careful navigation. Yet your courage in financial risks brings rewards. Investments in land or metals prosper. Ultimately, you learn that true wealth includes harmonious relationships, transforming your aggressive earning into ethical prosperity that supports both family and self."
Virgo,Rahu,50,68,5,Capricorn,"During this Dasha period, you will experience intense ambition in creativity, romance, and speculation. The placement of Rahu in the fifth house suggests unconventional love affairs, gambling gains or losses, and brilliant but erratic artistic output. Your children may be rebellious or gifted unusually. Obsession with fame drives your creative pursuits. This is a time of karmic lessons in desire and ego. Ultimately, you learn that true creativity flows from spirit, not from craving recognition, transforming your talents into vehicles for higher expression and genuine joy.","The placement of Rahu in Capricorn suggests a Mahadasha of ambitious creativity and strategic speculation. You will pursue fame and pleasure with relentless cunning, sometimes bending ethics. Romantic affairs bring excitement and scandal. Investments in speculation yield unpredictable results. Your children challenge your authority, reflecting your own rebellious nature. Yet your artistic innovation earns recognition. Ultimately, you learn that lasting creative legacy requires authenticity, transforming your hunger for acclaim into disciplined mastery and heartfelt expression that touches souls."
Virgo,Jupiter,68,84,4,Pisces,"During this Dasha period, you will experience expansion through home, mother, and inner peace. The placement of Jupiter in the fourth house suggests a large, beautiful home, a wise mother, and emotional abundance. Property investments prosper. Your heart fills with generosity toward family. Vehicles and comforts multiply. This is an excellent time for buying land, renovating your residence, and deepening your spiritual practice at home. Your mother's blessings bring luck. Ultimately, you create a sanctuary of wisdom and love, where family flourishes under your benevolent care and divine grace.","The placement of Jupiter in Pisces suggests a Mahadasha of mystical domestic abundance and maternal grace. Your home becomes a temple of compassion, filled with art, music, and spiritual practice. Your mother or wife embodies wisdom and generosity. Real estate investments bring profound returns. Emotional peace deepens through meditation at home. Yet over-idealism about family may cause disappointment. Ultimately, you establish a legacy of domestic spirituality, where generations gather to learn, love, and grow under your expansive, nurturing presence."
Virgo,Saturn,84,103,6,Capricorn,"During this Dasha period, you will experience disciplined service and victory over enemies. The placement of Saturn in the sixth house suggests chronic health issues requiring routine, workplace burdens, and litigation delays. Your patience with subordinates and competitors earns karmic merit. Debt repayment requires strict discipline. This is a time of learning humility through service. Your endurance through health challenges inspires others. Ultimately, you master the art of selfless work, transforming enemies into allies through unwavering integrity, and achieving victory through persistence rather than aggression, earning profound respect.","The placement of Saturn in Capricorn suggests a Mahadasha of stoic service and karmic health discipline. You will face chronic ailments and workplace challenges with remarkable endurance, becoming a pillar of reliability. Litigation resolves slowly but favorably for the ethical. Your discipline with diet and routine restores health. Debt clears through frugality and hard work. Enemies become teachers of patience. Ultimately, you embody the karma yogi, finding liberation through service, transforming suffering into wisdom and earning lasting respect for your unshakeable integrity."
Virgo,Mercury,103,120,7,Gemini,"During this Dasha period, you will experience intellectual partnerships and successful negotiations. The placement of Mercury in the seventh house suggests a witty, communicative spouse, profitable business partnerships, and success in contracts. Your diplomatic skills shine in public dealings. Marriage brings intellectual stimulation and social connections. Legal matters favor you through clever arguments. This is an excellent time for counseling, mediation, and collaborative ventures. Your ability to communicate persuasively attracts loyal partners and financial success, making this period vibrant and prosperous.","The placement of Mercury in Gemini suggests a Mahadasha of brilliant partnership communication and versatile diplomacy. You will attract a spouse or business partner who matches your intellect, creating dynamic synergy. Contracts and negotiations yield profitable outcomes. Your social network expands through charming interactions. Yet scattered focus in partnerships may cause misunderstandings. Siblings play key roles in your alliances. Ultimately, your ability to bridge differences through words creates harmonious unions that bring both intellectual joy and material prosperity."
Libra,Ketu,0,7,6,Pisces,"During this Dasha period, you will experience detachment from service and health matters. The placement of Ketu in the sixth house suggests mysterious illnesses, loss of interest in daily work, and enemies dissolving naturally. Your competitive drive wanes, bringing peace but also potential stagnation. Debt may clear unexpectedly. This is a time of karmic release regarding perfectionism and conflict. Your healing abilities emerge through surrender. Ultimately, you learn that true health is spiritual, and true service is effortless, freeing you from the chains of worldly competition and anxiety.","The placement of Ketu in Pisces suggests a Mahadasha of mystical healing and karmic release from enemies. You will develop intuitive diagnostic abilities, healing others through unconventional means. Workplace conflicts dissolve as you detach from outcomes. Chronic health issues may resolve through spiritual practice. Yet confusion about diet and routine may cause imbalance. Your service becomes selfless, free from ego. Ultimately, you transcend the battlefield of worldly competition, finding peace in surrender and becoming a healer of souls through your profound detachment and compassion."
Libra,Venus,7,27,8,Taurus,"During this Dasha period, you will experience transformation through intimacy and shared resources. The placement of Venus in the eighth house suggests inheritance gains, profound romantic merging, and interest in occult beauty. Your sensual nature deepens, attracting intense relationships. Financial benefits come through spouse or legacies. However, jealousy and possessiveness may poison intimacy. This is an excellent time for tantric practice, depth psychology, and healing sexual wounds. Ultimately, you transform through love's mysteries, emerging with profound wisdom about desire, death, and rebirth.","The placement of Venus in Taurus suggests a Mahadasha of profound sensual transformation and inherited abundance. You will experience intimacy as a path to spiritual awakening, attracting partners who reveal hidden depths. Financial windfalls arrive through inheritance or spouse's wealth. Yet obsession with security may breed possessiveness. Your artistic talents explore taboo subjects, bringing fame. Ultimately, you learn that true beauty lies in vulnerability and surrender, transforming your desires into a path of profound self-knowledge and mystical union with the divine feminine."
Libra,Sun,27,33,9,Aries,"During this Dasha period, you will experience radiant spiritual authority and fortunate travel. The placement of Sun in the ninth house suggests a powerful guru, government support for higher education, and paternal blessings. Your dharma shines brightly, inspiring others. Pilgrimages bring recognition and spiritual advancement. Father's guidance elevates your status. This is an excellent time for teaching, publishing, and leading religious institutions. Your confidence in your beliefs attracts followers and divine grace, making this a period of profound spiritual sovereignty and righteous expansion.","The placement of Sun in Aries suggests a Mahadasha of pioneering spiritual leadership and courageous faith. You will blaze new philosophical trails, challenging orthodoxy with brilliant insight. Your guru or father empowers your journey. Long journeys bring enlightenment and recognition. Yet arrogance in belief may create dogmatic enemies. Physical vitality supports your mission. Ultimately, you achieve spiritual authority through bold authenticity, becoming a beacon of dharma who inspires others to walk their truth with courage and unwavering conviction."
Libra,Moon,33,43,10,Cancer,"During this Dasha period, you will experience emotional fulfillment through career and public nurturing. The placement of Moon in the tenth house suggests a caring professional image, popularity with women, and government favor through emotional intelligence. Your career involves nurturing others, perhaps in healthcare, education, or food. Mother's influence shapes your profession. However, mood swings may affect professional consistency. This is an excellent time for leadership through empathy, building a reputation for compassionate authority that attracts both success and heartfelt admiration from colleagues and public alike.","The placement of Moon in Cancer suggests a Mahadasha of nurturing public leadership and emotional career fulfillment. You will lead with empathy, becoming a beloved figure in your profession. Your intuitive understanding of public needs brings success. Women and mothers play key roles in your advancement. Your reputation for care attracts loyal clients and supporters. Yet over-sensitivity to criticism may cause professional anxiety. Ultimately, you achieve eminence through emotional intelligence, proving that gentle strength and maternal wisdom can command respect and lasting success."
Libra,Mars,43,50,11,Libra,"During this Dasha period, you will experience dynamic gains through networks and bold ambitions. The placement of Mars in the eleventh house suggests aggressive pursuit of goals, conflicts with friends, and sudden financial gains through courage. Your leadership within groups is assertive. Elder siblings may challenge you. This is an excellent time for entrepreneurship, political activism, and earning through competition. Your determination to achieve desires is unstoppable, but must be balanced with diplomacy to avoid alienating allies. Ultimately, you manifest ambitions through courageous networking and bold action.","The placement of Mars in Libra suggests a Mahadasha of strategic social ambition and fair-minded aggression. You will fight for your dreams within group contexts, winning support through courageous diplomacy. Friendships involve power struggles, yet yield financial rewards. Your income grows through assertive networking and competitive ventures. Elder siblings play pivotal roles. Yet impulsiveness in groups may cause conflicts. Ultimately, you achieve your goals through balanced assertiveness, proving that one can be both warrior and diplomat, winning allies and wealth through courageous fairness."
Libra,Rahu,50,68,4,Capricorn,"During this Dasha period, you will experience upheaval in home and emotional security. The placement of Rahu in the fourth house suggests relocation to foreign lands, unconventional domestic arrangements, and obsession with property. Your mother's influence may be manipulative or absent. Emotional restlessness drives you to seek greener pastures. This is a time of karmic lessons in belonging. Ultimately, you learn that true home is within, transforming your restless search into inner peace, and building a sanctuary that reflects your soul's authentic needs rather than social expectations.","The placement of Rahu in Capricorn suggests a Mahadasha of ambitious domestic striving and karmic property matters. You will pursue real estate and comfort with relentless drive, sometimes at the cost of family harmony. Relocation brings both opportunity and disorientation. Your mother's influence is complex, teaching you about emotional manipulation. Yet your strategic mind builds impressive domestic security. Ultimately, you learn that peace cannot be purchased, transforming your home into a spiritual sanctuary where ambition surrenders to contentment and genuine emotional belonging."
Libra,Jupiter,68,84,3,Pisces,"During this Dasha period, you will experience expansive communication and fortunate sibling relationships. The placement of Jupiter in the third house suggests wise speech, successful writing, and generous brothers or sisters. Your courage is guided by ethics. Short journeys bring blessings and learning. Students and neighbors revere you as a teacher. This is an excellent time for publishing, media, and entrepreneurial ventures requiring communication. Your optimism and wisdom inspire others, creating a network of goodwill that brings both material success and profound spiritual growth through everyday interactions.","The placement of Jupiter in Pisces suggests a Mahadasha of compassionate communication and mystical sibling bonds. Your words carry healing power, touching hearts with universal truth. Writing flows effortlessly, earning recognition. Siblings become spiritual allies. Short journeys bring unexpected grace. Your courage is gentle yet unwavering, inspiring others through empathy. Yet over-optimism about neighbors may cause disappointment. Ultimately, your communication becomes a vehicle for divine love, creating harmony in your immediate environment and proving that wisdom begins at home."
Libra,Saturn,84,103,5,Capricorn,"During this Dasha period, you will experience disciplined creativity and karmic lessons through children. The placement of Saturn in the fifth house suggests delayed offspring, strict parenting, and methodical artistic output. Romance requires patience and commitment. Speculative investments demand caution. Your children may be serious or burdened, teaching you responsibility. This is a time of mastering creative expression through discipline. Ultimately, you produce lasting works of art through perseverance, and your children become your greatest teachers of patience, humility, and unconditional love through life's structured lessons.","The placement of Saturn in Capricorn suggests a Mahadasha of structured creativity and karmic responsibility toward children. You will approach art and romance with maturity, earning respect for your disciplined craftsmanship. Children may come late but bring profound lessons in duty. Speculation requires conservative strategy. Your creative output is slow but enduring, earning lasting recognition. Yet rigidity may stifle joy. Ultimately, you learn that true creativity balances structure with spontaneity, and that parenting, like art, requires both firmness and flexible love."
Libra,Mercury,103,120,6,Gemini,"During this Dasha period, you will experience intellectual service and victory through communication. The placement of Mercury in the sixth house suggests success in litigation, healing through speech, and clever problem-solving at work. Your diagnostic skills shine. Enemies are defeated through wit rather than force. Health issues related to nerves or digestion require attention. This is an excellent time for medical writing, counseling, and analytical work. Your ability to communicate complex ideas simply makes you invaluable in service roles, bringing both professional success and personal satisfaction.","The placement of Mercury in Gemini suggests a Mahadasha of versatile service and brilliant problem-solving. You will juggle multiple work responsibilities with wit and adaptability, becoming indispensable. Your communication heals conflicts and resolves disputes. Debt and litigation clear through clever negotiation. Yet nervous exhaustion and scattered focus may undermine health. Coworkers and subordinates appreciate your clarity. Ultimately, your intellect serves the greater good, transforming daily work into a laboratory of wisdom, and proving that service with intelligence is a path to liberation."
Scorpio,Ketu,0,7,5,Pisces,"During this Dasha period, you will experience detachment from creativity, romance, and children. The placement of Ketu in the fifth house suggests loss of interest in speculation, distant relationships with offspring, and spiritual creativity emerging from emptiness. Romantic encounters feel karmic but fleeting. Your children may be unusually gifted or detached. This is a time of releasing ego from creative output. Ultimately, you discover that true creativity flows from the void, and that love, freed from attachment, becomes universal and profound, touching souls without possession.","The placement of Ketu in Pisces suggests a Mahadasha of mystical creativity and karmic release in love. Your artistic expression becomes spiritual, transcending ego. Romantic relationships dissolve illusions, teaching you about divine love. Children may be estranged or spiritually inclined, reflecting your soul's journey. Speculation brings losses that free you from greed. Ultimately, you create from the depths of meditation, producing art that heals. Your heart opens to universal love, and you become a conduit for creative grace, blessing others through your detached, compassionate expression."
Scorpio,Venus,7,27,7,Taurus,"During this Dasha period, you will experience harmonious marriage and lucrative partnerships. The placement of Venus in the seventh house suggests a beautiful, artistic spouse, successful business collaborations, and public admiration. Your charm wins negotiations and legal matters. Romance blossoms into lasting commitment. This is an excellent time for marriage, contracts, and diplomatic ventures. Your partner brings wealth and aesthetic pleasure. However, dependency on relationships may hinder independence. Ultimately, you create a partnership of mutual grace and prosperity, balancing union with personal growth and artistic fulfillment.","The placement of Venus in Taurus suggests a Mahadasha of prosperous marriage and artistic partnership. Your spouse embodies beauty and stability, bringing wealth and sensual pleasure. Business partnerships flourish through mutual trust and aesthetic synergy. Your home becomes a haven of luxury and love. Yet possessiveness may strain the union. Socially, you shine as half of a powerful couple. Ultimately, your marriage becomes a masterpiece of partnership, blending material abundance with emotional depth, and proving that committed love can be both passionate and enduringly prosperous."
Scorpio,Sun,27,33,11,Aries,"During this Dasha period, you will experience authoritative gains and powerful networks. The placement of Sun in the eleventh house suggests government favor, leadership in organizations, and fulfillment of ambitions. Your father's connections elevate you. Income flows through authority and recognition. Friends in high places support your rise. However, ego clashes with elders may create obstacles. This is an excellent time for political aspirations, social leadership, and earning through status. Your name commands respect, attracting loyal allies and abundant resources for achieving your most cherished goals.","The placement of Sun in Aries suggests a Mahadasha of bold social ambition and pioneering group leadership. You will initiate collective ventures with courage, inspiring others through your radiant confidence. Gains come through government, corporations, and influential mentors. Your father's legacy empowers your social standing. Yet arrogance may alienate potential allies. Physical vitality supports your networking. Ultimately, you achieve legendary social status through ethical leadership, becoming a beacon of prosperity whose light uplifts your entire community and fulfills your soul's ambitions."
Scorpio,Moon,33,43,9,Cancer,"During this Dasha period, you will experience emotional fulfillment through spiritual travel and higher learning. The placement of Moon in the ninth house suggests a nurturing guru, pilgrimage with mother, and emotional connection to philosophy. Your faith deepens through feeling rather than intellect. Teaching brings emotional satisfaction. However, mood swings may cloud spiritual judgment. This is an excellent time for studying devotional texts, traveling to sacred waters, and deepening your relationship with the divine feminine. Your intuition guides you to profound spiritual truths, bringing peace and wisdom.","The placement of Moon in Cancer suggests a Mahadasha of devotional wisdom and emotional spirituality. You will experience the divine as mother, nurturing your soul through prayer and pilgrimage. Your guru or father figure provides emotional support. Teaching from the heart touches many. Yet over-attachment to beliefs may limit growth. Long journeys to sacred sites bring profound peace. Ultimately, you embody the devotional path, proving that true wisdom is felt, not merely understood, and that emotional surrender opens the gates to liberation."
Scorpio,Mars,43,50,1,Libra,"During this Dasha period, you will experience powerful personal energy and assertive self-expression. The placement of Mars in the first house suggests physical vitality, courageous leadership, and dynamic presence. Your willpower is unstoppable, achieving goals through direct action. However, impulsiveness and anger may cause accidents or conflicts. This is an excellent time for sports, entrepreneurship, and self-improvement. Your magnetism attracts followers and romantic interests. Ultimately, you learn to channel your intense drive into disciplined achievement, becoming a warrior of purpose whose courage inspires others and transforms obstacles into stepping stones.","The placement of Mars in Libra suggests a Mahadasha of dynamic self-assertion balanced with diplomacy. You will fight for your identity with grace, winning respect through courageous fairness. Your physical presence commands attention, attracting both allies and rivals. Romantic pursuits are passionate but require compromise. Yet impatience may cause hasty decisions. Ultimately, you master the art of assertive diplomacy, proving that true strength includes restraint, and that a warrior's greatest victory is the conquest of self through balanced, purposeful action."
Scorpio,Rahu,50,68,3,Capricorn,"During this Dasha period, you will experience intense ambition in communication and sibling matters. The placement of Rahu in the third house suggests manipulative speech, conflicts with brothers or sisters, and sudden gains through media or technology. Your courage is relentless but sometimes unethical. Short journeys bring unexpected opportunities. This is a time of karmic lessons in honest communication. Ultimately, you learn that words have power, and that manipulation ultimately backfires. Transforming your ambition into truthful expression brings lasting success and harmonious relationships with siblings and neighbors.","The placement of Rahu in Capricorn suggests a Mahadasha of strategic communication and ambitious sibling dynamics. You will use speech and writing to climb socially, sometimes exaggerating or deceiving. Sibling relationships become complex, involving competition and collaboration. Your courage in business ventures brings rapid gains. Yet nervous exhaustion and ethical lapses may cause setbacks. Ultimately, you learn that authentic communication builds enduring bridges, transforming your manipulative tendencies into powerful advocacy, and winning allies through honesty rather than cunning."
Scorpio,Jupiter,68,84,2,Pisces,"During this Dasha period, you will experience expansion of wealth and family blessings. The placement of Jupiter in the second house suggests generous speech, inherited prosperity, and a wise family. Your income grows through teaching, counseling, or financial wisdom. Family relationships deepen with shared resources. Delicious food and comfort abound. This is an excellent time for investments, family reunions, and charitable giving. Your words inspire trust and attract wealth. Ultimately, you build a legacy of abundance and wisdom, nurturing your family with both material and spiritual riches, and earning respect for your integrity.","The placement of Jupiter in Pisces suggests a Mahadasha of compassionate wealth and mystical family bonds. Your speech heals and inspires, attracting prosperity through service and wisdom. Inheritances and family support bring comfort. Your generosity uplifts your entire clan. Yet over-optimism about finances may cause losses. Your values prioritize spiritual over material wealth. Ultimately, you become the benevolent patriarch or matriarch, whose abundance flows from faith and whose family thrives under your expansive, compassionate care, creating a legacy of love and prosperity."
Scorpio,Saturn,84,103,12,Capricorn,"During this Dasha period, you will experience karmic isolation and spiritual discipline. The placement of Saturn in the twelfth house suggests foreign residence, chronic expenses, and profound meditative depth. Your ego dissolves through solitude and service. Hidden enemies may cause anxiety. Health requires rest and retreat. This is a time of karmic release, where you confront the results of past actions. Ultimately, you achieve liberation through surrender, transforming loneliness into spiritual solitude, and finding peace in the quiet depths of your own being, free from worldly attachments and desires.","The placement of Saturn in Capricorn suggests a Mahadasha of disciplined spiritual retreat and karmic reckoning. You will face isolation, perhaps in foreign lands or ashrams, with remarkable endurance. Expenses drain resources, teaching detachment. Your meditation deepens through austerity. Hidden enemies reveal past-life debts. Health requires solitude and care. Ultimately, you emerge from this period purified, your karma cleared through patient suffering, becoming a beacon of spiritual wisdom for others navigating the dark night of the soul."
Scorpio,Mercury,103,120,10,Gemini,"During this Dasha period, you will experience brilliant career communication and intellectual authority. The placement of Mercury in the tenth house suggests success in writing, media, or education, and recognition from government. Your professional reputation for wit and adaptability attracts powerful patrons. Business ventures in communication thrive. However, nervous exhaustion and ethical dilemmas may challenge you. This is an excellent time for publishing, consulting, and leading through intellect. Your name becomes synonymous with cleverness and reliability, attracting wealth, honors, and lasting professional fulfillment throughout this culminating period of public achievement.","The placement of Mercury in Gemini suggests a Mahadasha of versatile professional brilliance and intellectual fame. You will excel in multiple careers simultaneously, becoming a master communicator. Your ideas shape industries and public opinion. Government and corporate recognition bring wealth and status. Yet scattered focus may dilute your impact. Siblings and colleagues play key roles in your rise. Ultimately, your legacy as a genius of communication and innovation brings enduring prosperity, proving that the pen and tongue can build empires of lasting influence and respect."
Sagittarius,Ketu,0,7,4,Pisces,"During this Dasha period, you will experience detachment from home and emotional security. The placement of Ketu in the fourth house suggests relocation, estrangement from mother, and inner homelessness. Property matters dissolve or become irrelevant. Your heart seeks spiritual sanctuary rather than physical comfort. This is a time of karmic release regarding family expectations. Ultimately, you find true peace within, transforming emotional detachment into spiritual freedom. Your mother's influence may be distant but profound, teaching you that home is where the soul rests, not where the body resides.","The placement of Ketu in Pisces suggests a Mahadasha of mystical domestic detachment and karmic release from maternal bonds. You will feel like a wanderer, seeking home in spiritual realms rather than physical structures. Your mother may be absent or spiritually inclined. Property losses free you from attachment. Meditation becomes your true dwelling. Ultimately, you transcend the need for external belonging, finding profound peace in the infinite space of your own consciousness, and teaching others that home is a state of being, not a place."
Sagittarius,Venus,7,27,6,Taurus,"During this Dasha period, you will experience pleasure through service and health improvements. The placement of Venus in the sixth house suggests harmonious workplace relationships, healing through beauty, and romantic connections with colleagues. Your service is graceful and artistic. Enemies become friends through charm. Health issues resolve through aesthetic therapies. This is an excellent time for medical aesthetics, counseling, and creating beauty in daily routines. Your kindness to subordinates earns loyalty. Ultimately, you find joy in selfless service, transforming work into worship and health into a canvas of grace and pleasure.","The placement of Venus in Taurus suggests a Mahadasha of aesthetic service and prosperous health. You will find beauty in daily work, attracting wealth through graceful service. Workplace relationships become harmonious, and competitors soften before your charm. Your health improves through sensual pleasures like good food and massage. Yet indulgence may cause imbalances. Your service to others becomes a form of art, earning recognition and financial reward. Ultimately, you prove that beauty and duty can coexist, transforming the mundane into the sacred through loving attention."
Sagittarius,Sun,27,33,10,Aries,"During this Dasha period, you will experience magnificent career authority and public recognition. The placement of Sun in the tenth house suggests promotion, government honors, and paternal pride. Your leadership is undeniable, commanding respect from all quarters. Your name shines in your profession, attracting lucrative opportunities. Father's influence elevates your status. However, ego clashes with superiors may create temporary setbacks. This is an excellent time for political aspirations, corporate leadership, and achieving lasting fame. Ultimately, you attain the pinnacle of professional success through confident, ethical authority.","The placement of Sun in Aries suggests a Mahadasha of pioneering professional leadership and radiant public achievement. You will initiate bold ventures, inspiring your field with courageous innovation. Government and corporate recognition bring wealth and honor. Your father's legacy empowers your rise. Yet arrogance may create powerful enemies. Physical vitality supports your ambitions. Ultimately, you achieve legendary career status through authentic leadership, becoming a beacon of success whose light illuminates your entire industry and fulfills your soul's highest professional aspirations."
Sagittarius,Moon,33,43,8,Cancer,"During this Dasha period, you will experience emotional transformation through crisis and occult matters. The placement of Moon in the eighth house suggests intense dreams, inheritance through mother, and emotional upheaval in intimacy. Your intuition penetrates hidden truths. Psychological healing brings profound growth. However, mood swings and depression may plague you. This is an excellent time for depth psychology, tantric practice, and healing ancestral trauma. Ultimately, you experience emotional rebirth, transforming pain into wisdom, and emerging as a healer of souls through your profound understanding of life's darkest mysteries and deepest emotional currents.","The placement of Moon in Cancer suggests a Mahadasha of profound emotional mysticism and inherited intuition. You will experience the divine feminine through dreams and psychic sensitivity. Inheritance or spouse's wealth brings emotional security. Your intuition about hidden matters is extraordinary. Yet emotional volatility may destabilize relationships. Water rituals and meditation on death bring peace. Ultimately, you transform emotional suffering into spiritual power, becoming a guide for others navigating the underworld of the psyche, and emerging reborn with profound compassion and wisdom."
Sagittarius,Mars,43,50,12,Libra,"During this Dasha period, you will experience hidden energy and spiritual battles. The placement of Mars in the twelfth house suggests secret enemies, foreign conflicts, and intense meditative discipline. Your courage turns inward, fighting subconscious demons. Expenses related to health or foreign matters arise. This is an excellent time for martial arts, solitary retreat, and serving the underprivileged. Your energy is best spent in spiritual practice rather than worldly competition. Ultimately, you conquer your greatest enemy—your own mind—achieving liberation through courageous introspection and selfless service to those suffering in hidden realms.","The placement of Mars in Libra suggests a Mahadasha of strategic spiritual warfare and hidden diplomatic battles. You will fight secret enemies through subtle means, winning through patience and intelligence. Foreign conflicts require careful navigation. Your meditation intensifies, burning away karmic impurities. Expenses on health and charity drain resources. Yet your courage in solitude earns spiritual merit. Ultimately, you become a spiritual warrior, conquering the darkness within and without, and emerging as a beacon of light for those lost in the hidden recesses of existence."
Sagittarius,Rahu,50,68,2,Capricorn,"During this Dasha period, you will experience ambition in wealth and family matters. The placement of Rahu in the second house suggests sudden financial gains through unconventional means, manipulative speech, and family discord over money. Your desire for wealth becomes obsessive. Foreign income brings profit but ethical dilemmas. This is a time of karmic lessons in values. Ultimately, you learn that true wealth lies in integrity, not accumulation. Transforming your ambition into ethical earning brings lasting prosperity and family harmony, freeing you from the endless cycle of greed and fear.","The placement of Rahu in Capricorn suggests a Mahadasha of ambitious financial strategy and karmic family dynamics. You will pursue wealth relentlessly, sometimes through deception or foreign schemes. Sudden gains alternate with losses. Family relationships strain under financial pressures. Your speech manipulates to win advantage. Yet this placement grants exceptional financial cunning. Ultimately, you learn that sustainable wealth requires transparency and generosity. Transforming your hunger into ethical abundance brings not just riches, but the peace that money alone cannot buy."
Sagittarius,Jupiter,68,84,1,Pisces,"During this Dasha period, you will experience expansive personal growth and spiritual radiance. The placement of Jupiter in the first house suggests a wise, generous personality, physical well-being, and divine protection. Your presence inspires others. Teaching and guiding become natural. Your faith in life attracts abundant opportunities. This is an excellent time for self-development, spiritual practice, and becoming a beacon of wisdom. Your optimism is contagious, drawing followers and prosperity. Ultimately, you embody the guru archetype, living your truth with grace, and uplifting everyone you encounter through your magnanimous spirit and profound spiritual wisdom.","The placement of Jupiter in Pisces suggests a Mahadasha of mystical self-expansion and compassionate presence. You will radiate spiritual wisdom, attracting seekers and blessings effortlessly. Your body becomes a temple of divine grace. Yet over-optimism about your capacity may cause exhaustion. Your generosity inspires others to give. Ultimately, you embody the union of self and universe, proving that true growth is spiritual, and that a life lived in faith and service becomes a blessing to all beings, radiating peace and abundance."
Sagittarius,Saturn,84,103,11,Capricorn,"During this Dasha period, you will experience disciplined gains and karmic social responsibilities. The placement of Saturn in the eleventh house suggests slow but steady fulfillment of desires, gains through elders, and leadership in organizations. Your network expands through duty, not charm. Friends become teachers of patience. Income grows through persistent effort. This is an excellent time for long-term investments, community leadership, and building lasting alliances. Ultimately, you achieve your ambitions through integrity and endurance, proving that true success is built on the foundation of time, effort, and unwavering commitment to collective goals.","The placement of Saturn in Capricorn suggests a Mahadasha of structured social achievement and karmic networking. You will rise within organizations through reliability and hard work, earning respect from influential elders. Income accumulates slowly but securely. Friendships are few but deep. Your leadership is conservative yet effective. Yet loneliness may accompany success. Ultimately, you build a legacy of social contribution, transforming ambition into service, and proving that lasting gains come to those who honor time, duty, and the wisdom of experience."
Sagittarius,Mercury,103,120,12,Gemini,"During this Dasha period, you will experience intellectual introspection and spiritual communication. The placement of Mercury in the twelfth house suggests hidden learning, foreign correspondence, and meditative writing. Your thoughts turn inward, exploring subconscious realms. Dreams bring messages. Charity through communication—teaching the underprivileged—brings peace. However, nervous anxiety and sleep issues may arise. This is an excellent time for journaling, dream analysis, and studying mystical texts. Ultimately, your intellect serves the soul's liberation, transforming confusion into clarity through silent contemplation and selfless service to hidden dimensions of existence.","The placement of Mercury in Gemini suggests a Mahadasha of versatile spiritual communication and hidden intellectual pursuits. You will explore mystical texts and foreign philosophies, synthesizing knowledge in solitude. Your writing becomes a channel for subconscious wisdom. Dreams and intuition guide your studies. Yet scattered focus and anxiety may disturb meditation. Your communication serves the voiceless. Ultimately, your intellect dissolves into spiritual understanding, proving that true knowledge is silent, and that the mind, when surrendered, becomes a vessel for divine wisdom and compassionate action."
Capricorn,Ketu,0,7,3,Pisces,"During this Dasha period, you will experience detachment from communication and siblings. The placement of Ketu in the third house suggests estrangement from brothers or sisters, loss of interest in writing, and spiritual courage emerging from silence. Short journeys feel purposeless. Your words become minimal but profound. This is a time of karmic release regarding self-expression. Ultimately, you learn that true communication is telepathic, and that courage lies in silence. Your siblings may drift away, freeing you to find your soul's voice beyond words, in the quiet depths of meditative awareness.","The placement of Ketu in Pisces suggests a Mahadasha of mystical silence and karmic release from sibling bonds. You will lose interest in mundane communication, seeking expression through art or meditation. Brothers or sisters become distant, teaching you self-reliance. Your courage is quiet, enduring without complaint. Short journeys bring spiritual insights rather than material gain. Ultimately, you transcend the need for verbal expression, communicating through presence and compassion. Your silence speaks louder than words, touching hearts with the profound peace of one who has released all unnecessary noise."
Capricorn,Venus,7,27,5,Taurus,"During this Dasha period, you will experience romantic bliss and creative abundance. The placement of Venus in the fifth house suggests a beautiful love affair, artistic inspiration, and fortunate children. Your creativity blossoms, attracting recognition and pleasure. Romance is playful and passionate. Investments in art or entertainment prosper. This is an excellent time for falling in love, having children, and pursuing artistic passions. Your charm wins admirers and opportunities. Ultimately, you create a life of beauty and joy, transforming desire into art, and love into lasting creative legacy that inspires generations.","The placement of Venus in Taurus suggests a Mahadasha of sensual creativity and prosperous romance. Your love life is passionate and stable, attracting a partner who shares your appreciation for beauty. Children bring joy and artistic talent. Your creative output flourishes, earning both fame and wealth. Yet indulgence in pleasure may distract from duty. Your charisma opens doors to opportunity. Ultimately, you embody the marriage of art and love, proving that pleasure, when channeled creatively, becomes a path to prosperity and spiritual fulfillment, blessing all who encounter your radiant joy."
Capricorn,Sun,27,33,6,Aries,"During this Dasha period, you will experience authoritative service and victory over enemies. The placement of Sun in the sixth house suggests government employment, success in litigation, and dominance over competitors. Your leadership in daily work is undeniable. Health issues related to heart or eyes may arise. This is an excellent time for medical careers, military service, and defeating adversaries through righteous authority. Your father's guidance helps overcome obstacles. Ultimately, you achieve victory through disciplined action, transforming enemies into allies through ethical strength, and earning recognition for your courageous, unwavering service to duty.","The placement of Sun in Aries suggests a Mahadasha of pioneering service and bold competition. You will fight enemies with courage and authority, winning through direct action. Government or corporate recognition elevates your status. Health requires attention to inflammation and stress. Your father's example inspires your work ethic. Yet arrogance toward subordinates may create resentment. Ultimately, you achieve victory through ethical leadership, proving that true authority serves others, and that a warrior's greatest conquest is the mastery of self in the line of duty."
Capricorn,Moon,33,43,7,Cancer,"During this Dasha period, you will experience emotional fulfillment through marriage and partnership. The placement of Moon in the seventh house suggests a nurturing spouse, public popularity, and emotional satisfaction in relationships. Your empathy attracts loyal partners. Business partnerships prosper through emotional intelligence. However, mood swings may strain marriage. This is an excellent time for deepening intimacy, counseling, and public relations. Your ability to understand others' feelings makes you a beloved partner and negotiator. Ultimately, you create harmonious unions built on emotional honesty, mutual care, and the nurturing of shared dreams.","The placement of Moon in Cancer suggests a Mahadasha of profoundly nurturing partnership and emotional marriage. Your spouse embodies maternal care, creating a home filled with love. Public dealings bring emotional rewards as you connect deeply with others. Your intuition about partners is sharp. Yet dependency and moodiness may cause tension. Business partnerships thrive through empathy. Ultimately, you experience marriage as a sacred container for emotional healing, transforming relationship into a path of spiritual growth and unconditional love, blessing both partners with profound intimacy."
Capricorn,Mars,43,50,8,Libra,"During this Dasha period, you will experience intense transformation through conflict and hidden matters. The placement of Mars in the eighth house suggests sudden crises, inheritance disputes, and powerful occult energies. Your courage in the face of death and danger is extraordinary. Sexual intensity deepens. This is an excellent time for research, surgery, and tantric practice. However, accidents and chronic health issues may arise. Ultimately, you transform through crisis, emerging with profound wisdom about life's hidden forces. Your aggression becomes a tool for spiritual excavation, unearthing treasures buried in the darkness of the subconscious.","The placement of Mars in Libra suggests a Mahadasha of strategic transformation and karmic battles over shared resources. You will fight for inheritance or insurance with cunning determination. Intimacy becomes a battlefield and a path to liberation. Your courage in crisis inspires others. Yet recklessness may cause injury. Research and occult studies deepen. Ultimately, you learn that true power lies in surrender to transformation, and that by facing death and desire with courage, you unlock the secrets of rebirth, emerging purified and profoundly wise."
Capricorn,Rahu,50,68,1,Capricorn,"During this Dasha period, you will experience dramatic personal transformation and ambitious self-reinvention. The placement of Rahu in the first house suggests sudden changes in appearance, identity, and life direction. Your charisma is magnetic but unsettling. Obsession with self-image drives your actions. This is a time of karmic identity lessons, where you confront who you truly are beneath social masks. Ultimately, you emerge reborn, having integrated your shadow, and become a powerful, authentic individual whose presence commands attention and whose ambition serves a higher purpose beyond ego.","The placement of Rahu in Capricorn suggests a Mahadasha of ambitious self-assertion and karmic identity formation. You will reinvent yourself repeatedly, climbing toward your goals with relentless drive. Your personal magnetism attracts both followers and enemies. Obsession with status may cause ethical lapses. Yet this placement grants exceptional adaptability. Health requires moderation. Ultimately, you achieve extraordinary personal power, transforming your hunger for recognition into authentic leadership, and becoming a force of nature whose very existence inspires others to pursue their own greatness."
Capricorn,Jupiter,68,84,12,Pisces,"During this Dasha period, you will experience expansive spiritual growth and foreign blessings. The placement of Jupiter in the twelfth house suggests a wise guru in foreign lands, profound meditation experiences, and charitable abundance. Your dreams are prophetic. Expenses on spiritual pursuits bring unexpected returns. This is an excellent time for pilgrimage, retreat, and serving the underprivileged. Your faith protects you in isolation. Ultimately, you achieve liberation through surrender, transforming hidden wealth into spiritual treasure, and becoming a beacon of compassion for those lost in the darkness of material illusion.","The placement of Jupiter in Pisces suggests a Mahadasha of mystical abundance and compassionate surrender. You will experience divine grace in solitude and foreign lands, attracting spiritual wealth effortlessly. Your generosity flows to the forgotten. Dreams guide your charity. Yet over-optimism about hidden matters may cause losses. Your faith is your greatest treasure. Ultimately, you embody the boundless compassion of the universe, proving that true wealth is spiritual, and that by giving without expectation, you receive the infinite grace of liberation and eternal peace."
Capricorn,Saturn,84,103,1,Capricorn,"During this Dasha period, you will experience disciplined personal authority and karmic self-reliance. The placement of Saturn in the first house suggests a serious demeanor, physical endurance, and leadership earned through hardship. Your identity is forged in the crucible of duty. Health requires attention to bones and joints. This is an excellent time for self-discipline, long-term goals, and becoming a pillar of strength for others. Your maturity is unmatched. Ultimately, you achieve lasting success through unwavering commitment to your principles, embodying the wisdom of time itself, and earning profound respect for your integrity and resilience.","The placement of Saturn in Capricorn suggests a Mahadasha of ultimate self-mastery and karmic authority. You will embody discipline and responsibility, becoming a living example of integrity. Your body reflects your austere lifestyle, requiring care but enduring much. Leadership comes naturally through earned respect. Yet loneliness and rigidity may burden you. Ultimately, you achieve the pinnacle of personal achievement through patient effort, becoming the wise elder whose counsel is sought by many, and whose life stands as a testament to the power of perseverance and ethical strength."
Capricorn,Mercury,103,120,2,Gemini,"During this Dasha period, you will experience intellectual prosperity and communicative wealth. The placement of Mercury in the second house suggests financial gains through writing, teaching, or trade. Your speech is brilliant and persuasive, attracting wealth and respect. Family relationships involve intellectual exchange. Investments in communication prosper. This is an excellent time for business, publishing, and family enterprises. Your ability to articulate value attracts abundance. Ultimately, you build lasting wealth through the power of your words and mind, creating a legacy of intellectual and material prosperity that nourishes your family for generations.","The placement of Mercury in Gemini suggests a Mahadasha of versatile financial intelligence and prosperous communication. You will earn through multiple streams, articulating value effortlessly. Your speech charms and persuades, attracting wealth and loyalty. Family becomes a think tank, generating ideas for collective prosperity. Yet scattered focus may dilute financial impact. Siblings play key roles in business. Ultimately, you create an empire built on words and ideas, proving that the mind, when sharpened and ethical, becomes the greatest generator of wealth and family harmony."
Aquarius,Ketu,0,7,2,Pisces,"During this Dasha period, you will experience detachment from wealth and family expectations. The placement of Ketu in the second house suggests financial losses that liberate, estrangement from family, and speech that becomes sparse but profound. Your values shift from material to spiritual. Inheritance may dissolve. This is a time of karmic release regarding security. Ultimately, you learn that true wealth is spiritual, and that by letting go of possessions and pride, you discover the imperishable treasure of inner peace. Your family may not understand your path, but your soul knows the way.","The placement of Ketu in Pisces suggests a Mahadasha of mystical poverty and karmic release from material attachment. You will lose interest in accumulating wealth, finding riches in simplicity. Your speech becomes a conduit for spiritual wisdom rather than worldly negotiation. Family relationships may feel distant, yet your compassion for all beings deepens. Financial losses free you from fear. Ultimately, you embody the truth that less is more, and that by emptying yourself of greed, you become a vessel for infinite abundance, nourishing others through your profound spiritual wealth."
Aquarius,Venus,7,27,4,Taurus,"During this Dasha period, you will experience domestic bliss and aesthetic abundance. The placement of Venus in the fourth house suggests a beautiful home, a loving mother, and romantic comfort. Your living space becomes a sanctuary of art and pleasure. Property investments prosper. Family relationships are harmonious and luxurious. This is an excellent time for buying real estate, redecorating, and enjoying domestic pleasures. Your mother's love brings wealth. Ultimately, you create a home that is a masterpiece of comfort and beauty, a haven where love flourishes and where your soul finds profound rest and creative inspiration.","The placement of Venus in Taurus suggests a Mahadasha of luxurious domesticity and maternal abundance. Your home becomes a palace of sensual delights, filled with art, music, and gourmet food. Your mother or wife brings prosperity and beauty. Real estate investments yield significant returns. Yet attachment to comfort may cause stagnation. Family life is harmonious, and your generosity creates a warm, inviting atmosphere. Ultimately, you establish a legacy of domestic beauty and emotional abundance, proving that home, when nurtured with love and art, becomes the greatest source of happiness and prosperity."
Aquarius,Sun,27,33,7,Aries,"During this Dasha period, you will experience authoritative partnerships and public recognition. The placement of Sun in the seventh house suggests a powerful spouse, successful business partnerships, and government favor through marriage. Your leadership in relationships is dominant. Legal matters favor you. This is an excellent time for marriage to an influential partner, business expansion, and public dealings. Your reputation grows through partnership. However, ego clashes with spouse may create tension. Ultimately, you achieve success through collaboration, balancing personal authority with partnership diplomacy, and creating unions that empower both individuals to shine.","The placement of Sun in Aries suggests a Mahadasha of pioneering partnership and bold public authority. Your spouse or business partner embodies courage and leadership, matching your own intensity. Together, you achieve remarkable success. Government recognition arrives through partnership. Yet dominance struggles may strain the union. Your public presence commands respect. Ultimately, you learn that true power is shared, and that the strongest partnerships are those where both individuals shine without diminishing the other, creating a legacy of collaborative greatness and mutual respect."
Aquarius,Moon,33,43,6,Cancer,"During this Dasha period, you will experience emotional fulfillment through service and health. The placement of Moon in the sixth house suggests nurturing workplace relationships, healing through empathy, and emotional satisfaction from helping others. Your intuition about health matters is sharp. Enemies soften before your compassion. This is an excellent time for healthcare, counseling, and charitable service. Your mood swings may affect digestion. Ultimately, you find profound emotional peace through selfless service, transforming daily work into a spiritual practice, and healing both yourself and others through the nurturing power of your empathetic heart.","The placement of Moon in Cancer suggests a Mahadasha of compassionate service and emotional healing. You will nurture the sick and suffering, finding deep satisfaction in caregiving. Your workplace becomes a family. Intuition guides you to diagnose hidden issues. Yet over-sensitivity to coworkers may cause stress. Health requires emotional balance. Ultimately, you embody the healing mother archetype, proving that true medicine is love, and that by serving others with emotional intelligence, you heal your own soul and create a ripple of compassion throughout the world."
Aquarius,Mars,43,50,5,Libra,"During this Dasha period, you will experience dynamic creativity and passionate romance. The placement of Mars in the fifth house suggests bold artistic expression, competitive sports, and strong-willed children. Your romantic encounters are intense and transformative. Investments in speculation may yield sudden gains or losses. This is an excellent time for leadership in creative fields, athletic coaching, and passionate love affairs. Your children challenge and inspire you. Ultimately, you channel desire into creative brilliance, transforming passion into art, and proving that the fire of Mars, when disciplined by love, produces genius and joy.","The placement of Mars in Libra suggests a Mahadasha of strategic creativity and fair-minded passion. You will fight for your artistic vision with courage and diplomacy. Romantic relationships involve power struggles resolved through compromise. Your children display strong wills, teaching you patience. Speculative investments require careful strategy. Yet your creative output is brilliant and bold. Ultimately, you learn that true creativity balances passion with harmony, and that love, when tempered with fairness, becomes a source of profound inspiration and lasting artistic achievement."
Aquarius,Rahu,50,68,12,Capricorn,"During this Dasha period, you will experience hidden ambition and karmic isolation. The placement of Rahu in the twelfth house suggests foreign residence, secret enemies, and obsessive spiritual seeking. Your dreams are vivid and prophetic. Expenses on foreign matters drain resources. This is a time of karmic release, where you confront the hidden aspects of your psyche. Ultimately, you achieve liberation through surrender, transforming isolation into profound meditation, and discovering that the greatest treasure lies hidden in the darkness of your own being, waiting to be uncovered through patient inner work.","The placement of Rahu in Capricorn suggests a Mahadasha of ambitious spiritual seeking and karmic foreign entanglements. You will pursue enlightenment with obsessive intensity, sometimes through unconventional means. Foreign lands bring both opportunity and isolation. Hidden enemies reveal your own shadows. Expenses on retreats and charities mount. Yet your dreams guide you toward liberation. Ultimately, you learn that true spiritual power requires humility, and that by surrendering your ambition to the divine, you transform hidden desires into profound wisdom and compassionate service to all beings."
Aquarius,Jupiter,68,84,11,Pisces,"During this Dasha period, you will experience expansive gains and spiritual community. The placement of Jupiter in the eleventh house suggests fulfillment of desires, wise friends, and abundance through networks. Your generosity attracts wealth and loyal allies. Elder siblings bring blessings. Charitable giving multiplies your prosperity. This is an excellent time for community leadership, fundraising, and spiritual group practice. Your optimism inspires collective action. Ultimately, you achieve your dreams through the support of a loving community, transforming personal ambition into collective upliftment, and proving that true wealth is shared and spiritual.","The placement of Jupiter in Pisces suggests a Mahadasha of compassionate community abundance and mystical networking. You will attract wise, generous friends who support your spiritual and material growth. Your income flows through charitable and artistic channels. Elder siblings become benefactors. Your dreams guide your investments. Yet over-optimism about friends may cause disappointment. Ultimately, you embody the spirit of sangha, proving that spiritual community is the greatest wealth, and that by giving generously, you receive infinitely more, creating a legacy of shared prosperity and collective liberation."
Aquarius,Saturn,84,103,2,Capricorn,"During this Dasha period, you will experience disciplined wealth and karmic family responsibility. The placement of Saturn in the second house suggests slow financial accumulation, family burdens, and speech that is serious and authoritative. Your words carry weight. Investments require patience. Family duties consume resources but build lasting security. This is an excellent time for long-term savings, real estate, and providing for dependents. Your frugality ensures survival through lean times. Ultimately, you build enduring wealth through discipline and integrity, becoming the reliable provider whose family thrives because of your unwavering commitment to duty and your wise stewardship of resources.","The placement of Saturn in Capricorn suggests a Mahadasha of structured prosperity and karmic family karma. You will accumulate wealth slowly but securely, becoming the financial pillar of your family. Your speech is measured and wise, earning respect. Family responsibilities weigh heavily but bring profound satisfaction. Investments in land and traditional assets prosper. Yet austerity may deny you simple pleasures. Ultimately, you create a legacy of financial wisdom and family stability, proving that true wealth is built on patience, integrity, and unwavering commitment to those you love."
Aquarius,Mercury,103,120,3,Gemini,"During this Dasha period, you will experience brilliant communication and successful sibling ventures. The placement of Mercury in the third house suggests writing success, media recognition, and profitable short journeys. Your wit and adaptability win arguments and negotiations. Siblings become valuable business partners. This is an excellent time for publishing, teaching, and entrepreneurial ventures in communication. Your courage in speech attracts opportunities. Ultimately, you achieve prosperity through the power of your intellect, transforming ideas into wealth and creating a legacy of intellectual brilliance that inspires your community and uplifts your family.","The placement of Mercury in Gemini suggests a Mahadasha of versatile communication and prosperous sibling collaboration. You will excel in writing, speaking, and networking, earning fame and fortune. Short journeys bring unexpected opportunities. Siblings become intellectual allies, creating profitable ventures together. Yet scattered focus may dilute your impact. Your wit opens doors everywhere. Ultimately, you become a master communicator whose words build bridges, businesses, and bonds, proving that the intellect, when sharpened and shared, becomes a source of boundless prosperity and joy."
Pisces,Ketu,0,7,1,Pisces,"During this Dasha period, you will experience detachment from personal identity and physical body. The placement of Ketu in the first house suggests loss of interest in appearance, health issues that dissolve the ego, and a magnetic spiritual presence. Your personality becomes transparent, a window to the infinite. Others may find you elusive. This is a time of karmic release regarding self-image. Ultimately, you realize you are not the body or mind, achieving profound liberation through the dissolution of identity. Your physical presence, stripped of ego, radiates the peace of pure consciousness.","The placement of Ketu in Pisces suggests a Mahadasha of mystical self-dissolution and spiritual transcendence. You will lose attachment to your personal story, merging with universal consciousness. Your body may experience unusual symptoms, teaching you detachment. Others perceive you as ethereal, even otherworldly. Physical vitality fluctuates. Yet your spiritual presence is magnetic. Ultimately, you embody the truth that the self is infinite, and by releasing identification with form, you become a vessel for divine grace, blessing all who encounter your liberated, radiant emptiness."
Pisces,Venus,7,27,3,Taurus,"During this Dasha period, you will experience pleasure through communication and artistic expression. The placement of Venus in the third house suggests beautiful writing, harmonious sibling relationships, and romantic short journeys. Your words are charming and persuasive. Creative hobbies bring joy and income. Siblings may introduce you to love interests. This is an excellent time for publishing, media, and artistic collaboration with brothers or sisters. Your charisma wins negotiations. Ultimately, you find joy in everyday beauty, transforming communication into art and daily interactions into sources of pleasure and prosperity.","The placement of Venus in Taurus suggests a Mahadasha of aesthetic communication and prosperous sibling harmony. Your writing and speech are beautiful, attracting wealth and admiration. Siblings become beloved companions and business allies. Short journeys bring romantic encounters and financial opportunities. Your creative talents flourish in media and art. Yet indulgence in gossip may cause minor issues. Ultimately, you create a life filled with beauty and connection, proving that art and communication, when infused with love, become sources of lasting joy and abundance for you and those around you."
Pisces,Sun,27,33,5,Aries,"During this Dasha period, you will experience radiant creativity and authoritative romance. The placement of Sun in the fifth house suggests brilliant artistic output, leadership in education, and powerful children. Your charisma attracts admiration and success. Investments in speculation prosper through confidence. This is an excellent time for teaching, performing, and falling in love with someone influential. Your father's blessings empower your creativity. Ultimately, you shine as a creative authority, transforming passion into art and love into legacy, proving that self-expression, when illuminated by the soul, becomes a source of profound fulfillment and lasting fame.","The placement of Sun in Aries suggests a Mahadasha of pioneering creativity and bold romance. You will blaze new artistic trails, earning recognition for your unique vision. Your children embody courage and leadership, making you proud. Romantic pursuits are passionate and direct. Speculative ventures succeed through daring. Yet arrogance may blind you to others' contributions. Ultimately, you create a legacy of brilliant self-expression, proving that true creativity is an act of courage, and that love, when expressed boldly, transforms both artist and audience."
Pisces,Moon,33,43,10,Cancer,"During this Dasha period, you will experience emotional fulfillment through career and public nurturing. The placement of Moon in the tenth house suggests a caring professional image, popularity with women, and emotional intelligence in leadership. Your career involves nurturing others. Mother's influence shapes your profession. Public recognition comes through empathy. However, mood swings may affect professional consistency. This is an excellent time for healthcare leadership, education, and public service. Ultimately, you achieve eminence through compassionate authority, proving that the best leaders are those who nurture, and that success, when shared with care, becomes a blessing for all.","The placement of Moon in Cancer suggests a Mahadasha of nurturing public leadership and emotional career fulfillment. You will lead with empathy, becoming a beloved figure in your profession. Your intuitive understanding of public needs brings success. Women and mothers play key roles in your advancement. Your reputation for care attracts loyal clients and supporters. Yet over-sensitivity to criticism may cause professional anxiety. Ultimately, you achieve eminence through emotional intelligence, proving that gentle strength and maternal wisdom can command respect and lasting success, blessing your entire community."
Pisces,Mars,43,50,11,Libra,"During this Dasha period, you will experience dynamic gains through networks and bold ambitions. The placement of Mars in the eleventh house suggests aggressive pursuit of goals, conflicts with friends, and sudden financial gains through courage. Your leadership within groups is assertive. Elder siblings may challenge you. This is an excellent time for entrepreneurship, political activism, and earning through competition. Your determination to achieve desires is unstoppable, but must be balanced with diplomacy to avoid alienating allies. Ultimately, you manifest ambitions through courageous networking and bold action, proving that success comes to those who dare.","The placement of Mars in Libra suggests a Mahadasha of strategic social ambition and fair-minded aggression. You will fight for your dreams within group contexts, winning support through courageous diplomacy. Friendships involve power struggles, yet yield financial rewards. Your income grows through assertive networking and competitive ventures. Elder siblings play pivotal roles. Yet impulsiveness in groups may cause conflicts. Ultimately, you achieve your goals through balanced assertiveness, proving that one can be both warrior and diplomat, winning allies and wealth through courageous fairness and unwavering determination."
Pisces,Rahu,50,68,2,Capricorn,"During this Dasha period, you will experience ambitious wealth accumulation and family transformation. The placement of Rahu in the second house suggests sudden financial gains through unconventional means, manipulative speech, and family discord over money. Your desire for wealth becomes obsessive. Foreign income brings profit but ethical dilemmas. This is a time of karmic lessons in values. Ultimately, you learn that true wealth lies in integrity, not accumulation. Transforming your ambition into ethical earning brings lasting prosperity and family harmony, freeing you from the endless cycle of greed and fear, and creating a legacy of abundance rooted in truth.","The placement of Rahu in Capricorn suggests a Mahadasha of ambitious financial strategy and karmic family dynamics. You will pursue wealth relentlessly, sometimes through deception or foreign schemes. Sudden gains alternate with losses. Family relationships strain under financial pressures. Your speech manipulates to win advantage. Yet this placement grants exceptional financial cunning. Ultimately, you learn that sustainable wealth requires transparency and generosity. Transforming your hunger into ethical abundance brings not just riches, but the peace that money alone cannot buy, and the family harmony that comes from shared values and mutual respect."
Pisces,Jupiter,68,84,6,Pisces,"During this Dasha period, you will experience growth through service and health recovery. The placement of Jupiter in the sixth house suggests victory over enemies through wisdom, healing of chronic illnesses, and success in litigation. Your compassion for the suffering attracts divine grace. However, over-optimism about diet and health may cause setbacks. This is an excellent time for medical careers, charity, and serving the underprivileged. Your generosity to employees and competitors earns karmic rewards, transforming adversaries into allies through benevolent strength and ethical conduct, and bringing profound spiritual merit.","The placement of Jupiter in Pisces suggests a Mahadasha of compassionate service and spiritual healing. You will dedicate yourself to helping others, finding profound meaning in selfless work. Chronic health issues resolve through faith and natural remedies. Yet martyrdom and overgiving may exhaust you. Workplace harmony improves as you forgive enemies. Your intuition guides you to effective healing modalities. Ultimately, this period blesses you with the wisdom that service to others is the highest dharma, bringing peace, spiritual merit, and the profound joy of alleviating suffering through boundless compassion and divine grace."
Pisces,Saturn,84,103,12,Capricorn,"During this Dasha period, you will experience karmic isolation and spiritual discipline. The placement of Saturn in the twelfth house suggests foreign residence, chronic expenses, and profound meditative depth. Your ego dissolves through solitude and service. Hidden enemies may cause anxiety. Health requires rest and retreat. This is a time of karmic release, where you confront the results of past actions. Ultimately, you achieve liberation through surrender, transforming loneliness into spiritual solitude, and finding peace in the quiet depths of your own being, free from worldly attachments and desires, and merging with the infinite.","The placement of Saturn in Capricorn suggests a Mahadasha of disciplined spiritual retreat and karmic reckoning. You will face isolation, perhaps in foreign lands or ashrams, with remarkable endurance. Expenses drain resources, teaching detachment. Your meditation deepens through austerity. Hidden enemies reveal past-life debts. Health requires solitude and care. Ultimately, you emerge from this period purified, your karma cleared through patient suffering, becoming a beacon of spiritual wisdom for others navigating the dark night of the soul, and embodying the profound peace of one who has surrendered all."
Pisces,Mercury,103,120,1,Gemini,"During this Dasha period, you will experience brilliant self-expression and intellectual identity. The placement of Mercury in the first house suggests a witty, communicative personality, success in self-promotion, and recognition for your intellect. Your words define you. Health of nerves and skin requires attention. This is an excellent time for entrepreneurship, writing, and public speaking. Your adaptability wins friends and opportunities. Ultimately, you achieve success through the power of your mind, transforming your identity into a brand of intellectual brilliance, and proving that the self, when expressed with clarity and wit, becomes a magnet for prosperity and admiration.","The placement of Mercury in Gemini suggests a Mahadasha of versatile self-expression and intellectual magnetism. You will embody communication, becoming known for your wit, adaptability, and genius. Your identity is tied to your ideas, attracting followers and opportunities. Health requires nervous system care. Yet scattered focus may dilute your impact. Your youthfulness endures. Ultimately, you create a legacy of intellectual brilliance, proving that the mind, when sharpened and shared, becomes the greatest source of personal power, prosperity, and lasting joy, blessing all who encounter your radiant intelligence."