zodiac,period,variant,content,lucky_number,lucky_color
ARIES,TODAY,0,"Aaj partner ke saath samay bitane ka mauka milega, purani galatfehmi door hogi. Dil ki baat khul kar kehna aaj aapke rishte ko mazboot banayega.","Career me aaj koi naya kaam shuru karne ka mauka mil sakta hai, senior ka sahyog milega. Jaldbazi na karein, soch samajh kar kadam uthayein.","Aaj sehat achhi rahegi, bas subah walk zaroor karein. Zyada thanda aur fried khane se bachein.","Aaj paisa aayega, kisi purane lend ka paisa wapas mil sakta hai. Lekin faltu kharch se bachein.","7","Red"
ARIES,TODAY,1,"Aaj prem jeevan me nayi urja aayegi, koi purana mitra mil sakta hai. Partner ki baat dhyan se sunein, jhagda ho sakta hai.","Office me aapki mehnat ki tareef hogi, promotion ke chances hain. Colleagues ke saath mil kar kaam karein.","Aaj thodi thakan mehsoos hogi, aaram karein. Paani adhik peeyein aur stress kam karein.","Aaj kharcha thoda zyada ho sakta hai, budget banayein. Kisi naye nivesh se pehle soch-vichar karein.","23","Orange"
ARIES,TODAY,2,"Aaj partner ke saath koi purana mamla sulah ho sakta hai. Rishte me vishwas badhega aur madhurta aayegi.","Career me aaj koi rukavat aa sakti hai, dhairya rakhein. Kisi colleague se salah lein to fayda hoga.","Aaj gale aur sans me halki takleef ho sakti hai. Garm kapde pehnein aur thanda na khayein.","Aaj paisa aayega par kharch bhi hoga. Kisi zaruratmand ki madad karein, punya milega.","11","Yellow"
ARIES,TODAY,3,"Aaj kisi khaas insaan se mulaqat hogi jo aapka din bana degi. Purane jhagde sulah ho sakte hain.","Aaj office me aapki raay ko mahatva milega. Kisi naye project ki zimmedari mil sakti hai.","Sehat ke liye aaj halka vyayam karein aur khub paani peeyein. Sir dard ho sakta hai.","Aaj aarthik sthiti majboot rahegi, koi purana karz chukane ka mauka milega.","5","Blue"
ARIES,TODAY,4,"Aaj partner ke saath chhoti baat par takraar ho sakti hai, shaant rahein. Raat ko sulah ho jayegi.","Career me aaj koi naya mauka milega, turant haan na kahein. Soch samajh kar nirnay lein.","Aaj pet me halki gadbad ho sakti hai, halka khana khayein. Bahar ka khana avoid karein.","Aaj paisa haath me aayega par kharch bhi tez hoga. Bachat par dhyan dein.","14","Green"
ARIES,TODAY,5,"Aaj prem jeevan me madhurta rahegi, partner ke saath ghoomne ka mauka milega. Kisi purane mitra se mulakat hogi.","Aaj office me aapki mehnat ki sarahna hogi. Senior aapki baat maanenge, confidence rakhein.","Aaj urja se bharpur rahenge, vyayam karne ka mann karega. Lekin zyada garmi se bachein.","Aaj kisi naye kaam me nivesh karne ka mauka milega, soch samajh kar haan kahein.","9","Red"
ARIES,TODAY,6,"Aaj partner ke saath koi naya rishta shuru ho sakta hai ya purana gahra ho sakta hai. Dil ki baat kehne me jhijhak na karein.","Career me aaj thodi bhaag-daud rahegi, meetings me vyast rahenge. Jaldbazi me galti na karein.","Aaj jodon me halka dard ho sakta hai, aaram karein. Subah ki dhoop aapke liye faydemand hai.","Aaj aarthik labh hoga, koi bonus ya gift mil sakta hai. Lekin kharch par niyantran rakhein.","3","Purple"
ARIES,TODAY,7,"Aaj partner aapko surprise de sakta hai, prem me nayi urja aayegi. Saath me kuch naya try karein.","Aaj career me koi bada faisla lena pad sakta hai, savdhani se sochеin. Kisi anubhavi se salah lein.","Aaj sehat achhi rahegi, bas subah ka nashta skip na karein. Fresh fruit khayein.","Aaj paisa aayega par kisi anavashyak cheez par kharch ho sakta hai. Ruk kar kharch karein.","18","Maroon"
ARIES,TODAY,8,"Aaj partner se koi purani baat chubh sakti hai, khul kar baat karein. Chhoti baat ko bada na banayein.","Career me aaj koi rukavat aa sakti hai, par dhairya se kaam lein. Koi purana project pura hoga.","Aaj mansik tanav ho sakta hai, meditation karein. Neend poori karein.","Aaj kisi dost se udhaar dene se bachein, warna paisa wapas nahi milega. Apne paise sambhal kar rakhein.","26","Grey"
ARIES,TODAY,9,"Aaj prem jeevan me shanti rahegi, partner ka sahyog milega. Kisi shubh karyakram me shirkat karne ka mauka milega.","Aaj office me aapki yojana ko sarahna milegi. Team ke saath milkar kaam karein to safalta milegi.","Aaj pet aur digestion ka dhyan rakhein, ghar ka khana khayein. Paani adhik peeyein.","Aaj aarthik sthiti sudhregi, koi purana nivesh fal dega. Nayi yojana banayein.","12","Yellow"
ARIES,TODAY,10,"Aaj partner ke saath koi shubh samachar sunne ko milega. Rishta aur mazboot hoga.","Aaj career me naya mauka milega, interview ya meeting me safalta milegi. Confidence se baat karein.","Aaj sharir me halki sustee rahegi, vyayam karein. Bahar ka khana avoid karein.","Aaj paisa aayega par kharch bhi hoga. Kisi ko daan karein to punya milega.","21","Pink"
ARIES,TODAY,11,"Aaj partner ki sehat ka dhyan rakhein, unke saath samay bitayein. Chhoti baat par jhagda na karein.","Aaj office me koi purana kaam pura hoga, senior khush honge. Naye project ki taiyari karein.","Aaj gale me halki kharish ho sakti hai, garm paani peekar rahat milegi. Zyada bolne se bachein.","Aaj koi purana lend wapas milega. Lekin naye nivesh se pehle achhi tarah soch lein.","8","White"
ARIES,TODAY,12,"Aaj prem jeevan me utar-chadhav rahega, partner se baat karke sab theek ho jayega. Sabr rakhein.","Aaj career me thodi deri ho sakti hai, par kaam poora hoga. Kisi colleague ki madad karein.","Aaj sir dard ho sakta hai, stress kam karein. Paani adhik peeyein aur aaram karein.","Aaj kharcha tez hoga, kisi bade nivesh se bachein. Budget banayein aur usi me rahein.","16","Blue"
ARIES,TODAY,13,"Aaj kisi purane rishte me nayi jaan aayegi, purane mitra se mulakat hogi. Dil ki baat kehne me jhijhak na karein.","Aaj office me aapki mehnat ki tareef hogi, promotion ke chances hain. Mehnat jaari rakhein.","Aaj sehat achhi rahegi, bas subah walk zaroor karein. Junk food avoid karein.","Aaj aarthik labh hoga, koi bonus ya gift mil sakta hai. Bachat par dhyan dein.","4","Green"
ARIES,TODAY,14,"Aaj partner ke saath koi naya plan banega, ghoomne ka mauka milega. Saath me samay bitayein.","Aaj career me koi naya mauka milega, turant haan na kahein. Soch samajh kar nirnay lein.","Aaj thodi thakan mehsoos hogi, aaram karein. Neend poori karein aur stress kam karein.","Aaj paisa aayega par kharch bhi hoga. Kisi zaruratmand ki madad karein, punya milega.","19","Orange"
ARIES,TODAY,15,"Aaj prem jeevan me shanti rahegi, partner ka sahyog milega. Kisi shubh karyakram me shirkat karne ka mauka milega.","Aaj office me aapki yojana ko sarahna milegi. Team ke saath milkar kaam karein to safalta milegi.","Aaj pet aur digestion ka dhyan rakhein, ghar ka khana khayein. Paani adhik peeyein.","Aaj aarthik sthiti sudhregi, koi purana nivesh fal dega. Nayi yojana banayein.","2","Yellow"
ARIES,TODAY,16,"Aaj partner ke saath koi shubh samachar sunne ko milega. Rishta aur mazboot hoga.","Aaj career me naya mauka milega, interview ya meeting me safalta milegi. Confidence se baat karein.","Aaj sharir me halki sustee rahegi, vyayam karein. Bahar ka khana avoid karein.","Aaj paisa aayega par kharch bhi hoga. Kisi ko daan karein to punya milega.","27","Pink"
ARIES,TODAY,17,"Aaj partner ki sehat ka dhyan rakhein, unke saath samay bitayein. Chhoti baat par jhagda na karein.","Aaj office me koi purana kaam pura hoga, senior khush honge. Naye project ki taiyari karein.","Aaj gale me halki kharish ho sakti hai, garm paani peekar rahat milegi. Zyada bolne se bachein.","Aaj koi purana lend wapas milega. Lekin naye nivesh se pehle achhi tarah soch lein.","13","White"
ARIES,TODAY,18,"Aaj prem jeevan me utar-chadhav rahega, partner se baat karke sab theek ho jayega. Sabr rakhein.","Aaj career me thodi deri ho sakti hai, par kaam poora hoga. Kisi colleague ki madad karein.","Aaj sir dard ho sakta hai, stress kam karein. Paani adhik peeyein aur aaram karein.","Aaj kharcha tez hoga, kisi bade nivesh se bachein. Budget banayein aur usi me rahein.","6","Blue"
ARIES,TODAY,19,"Aaj kisi purane rishte me nayi jaan aayegi, purane mitra se mulakat hogi. Dil ki baat kehne me jhijhak na karein.","Aaj office me aapki mehnat ki tareef hogi, promotion ke chances hain. Mehnat jaari rakhein.","Aaj sehat achhi rahegi, bas subah walk zaroor karein. Junk food avoid karein.","Aaj aarthik labh hoga, koi bonus ya gift mil sakta hai. Bachat par dhyan dein.","24","Green"
ARIES,TODAY,20,"Aaj partner ke saath koi naya plan banega, ghoomne ka mauka milega. Saath me samay bitayein.","Aaj career me koi naya mauka milega, turant haan na kahein. Soch samajh kar nirnay lein.","Aaj thodi thakan mehsoos hogi, aaram karein. Neend poori karein aur stress kam karein.","Aaj paisa aayega par kharch bhi hoga. Kisi zaruratmand ki madad karein, punya milega.","10","Orange"
ARIES,TODAY,21,"Aaj prem jeevan me shanti rahegi, partner ka sahyog milega. Kisi shubh karyakram me shirkat karne ka mauka milega.","Aaj office me aapki yojana ko sarahna milegi. Team ke saath milkar kaam karein to safalta milegi.","Aaj pet aur digestion ka dhyan rakhein, ghar ka khana khayein. Paani adhik peeyein.","Aaj aarthik sthiti sudhregi, koi purana nivesh fal dega. Nayi yojana banayein.","15","Yellow"
ARIES,TODAY,22,"Aaj partner ke saath koi shubh samachar sunne ko milega. Rishta aur mazboot hoga.","Aaj career me naya mauka milega, interview ya meeting me safalta milegi. Confidence se baat karein.","Aaj sharir me halki sustee rahegi, vyayam karein. Bahar ka khana avoid karein.","Aaj paisa aayega par kharch bhi hoga. Kisi ko daan karein to punya milega.","29","Pink"
ARIES,TODAY,23,"Aaj partner ki sehat ka dhyan rakhein, unke saath samay bitayein. Chhoti baat par jhagda na karein.","Aaj office me koi purana kaam pura hoga, senior khush honge. Naye project ki taiyari karein.","Aaj gale me halki kharish ho sakti hai, garm paani peekar rahat milegi. Zyada bolne se bachein.","Aaj koi purana lend wapas milega. Lekin naye nivesh se pehle achhi tarah soch lein.","1","White"
ARIES,TODAY,24,"Aaj prem jeevan me utar-chadhav rahega, partner se baat karke sab theek ho jayega. Sabr rakhein.","Aaj career me thodi deri ho sakti hai, par kaam poora hoga. Kisi colleague ki madad karein.","Aaj sir dard ho sakta hai, stress kam karein. Paani adhik peeyein aur aaram karein.","Aaj kharcha tez hoga, kisi bade nivesh se bachein. Budget banayein aur usi me rahein.","22","Blue"
ARIES,TODAY,25,"Aaj kisi purane rishte me nayi jaan aayegi, purane mitra se mulakat hogi. Dil ki baat kehne me jhijhak na karein.","Aaj office me aapki mehnat ki tareef hogi, promotion ke chances hain. Mehnat jaari rakhein.","Aaj sehat achhi rahegi, bas subah walk zaroor karein. Junk food avoid karein.","Aaj aarthik labh hoga, koi bonus ya gift mil sakta hai. Bachat par dhyan dein.","17","Green"
ARIES,TODAY,26,"Aaj partner ke saath koi naya plan banega, ghoomne ka mauka milega. Saath me samay bitayein.","Aaj career me koi naya mauka milega, turant haan na kahein. Soch samajh kar nirnay lein.","Aaj thodi thakan mehsoos hogi, aaram karein. Neend poori karein aur stress kam karein.","Aaj paisa aayega par kharch bhi hoga. Kisi zaruratmand ki madad karein, punya milega.","28","Orange"
ARIES,TODAY,27,"Aaj prem jeevan me shanti rahegi, partner ka sahyog milega. Kisi shubh karyakram me shirkat karne ka mauka milega.","Aaj office me aapki yojana ko sarahna milegi. Team ke saath milkar kaam karein to safalta milegi.","Aaj pet aur digestion ka dhyan rakhein, ghar ka khana khayein. Paani adhik peeyein.","Aaj aarthik sthiti sudhregi, koi purana nivesh fal dega. Nayi yojana banayein.","20","Yellow"
ARIES,TODAY,28,"Aaj partner ke saath koi shubh samachar sunne ko milega. Rishta aur mazboot hoga.","Aaj career me naya mauka milega, interview ya meeting me safalta milegi. Confidence se baat karein.","Aaj sharir me halki sustee rahegi, vyayam karein. Bahar ka khana avoid karein.","Aaj paisa aayega par kharch bhi hoga. Kisi ko daan karein to punya milega.","25","Pink"
ARIES,TODAY,29,"Aaj partner ki sehat ka dhyan rakhein, unke saath samay bitayein. Chhoti baat par jhagda na karein.","Aaj office me koi purana kaam pura hoga, senior khush honge. Naye project ki taiyari karein.","Aaj gale me halki kharish ho sakti hai, garm paani peekar rahat milegi. Zyada bolne se bachein.","Aaj koi purana lend wapas milega. Lekin naye nivesh se pehle achhi tarah soch lein.","30","White"
ARIES,YESTERDAY,0,"Kal partner ke saath samay bitane ka mauka mila tha, purani galatfehmi door hui. Dil ki baat khul kar kehna rishte ko mazboot banata hai.","Kal career me koi naya kaam shuru karne ka mauka mila tha, senior ka sahyog mila. Jaldbazi na karna hi samajhdari hai.","Kal sehat achhi rahi, subah walk ka fayda mila. Thanda aur fried khane se bachna chahiye.","Kal paisa aaya, kisi purane lend ka paisa wapas mila. Lekin faltu kharch se bachna chahiye.","",""
ARIES,YESTERDAY,1,"Kal prem jeevan me nayi urja aayi, koi purana mitra mila. Partner ki baat dhyan se sunni chahiye thi.","Kal office me mehnat ki tareef hui, promotion ke chances bane. Colleagues ke saath milkar kaam karna faydemand raha.","Kal thodi thakan mehsoos hui, aaram karna zaroori tha. Paani adhik peena aur stress kam karna chahiye.","Kal kharcha thoda zyada ho gaya, budget banane ki zarurat thi. Naye nivesh se pehle soch-vichar karna chahiye.","",""
ARIES,YESTERDAY,2,"Kal partner ke saath koi purana mamla sulah hua. Rishte me vishwas badha aur madhurta aayi.","Kal career me koi rukavat aayi thi, dhairya rakhna zaroori tha. Kisi colleague se salah lena faydemand raha.","Kal gale aur sans me halki takleef hui. Garm kapde pehenna aur thanda na khana chahiye.","Kal paisa aaya par kharch bhi hua. Kisi zaruratmand ki madad karne se punya mila.","",""
ARIES,YESTERDAY,3,"Kal kisi khaas insaan se mulaqat hui jo din bana gayi. Purane jhagde sulah ho gaye.","Kal office me raay ko mahatva mila. Kisi naye project ki zimmedari mili.","Kal sehat ke liye halka vyayam karna aur khub paani peena faydemand raha. Sir dard ho sakta tha.","Kal aarthik sthiti majboot rahi, koi purana karz chukane ka mauka mila.","",""
ARIES,YESTERDAY,4,"Kal partner ke saath chhoti baat par takraar hui thi, shaant rehna chahiye tha. Raat ko sulah ho gayi.","Kal career me koi naya mauka mila, turant haan nahi kehna chahiye tha. Soch samajh kar nirnay lena chahiye.","Kal pet me halki gadbad hui, halka khana khana chahiye tha. Bahar ka khana avoid karna chahiye.","Kal paisa haath me aaya par kharch bhi tez hua. Bachat par dhyan dena chahiye tha.","",""
ARIES,YESTERDAY,5,"Kal prem jeevan me madhurta rahi, partner ke saath ghoomne ka mauka mila. Kisi purane mitra se mulakat hui.","Kal office me mehnat ki sarahna hui. Senior ne baat maani, confidence rakhna chahiye tha.","Kal urja se bharpur rahe, vyayam karne ka mann kiya. Lekin zyada garmi se bachna chahiye tha.","Kal kisi naye kaam me nivesh karne ka mauka mila, soch samajh kar haan kehna chahiye tha.","",""
ARIES,YESTERDAY,6,"Kal partner ke saath koi naya rishta shuru hua ya purana gahra hua. Dil ki baat kehne me jhijhak nahi karni chahiye thi.","Kal career me thodi bhaag-daud rahi, meetings me vyast rahe. Jaldbazi me galti nahi karni chahiye thi.","Kal jodon me halka dard hua, aaram karna chahiye tha. Subah ki dhoop faydemand rahi.","Kal aarthik labh hua, koi bonus ya gift mila. Lekin kharch par niyantran rakhna chahiye tha.","",""
ARIES,YESTERDAY,7,"Kal partner ne surprise diya, prem me nayi urja aayi. Saath me kuch naya try karna chahiye tha.","Kal career me koi bada faisla lena pada, savdhani se sochna chahiye tha. Kisi anubhavi se salah leni chahiye thi.","Kal sehat achhi rahi, bas subah ka nashta skip nahi karna chahiye tha. Fresh fruit khane chahiye the.","Kal paisa aaya par kisi anavashyak cheez par kharch ho gaya. Ruk kar kharch karna chahiye tha.","",""
ARIES,YESTERDAY,8,"Kal partner se koi purani baat chubhi thi, khul kar baat karni chahiye thi. Chhoti baat ko bada nahi banana chahiye tha.","Kal career me koi rukavat aayi, par dhairya se kaam liya. Koi purana project pura hua.","Kal mansik tanav hua, meditation karna chahiye tha. Neend poori karni chahiye thi.","Kal kisi dost se udhaar dena nahi chahiye tha, warna paisa wapas nahi milta. Apne paise sambhal kar rakhne chahiye the.","",""
ARIES,YESTERDAY,9,"Kal prem jeevan me shanti rahi, partner ka sahyog mila. Kisi shubh karyakram me shirkat karne ka mauka mila.","Kal office me yojana ko sarahna mili. Team ke saath milkar kaam karne se safalta mili.","Kal pet aur digestion ka dhyan rakhna chahiye tha, ghar ka khana khana chahiye tha. Paani adhik peena chahiye tha.","Kal aarthik sthiti sudhri, koi purana nivesh fal diya. Nayi yojana banani chahiye thi.","",""
ARIES,YESTERDAY,10,"Kal partner ke saath koi shubh samachar sunne ko mila. Rishta aur mazboot hua.","Kal career me naya mauka mila, interview ya meeting me safalta mili. Confidence se baat karni chahiye thi.","Kal sharir me halki sustee rahi, vyayam karna chahiye tha. Bahar ka khana avoid karna chahiye tha.","Kal paisa aaya par kharch bhi hua. Kisi ko daan karne se punya mila.","",""
ARIES,YESTERDAY,11,"Kal partner ki sehat ka dhyan rakhna chahiye tha, unke saath samay bitana chahiye tha. Chhoti baat par jhagda nahi karna chahiye tha.","Kal office me koi purana kaam pura hua, senior khush hue. Naye project ki taiyari karni chahiye thi.","Kal gale me halki kharish hui, garm paani peekar rahat mili. Zyada bolne se bachna chahiye tha.","Kal koi purana lend wapas mila. Lekin naye nivesh se pehle achhi tarah sochna chahiye tha.","",""
ARIES,YESTERDAY,12,"Kal prem jeevan me utar-chadhav raha, partner se baat karke sab theek ho gaya. Sabr rakhna chahiye tha.","Kal career me thodi deri hui, par kaam poora hua. Kisi colleague ki madad karni chahiye thi.","Kal sir dard hua, stress kam karna chahiye tha. Paani adhik peena aur aaram karna chahiye tha.","Kal kharcha tez hua, kisi bade nivesh se bachna chahiye tha. Budget banakar usi me rehna chahiye tha.","",""
ARIES,YESTERDAY,13,"Kal kisi purane rishte me nayi jaan aayi, purane mitra se mulakat hui. Dil ki baat kehne me jhijhak nahi karni chahiye thi.","Kal office me mehnat ki tareef hui, promotion ke chances bane. Mehnat jaari rakhni chahiye thi.","Kal sehat achhi rahi, bas subah walk karni chahiye thi. Junk food avoid karna chahiye tha.","Kal aarthik labh hua, koi bonus ya gift mila. Bachat par dhyan dena chahiye tha.","",""
ARIES,YESTERDAY,14,"Kal partner ke saath koi naya plan bana, ghoomne ka mauka mila. Saath me samay bitana chahiye tha.","Kal career me koi naya mauka mila, turant haan nahi kehna chahiye tha. Soch samajh kar nirnay lena chahiye tha.","Kal thodi thakan mehsoos hui, aaram karna chahiye tha. Neend poori karni chahiye thi aur stress kam karna chahiye tha.","Kal paisa aaya par kharch bhi hua. Kisi zaruratmand ki madad karne se punya mila.","",""
ARIES,YESTERDAY,15,"Kal prem jeevan me shanti rahi, partner ka sahyog mila. Kisi shubh karyakram me shirkat karne ka mauka mila.","Kal office me yojana ko sarahna mili. Team ke saath milkar kaam karne se safalta mili.","Kal pet aur digestion ka dhyan rakhna chahiye tha, ghar ka khana khana chahiye tha. Paani adhik peena chahiye tha.","Kal aarthik sthiti sudhri, koi purana nivesh fal diya. Nayi yojana banani chahiye thi.","",""
ARIES,YESTERDAY,16,"Kal partner ke saath koi shubh samachar sunne ko mila. Rishta aur mazboot hua.","Kal career me naya mauka mila, interview ya meeting me safalta mili. Confidence se baat karni chahiye thi.","Kal sharir me halki sustee rahi, vyayam karna chahiye tha. Bahar ka khana avoid karna chahiye tha.","Kal paisa aaya par kharch bhi hua. Kisi ko daan karne se punya mila.","",""
ARIES,YESTERDAY,17,"Kal partner ki sehat ka dhyan rakhna chahiye tha, unke saath samay bitana chahiye tha. Chhoti baat par jhagda nahi karna chahiye tha.","Kal office me koi purana kaam pura hua, senior khush hue. Naye project ki taiyari karni chahiye thi.","Kal gale me halki kharish hui, garm paani peekar rahat mili. Zyada bolne se bachna chahiye tha.","Kal koi purana lend wapas mila. Lekin naye nivesh se pehle achhi tarah sochna chahiye tha.","",""
ARIES,YESTERDAY,18,"Kal prem jeevan me utar-chadhav raha, partner se baat karke sab theek ho gaya. Sabr rakhna chahiye tha.","Kal career me thodi deri hui, par kaam poora hua. Kisi colleague ki madad karni chahiye thi.","Kal sir dard hua, stress kam karna chahiye tha. Paani adhik peena aur aaram karna chahiye tha.","Kal kharcha tez hua, kisi bade nivesh se bachna chahiye tha. Budget banakar usi me rehna chahiye tha.","",""
ARIES,YESTERDAY,19,"Kal kisi purane rishte me nayi jaan aayi, purane mitra se mulakat hui. Dil ki baat kehne me jhijhak nahi karni chahiye thi.","Kal office me mehnat ki tareef hui, promotion ke chances bane. Mehnat jaari rakhni chahiye thi.","Kal sehat achhi rahi, bas subah walk karni chahiye thi. Junk food avoid karna chahiye tha.","Kal aarthik labh hua, koi bonus ya gift mila. Bachat par dhyan dena chahiye tha.","",""
ARIES,YESTERDAY,20,"Kal partner ke saath koi naya plan bana, ghoomne ka mauka mila. Saath me samay bitana chahiye tha.","Kal career me koi naya mauka mila, turant haan nahi kehna chahiye tha. Soch samajh kar nirnay lena chahiye tha.","Kal thodi thakan mehsoos hui, aaram karna chahiye tha. Neend poori karni chahiye thi aur stress kam karna chahiye tha.","Kal paisa aaya par kharch bhi hua. Kisi zaruratmand ki madad karne se punya mila.","",""
ARIES,YESTERDAY,21,"Kal prem jeevan me shanti rahi, partner ka sahyog mila. Kisi shubh karyakram me shirkat karne ka mauka mila.","Kal office me yojana ko sarahna mili. Team ke saath milkar kaam karne se safalta mili.","Kal pet aur digestion ka dhyan rakhna chahiye tha, ghar ka khana khana chahiye tha. Paani adhik peena chahiye tha.","Kal aarthik sthiti sudhri, koi purana nivesh fal diya. Nayi yojana banani chahiye thi.","",""
ARIES,YESTERDAY,22,"Kal partner ke saath koi shubh samachar sunne ko mila. Rishta aur mazboot hua.","Kal career me naya mauka mila, interview ya meeting me safalta mili. Confidence se baat karni chahiye thi.","Kal sharir me halki sustee rahi, vyayam karna chahiye tha. Bahar ka khana avoid karna chahiye tha.","Kal paisa aaya par kharch bhi hua. Kisi ko daan karne se punya mila.","",""
ARIES,YESTERDAY,23,"Kal partner ki sehat ka dhyan rakhna chahiye tha, unke saath samay bitana chahiye tha. Chhoti baat par jhagda nahi karna chahiye tha.","Kal office me koi purana kaam pura hua, senior khush hue. Naye project ki taiyari karni chahiye thi.","Kal gale me halki kharish hui, garm paani peekar rahat mili. Zyada bolne se bachna chahiye tha.","Kal koi purana lend wapas mila. Lekin naye nivesh se pehle achhi tarah sochna chahiye tha.","",""
ARIES,YESTERDAY,24,"Kal prem jeevan me utar-chadhav raha, partner se baat karke sab theek ho gaya. Sabr rakhna chahiye tha.","Kal career me thodi deri hui, par kaam poora hua. Kisi colleague ki madad karni chahiye thi.","Kal sir dard hua, stress kam karna chahiye tha. Paani adhik peena aur aaram karna chahiye tha.","Kal kharcha tez hua, kisi bade nivesh se bachna chahiye tha. Budget banakar usi me rehna chahiye tha.","",""
ARIES,YESTERDAY,25,"Kal kisi purane rishte me nayi jaan aayi, purane mitra se mulakat hui. Dil ki baat kehne me jhijhak nahi karni chahiye thi.","Kal office me mehnat ki tareef hui, promotion ke chances bane. Mehnat jaari rakhni chahiye thi.","Kal sehat achhi rahi, bas subah walk karni chahiye thi. Junk food avoid karna chahiye tha.","Kal aarthik labh hua, koi bonus ya gift mila. Bachat par dhyan dena chahiye tha.","",""
ARIES,YESTERDAY,26,"Kal partner ke saath koi naya plan bana, ghoomne ka mauka mila. Saath me samay bitana chahiye tha.","Kal career me koi naya mauka mila, turant haan nahi kehna chahiye tha. Soch samajh kar nirnay lena chahiye tha.","Kal thodi thakan mehsoos hui, aaram karna chahiye tha. Neend poori karni chahiye thi aur stress kam karna chahiye tha.","Kal paisa aaya par kharch bhi hua. Kisi zaruratmand ki madad karne se punya mila.","",""
ARIES,YESTERDAY,27,"Kal prem jeevan me shanti rahi, partner ka sahyog mila. Kisi shubh karyakram me shirkat karne ka mauka mila.","Kal office me yojana ko sarahna mili. Team ke saath milkar kaam karne se safalta mili.","Kal pet aur digestion ka dhyan rakhna chahiye tha, ghar ka khana khana chahiye tha. Paani adhik peena chahiye tha.","Kal aarthik sthiti sudhri, koi purana nivesh fal diya. Nayi yojana banani chahiye thi.","",""
ARIES,YESTERDAY,28,"Kal partner ke saath koi shubh samachar sunne ko mila. Rishta aur mazboot hua.","Kal career me naya mauka mila, interview ya meeting me safalta mili. Confidence se baat karni chahiye thi.","Kal sharir me halki sustee rahi, vyayam karna chahiye tha. Bahar ka khana avoid karna chahiye tha.","Kal paisa aaya par kharch bhi hua. Kisi ko daan karne se punya mila.","",""
ARIES,YESTERDAY,29,"Kal partner ki sehat ka dhyan rakhna chahiye tha, unke saath samay bitana chahiye tha. Chhoti baat par jhagda nahi karna chahiye tha.","Kal office me koi purana kaam pura hua, senior khush hue. Naye project ki taiyari karni chahiye thi.","Kal gale me halki kharish hui, garm paani peekar rahat mili. Zyada bolne se bachna chahiye tha.","Kal koi purana lend wapas mila. Lekin naye nivesh se pehle achhi tarah sochna chahiye tha.","",""
ARIES,TOMORROW,0,"Kal partner ke saath samay bitane ka mauka milega, purani galatfehmi door hogi. Dil ki baat khul kar kehna rishte ko mazboot banayega.","Kal career me koi naya kaam shuru karne ka mauka mil sakta hai, senior ka sahyog milega. Jaldbazi na karein.","Kal sehat achhi rahegi, subah walk zaroor karein. Thanda aur fried khane se bachein.","Kal paisa aayega, kisi purane lend ka paisa wapas mil sakta hai. Lekin faltu kharch se bachein.","",""
ARIES,TOMORROW,1,"Kal prem jeevan me nayi urja aayegi, koi purana mitra mil sakta hai. Partner ki baat dhyan se sunein.","Kal office me mehnat ki tareef hogi, promotion ke chances hain. Colleagues ke saath milkar kaam karein.","Kal thodi thakan mehsoos hogi, aaram karein. Paani adhik peeyein aur stress kam karein.","Kal kharcha thoda zyada ho sakta hai, budget banayein. Naye nivesh se pehle soch-vichar karein.","",""
ARIES,TOMORROW,2,"Kal partner ke saath koi purana mamla sulah ho sakta hai. Rishte me vishwas badhega aur madhurta aayegi.","Kal career me koi rukavat aa sakti hai, dhairya rakhein. Kisi colleague se salah lein to fayda hoga.","Kal gale aur sans me halki takleef ho sakti hai. Garm kapde pehnein aur thanda na khayein.","Kal paisa aayega par kharch bhi hoga. Kisi zaruratmand ki madad karein, punya milega.","",""
ARIES,TOMORROW,3,"Kal kisi khaas insaan se mulaqat hogi jo din bana degi. Purane jhagde sulah ho sakte hain.","Kal office me raay ko mahatva milega. Kisi naye project ki zimmedari mil sakti hai.","Kal sehat ke liye halka vyayam karein aur khub paani peeyein. Sir dard ho sakta hai.","Kal aarthik sthiti majboot rahegi, koi purana karz chukane ka mauka milega.","",""
ARIES,TOMORROW,4,"Kal partner ke saath chhoti baat par takraar ho sakti hai, shaant rahein. Raat ko sulah ho jayegi.","Kal career me koi naya mauka milega, turant haan na kahein. Soch samajh kar nirnay lein.","Kal pet me halki gadbad ho sakti hai, halka khana khayein. Bahar ka khana avoid karein.","Kal paisa haath me aayega par kharch bhi tez hoga. Bachat par dhyan dein.","",""
ARIES,TOMORROW,5,"Kal prem jeevan me madhurta rahegi, partner ke saath ghoomne ka mauka milega. Kisi purane mitra se mulakat hogi.","Kal office me mehnat ki sarahna hogi. Senior aapki baat maanenge, confidence rakhein.","Kal urja se bharpur rahenge, vyayam karne ka mann karega. Lekin zyada garmi se bachein.","Kal kisi naye kaam me nivesh karne ka mauka milega, soch samajh kar haan kahein.","",""
ARIES,TOMORROW,6,"Kal partner ke saath koi naya rishta shuru ho sakta hai ya purana gahra ho sakta hai. Dil ki baat kehne me jhijhak na karein.","Kal career me thodi bhaag-daud rahegi, meetings me vyast rahenge. Jaldbazi me galti na karein.","Kal jodon me halka dard ho sakta hai, aaram karein. Subah ki dhoop faydemand hai.","Kal aarthik labh hoga, koi bonus ya gift mil sakta hai. Lekin kharch par niyantran rakhein.","",""
ARIES,TOMORROW,7,"Kal partner aapko surprise de sakta hai, prem me nayi urja aayegi. Saath me kuch naya try karein.","Kal career me koi bada faisla lena pad sakta hai, savdhani se sochein. Kisi anubhavi se salah lein.","Kal sehat achhi rahegi, bas subah ka nashta skip na karein. Fresh fruit khayein.","Kal paisa aayega par kisi anavashyak cheez par kharch ho sakta hai. Ruk kar kharch karein.","",""
ARIES,TOMORROW,8,"Kal partner se koi purani baat chubh sakti hai, khul kar baat karein. Chhoti baat ko bada na banayein.","Kal career me koi rukavat aa sakti hai, par dhairya se kaam lein. Koi purana project pura hoga.","Kal mansik tanav ho sakta hai, meditation karein. Neend poori karein.","Kal kisi dost se udhaar dene se bachein, warna paisa wapas nahi milega. Apne paise sambhal kar rakhein.","",""
ARIES,TOMORROW,9,"Kal prem jeevan me shanti rahegi, partner ka sahyog milega. Kisi shubh karyakram me shirkat karne ka mauka milega.","Kal office me yojana ko sarahna milegi. Team ke saath milkar kaam karein to safalta milegi.","Kal pet aur digestion ka dhyan rakhein, ghar ka khana khayein. Paani adhik peeyein.","Kal aarthik sthiti sudhregi, koi purana nivesh fal dega. Nayi yojana banayein.","",""
ARIES,TOMORROW,10,"Kal partner ke saath koi shubh samachar sunne ko milega. Rishta aur mazboot hoga.","Kal career me naya mauka milega, interview ya meeting me safalta milegi. Confidence se baat karein.","Kal sharir me halki sustee rahegi, vyayam karein. Bahar ka khana avoid karein.","Kal paisa aayega par kharch bhi hoga. Kisi ko daan karein to punya milega.","",""
ARIES,TOMORROW,11,"Kal partner ki sehat ka dhyan rakhein, unke saath samay bitayein. Chhoti baat par jhagda na karein.","Kal office me koi purana kaam pura hoga, senior khush honge. Naye project ki taiyari karein.","Kal gale me halki kharish ho sakti hai, garm paani peekar rahat milegi. Zyada bolne se bachein.","Kal koi purana lend wapas milega. Lekin naye nivesh se pehle achhi tarah soch lein.","",""
ARIES,TOMORROW,12,"Kal prem jeevan me utar-chadhav rahega, partner se baat karke sab theek ho jayega. Sabr rakhein.","Kal career me thodi deri ho sakti hai, par kaam poora hoga. Kisi colleague ki madad karein.","Kal sir dard ho sakta hai, stress kam karein. Paani adhik peeyein aur aaram karein.","Kal kharcha tez hoga, kisi bade nivesh se bachein. Budget banayein aur usi me rahein.","",""
ARIES,TOMORROW,13,"Kal kisi purane rishte me nayi jaan aayegi, purane mitra se mulakat hogi. Dil ki baat kehne me jhijhak na karein.","Kal office me mehnat ki tareef hogi, promotion ke chances hain. Mehnat jaari rakhein.","Kal sehat achhi rahegi, bas subah walk zaroor karein. Junk food avoid karein.","Kal aarthik labh hoga, koi bonus ya gift mil sakta hai. Bachat par dhyan dein.","",""
ARIES,TOMORROW,14,"Kal partner ke saath koi naya plan banega, ghoomne ka mauka milega. Saath me samay bitayein.","Kal career me koi naya mauka milega, turant haan na kahein. Soch samajh kar nirnay lein.","Kal thodi thakan mehsoos hogi, aaram karein. Neend poori karein aur stress kam karein.","Kal paisa aayega par kharch bhi hoga. Kisi zaruratmand ki madad karein, punya milega.","",""
ARIES,TOMORROW,15,"Kal prem jeevan me shanti rahegi, partner ka sahyog milega. Kisi shubh karyakram me shirkat karne ka mauka milega.","Kal office me yojana ko sarahna milegi. Team ke saath milkar kaam karein to safalta milegi.","Kal pet aur digestion ka dhyan rakhein, ghar ka khana khayein. Paani adhik peeyein.","Kal aarthik sthiti sudhregi, koi purana nivesh fal dega. Nayi yojana banayein.","",""
ARIES,TOMORROW,16,"Kal partner ke saath koi shubh samachar sunne ko milega. Rishta aur mazboot hoga.","Kal career me naya mauka milega, interview ya meeting me safalta milegi. Confidence se baat karein.","Kal sharir me halki sustee rahegi, vyayam karein. Bahar ka khana avoid karein.","Kal paisa aayega par kharch bhi hoga. Kisi ko daan karein to punya milega.","",""
ARIES,TOMORROW,17,"Kal partner ki sehat ka dhyan rakhein, unke saath samay bitayein. Chhoti baat par jhagda na karein.","Kal office me koi purana kaam pura hoga, senior khush honge. Naye project ki taiyari karein.","Kal gale me halki kharish ho sakti hai, garm paani peekar rahat milegi. Zyada bolne se bachein.","Kal koi purana lend wapas milega. Lekin naye nivesh se pehle achhi tarah soch lein.","",""
ARIES,TOMORROW,18,"Kal prem jeevan me utar-chadhav rahega, partner se baat karke sab theek ho jayega. Sabr rakhein.","Kal career me thodi deri ho sakti hai, par kaam poora hoga. Kisi colleague ki madad karein.","Kal sir dard ho sakta hai, stress kam karein. Paani adhik peeyein aur aaram karein.","Kal kharcha tez hoga, kisi bade nivesh se bachein. Budget banayein aur usi me rahein.","",""
ARIES,TOMORROW,19,"Kal kisi purane rishte me nayi jaan aayegi, purane mitra se mulakat hogi. Dil ki baat kehne me jhijhak na karein.","Kal office me mehnat ki tareef hogi, promotion ke chances hain. Mehnat jaari rakhein.","Kal sehat achhi rahegi, bas subah walk zaroor karein. Junk food avoid karein.","Kal aarthik labh hoga, koi bonus ya gift mil sakta hai. Bachat par dhyan dein.","",""
ARIES,TOMORROW,20,"Kal partner ke saath koi naya plan banega, ghoomne ka mauka milega. Saath me samay bitayein.","Kal career me koi naya mauka milega, turant haan na kahein. Soch samajh kar nirnay lein.","Kal thodi thakan mehsoos hogi, aaram karein. Neend poori karein aur stress kam karein.","Kal paisa aayega par kharch bhi hoga. Kisi zaruratmand ki madad karein, punya milega.","",""
ARIES,TOMORROW,21,"Kal prem jeevan me shanti rahegi, partner ka sahyog milega. Kisi shubh karyakram me shirkat karne ka mauka milega.","Kal office me yojana ko sarahna milegi. Team ke saath milkar kaam karein to safalta milegi.","Kal pet aur digestion ka dhyan rakhein, ghar ka khana khayein. Paani adhik peeyein.","Kal aarthik sthiti sudhregi, koi purana nivesh fal dega. Nayi yojana banayein.","",""
ARIES,TOMORROW,22,"Kal partner ke saath koi shubh samachar sunne ko milega. Rishta aur mazboot hoga.","Kal career me naya mauka milega, interview ya meeting me safalta milegi. Confidence se baat karein.","Kal sharir me halki sustee rahegi, vyayam karein. Bahar ka khana avoid karein.","Kal paisa aayega par kharch bhi hoga. Kisi ko daan karein to punya milega.","",""
ARIES,TOMORROW,23,"Kal partner ki sehat ka dhyan rakhein, unke saath samay bitayein. Chhoti baat par jhagda na karein.","Kal office me koi purana kaam pura hoga, senior khush honge. Naye project ki taiyari karein.","Kal gale me halki kharish ho sakti hai, garm paani peekar rahat milegi. Zyada bolne se bachein.","Kal koi purana lend wapas milega. Lekin naye nivesh se pehle achhi tarah soch lein.","",""
ARIES,TOMORROW,24,"Kal prem jeevan me utar-chadhav rahega, partner se baat karke sab theek ho jayega. Sabr rakhein.","Kal career me thodi deri ho sakti hai, par kaam poora hoga. Kisi colleague ki madad karein.","Kal sir dard ho sakta hai, stress kam karein. Paani adhik peeyein aur aaram karein.","Kal kharcha tez hoga, kisi bade nivesh se bachein. Budget banayein aur usi me rahein.","",""
ARIES,TOMORROW,25,"Kal kisi purane rishte me nayi jaan aayegi, purane mitra se mulakat hogi. Dil ki baat kehne me jhijhak na karein.","Kal office me mehnat ki tareef hogi, promotion ke chances hain. Mehnat jaari rakhein.","Kal sehat achhi rahegi, bas subah walk zaroor karein. Junk food avoid karein.","Kal aarthik labh hoga, koi bonus ya gift mil sakta hai. Bachat par dhyan dein.","",""
ARIES,TOMORROW,26,"Kal partner ke saath koi naya plan banega, ghoomne ka mauka milega. Saath me samay bitayein.","Kal career me koi naya mauka milega, turant haan na kahein. Soch samajh kar nirnay lein.","Kal thodi thakan mehsoos hogi, aaram karein. Neend poori karein aur stress kam karein.","Kal paisa aayega par kharch bhi hoga. Kisi zaruratmand ki madad karein, punya milega.","",""
ARIES,TOMORROW,27,"Kal prem jeevan me shanti rahegi, partner ka sahyog milega. Kisi shubh karyakram me shirkat karne ka mauka milega.","Kal office me yojana ko sarahna milegi. Team ke saath milkar kaam karein to safalta milegi.","Kal pet aur digestion ka dhyan rakhein, ghar ka khana khayein. Paani adhik peeyein.","Kal aarthik sthiti sudhregi, koi purana nivesh fal dega. Nayi yojana banayein.","",""
ARIES,TOMORROW,28,"Kal partner ke saath koi shubh samachar sunne ko milega. Rishta aur mazboot hoga.","Kal career me naya mauka milega, interview ya meeting me safalta milegi. Confidence se baat karein.","Kal sharir me halki sustee rahegi, vyayam karein. Bahar ka khana avoid karein.","Kal paisa aayega par kharch bhi hoga. Kisi ko daan karein to punya milega.","",""
ARIES,TOMORROW,29,"Kal partner ki sehat ka dhyan rakhein, unke saath samay bitayein. Chhoti baat par jhagda na karein.","Kal office me koi purana kaam pura hoga, senior khush honge. Naye project ki taiyari karein.","Kal gale me halki kharish ho sakti hai, garm paani peekar rahat milegi. Zyada bolne se bachein.","Kal koi purana lend wapas milega. Lekin naye nivesh se pehle achhi tarah soch lein.","",""
ARIES,WEEKLY,0,"Is hafte prem jeevan me madhurta rahegi, partner ke saath samay bitane ka mauka milega. Kisi purane mitra se mulakat hogi.","Is hafte career me naya project milega, senior ka sahyog rahega. Mehnat ka fal zaroor milega.","Is hafte sehat achhi rahegi, bas subah walk aur halka vyayam karein. Junk food avoid karein.","Is hafte aarthik labh hoga, koi purana lend wapas milega. Lekin budget banakar chalеin.","",""
ARIES,WEEKLY,1,"Is hafte partner ke saath koi purana mamla sulah ho sakta hai. Rishte me vishwas badhega aur prem gahra hoga.","Is hafte office me aapki mehnat ki tareef hogi, promotion ke chances hain. Team ke saath milkar kaam karein.","Is hafte thodi thakan mehsoos hogi, aaram karein aur neend poori karein. Paani adhik peeyein.","Is hafte kharcha thoda zyada hoga, savdhani rakhein. Kisi naye nivesh se pehle soch-vichar karein.","",""
ARIES,WEEKLY,2,"Is hafte kisi khaas insaan se mulaqat hogi jo dil ko khush kar degi. Purane jhagde sulah ho sakte hain.","Is hafte career me koi rukavat aa sakti hai, dhairya rakhein. Kisi colleague se salah lena faydemand hoga.","Is hafte gale aur sans me halki takleef ho sakti hai. Garm kapde pehnein aur thanda na khayein.","Is hafte paisa aayega par kharch bhi hoga. Kisi zaruratmand ki madad karein, punya milega.","",""
ARIES,WEEKLY,3,"Is hafte prem jeevan me shanti rahegi, partner ka sahyog milega. Kisi shubh karyakram me shirkat karne ka mauka milega.","Is hafte office me aapki yojana ko sarahna milegi. Naye project ki zimmedari mil sakti hai.","Is hafte sehat ke liye halka vyayam karein aur khub paani peeyein. Sir dard se bachein.","Is hafte aarthik sthiti majboot rahegi, koi purana karz chukane ka mauka milega.","",""
ARIES,WEEKLY,4,"Is hafte partner ke saath chhoti baat par takraar ho sakti hai, shaant rahein. Hafte ke ant me sulah ho jayegi.","Is hafte career me koi naya mauka milega, turant haan na kahein. Soch samajh kar nirnay lein.","Is hafte pet me halki gadbad ho sakti hai, halka khana khayein. Bahar ka khana avoid karein.","Is hafte paisa haath me aayega par kharch bhi tez hoga. Bachat par dhyan dein.","",""
ARIES,WEEKLY,5,"Is hafte prem jeevan me madhurta rahegi, partner ke saath ghoomne ka mauka milega. Kisi purane mitra se mulakat hogi.","Is hafte office me mehnat ki sarahna hogi. Senior aapki baat maanenge, confidence rakhein.","Is hafte urja se bharpur rahenge, vyayam karne ka mann karega. Lekin zyada garmi se bachein.","Is hafte kisi naye kaam me nivesh karne ka mauka milega, soch samajh kar haan kahein.","",""
ARIES,WEEKLY,6,"Is hafte partner ke saath koi naya rishta shuru ho sakta hai ya purana gahra ho sakta hai. Dil ki baat kehne me jhijhak na karein.","Is hafte career me thodi bhaag-daud rahegi, meetings me vyast rahenge. Jaldbazi me galti na karein.","Is hafte jodon me halka dard ho sakta hai, aaram karein. Subah ki dhoop faydemand hai.","Is hafte aarthik labh hoga, koi bonus ya gift mil sakta hai. Lekin kharch par niyantran rakhein.","",""
ARIES,WEEKLY,7,"Is hafte partner aapko surprise de sakta hai, prem me nayi urja aayegi. Saath me kuch naya try karein.","Is hafte career me koi bada faisla lena pad sakta hai, savdhani se sochein. Kisi anubhavi se salah lein.","Is hafte sehat achhi rahegi, bas subah ka nashta skip na karein. Fresh fruit khayein.","Is hafte paisa aayega par kisi anavashyak cheez par kharch ho sakta hai. Ruk kar kharch karein.","",""
ARIES,WEEKLY,8,"Is hafte partner se koi purani baat chubh sakti hai, khul kar baat karein. Chhoti baat ko bada na banayein.","Is hafte career me koi rukavat aa sakti hai, par dhairya se kaam lein. Koi purana project pura hoga.","Is hafte mansik tanav ho sakta hai, meditation karein. Neend poori karein.","Is hafte kisi dost se udhaar dene se bachein, warna paisa wapas nahi milega. Apne paise sambhal kar rakhein.","",""
ARIES,WEEKLY,9,"Is hafte prem jeevan me shanti rahegi, partner ka sahyog milega. Kisi shubh karyakram me shirkat karne ka mauka milega.","Is hafte office me yojana ko sarahna milegi. Team ke saath milkar kaam karein to safalta milegi.","Is hafte pet aur digestion ka dhyan rakhein, ghar ka khana khayein. Paani adhik peeyein.","Is hafte aarthik sthiti sudhregi, koi purana nivesh fal dega. Nayi yojana banayein.","",""
ARIES,WEEKLY,10,"Is hafte partner ke saath koi shubh samachar sunne ko milega. Rishta aur mazboot hoga.","Is hafte career me naya mauka milega, interview ya meeting me safalta milegi. Confidence se baat karein.","Is hafte sharir me halki sustee rahegi, vyayam karein. Bahar ka khana avoid karein.","Is hafte paisa aayega par kharch bhi hoga. Kisi ko daan karein to punya milega.","",""
ARIES,WEEKLY,11,"Is hafte partner ki sehat ka dhyan rakhein, unke saath samay bitayein. Chhoti baat par jhagda na karein.","Is hafte office me koi purana kaam pura hoga, senior khush honge. Naye project ki taiyari karein.","Is hafte gale me halki kharish ho sakti hai, garm paani peekar rahat milegi. Zyada bolne se bachein.","Is hafte koi purana lend wapas milega. Lekin naye nivesh se pehle achhi tarah soch lein.","",""
ARIES,WEEKLY,12,"Is hafte prem jeevan me utar-chadhav rahega, partner se baat karke sab theek ho jayega. Sabr rakhein.","Is hafte career me thodi deri ho sakti hai, par kaam poora hoga. Kisi colleague ki madad karein.","Is hafte sir dard ho sakta hai, stress kam karein. Paani adhik peeyein aur aaram karein.","Is hafte kharcha tez hoga, kisi bade nivesh se bachein. Budget banayein aur usi me rahein.","",""
ARIES,WEEKLY,13,"Is hafte kisi purane rishte me nayi jaan aayegi, purane mitra se mulakat hogi. Dil ki baat kehne me jhijhak na karein.","Is hafte office me mehnat ki tareef hogi, promotion ke chances hain. Mehnat jaari rakhein.","Is hafte sehat achhi rahegi, bas subah walk zaroor karein. Junk food avoid karein.","Is hafte aarthik labh hoga, koi bonus ya gift mil sakta hai. Bachat par dhyan dein.","",""
ARIES,WEEKLY,14,"Is hafte partner ke saath koi naya plan banega, ghoomne ka mauka milega. Saath me samay bitayein.","Is hafte career me koi naya mauka milega, turant haan na kahein. Soch samajh kar nirnay lein.","Is hafte thodi thakan mehsoos hogi, aaram karein. Neend poori karein aur stress kam karein.","Is hafte paisa aayega par kharch bhi hoga. Kisi zaruratmand ki madad karein, punya milega.","",""
ARIES,WEEKLY,15,"Is hafte prem jeevan me shanti rahegi, partner ka sahyog milega. Kisi shubh karyakram me shirkat karne ka mauka milega.","Is hafte office me yojana ko sarahna milegi. Team ke saath milkar kaam karein to safalta milegi.","Is hafte pet aur digestion ka dhyan rakhein, ghar ka khana khayein. Paani adhik peeyein.","Is hafte aarthik sthiti sudhregi, koi purana nivesh fal dega. Nayi yojana banayein.","",""
ARIES,WEEKLY,16,"Is hafte partner ke saath koi shubh samachar sunne ko milega. Rishta aur mazboot hoga.","Is hafte career me naya mauka milega, interview ya meeting me safalta milegi. Confidence se baat karein.","Is hafte sharir me halki sustee rahegi, vyayam karein. Bahar ka khana avoid karein.","Is hafte paisa aayega par kharch bhi hoga. Kisi ko daan karein to punya milega.","",""
ARIES,WEEKLY,17,"Is hafte partner ki sehat ka dhyan rakhein, unke saath samay bitayein. Chhoti baat par jhagda na karein.","Is hafte office me koi purana kaam pura hoga, senior khush honge. Naye project ki taiyari karein.","Is hafte gale me halki kharish ho sakti hai, garm paani peekar rahat milegi. Zyada bolne se bachein.","Is hafte koi purana lend wapas milega. Lekin naye nivesh se pehle achhi tarah soch lein.","",""
ARIES,WEEKLY,18,"Is hafte prem jeevan me utar-chadhav rahega, partner se baat karke sab theek ho jayega. Sabr rakhein.","Is hafte career me thodi deri ho sakti hai, par kaam poora hoga. Kisi colleague ki madad karein.","Is hafte sir dard ho sakta hai, stress kam karein. Paani adhik peeyein aur aaram karein.","Is hafte kharcha tez hoga, kisi bade nivesh se bachein. Budget banayein aur usi me rahein.","",""
ARIES,WEEKLY,19,"Is hafte kisi purane rishte me nayi jaan aayegi, purane mitra se mulakat hogi. Dil ki baat kehne me jhijhak na karein.","Is hafte office me mehnat ki tareef hogi, promotion ke chances hain. Mehnat jaari rakhein.","Is hafte sehat achhi rahegi, bas subah walk zaroor karein. Junk food avoid karein.","Is hafte aarthik labh hoga, koi bonus ya gift mil sakta hai. Bachat par dhyan dein.","",""
ARIES,WEEKLY,20,"Is hafte partner ke saath koi naya plan banega, ghoomne ka mauka milega. Saath me samay bitayein.","Is hafte career me koi naya mauka milega, turant haan na kahein. Soch samajh kar nirnay lein.","Is hafte thodi thakan mehsoos hogi, aaram karein. Neend poori karein aur stress kam karein.","Is hafte paisa aayega par kharch bhi hoga. Kisi zaruratmand ki madad karein, punya milega.","",""
ARIES,WEEKLY,21,"Is hafte prem jeevan me shanti rahegi, partner ka sahyog milega. Kisi shubh karyakram me shirkat karne ka mauka milega.","Is hafte office me yojana ko sarahna milegi. Team ke saath milkar kaam karein to safalta milegi.","Is hafte pet aur digestion ka dhyan rakhein, ghar ka khana khayein. Paani adhik peeyein.","Is hafte aarthik sthiti sudhregi, koi purana nivesh fal dega. Nayi yojana banayein.","",""
ARIES,WEEKLY,22,"Is hafte partner ke saath koi shubh samachar sunne ko milega. Rishta aur mazboot hoga.","Is hafte career me naya mauka milega, interview ya meeting me safalta milegi. Confidence se baat karein.","Is hafte sharir me halki sustee rahegi, vyayam karein. Bahar ka khana avoid karein.","Is hafte paisa aayega par kharch bhi hoga. Kisi ko daan karein to punya milega.","",""
ARIES,WEEKLY,23,"Is hafte partner ki sehat ka dhyan rakhein, unke saath samay bitayein. Chhoti baat par jhagda na karein.","Is hafte office me koi purana kaam pura hoga, senior khush honge. Naye project ki taiyari karein.","Is hafte gale me halki kharish ho sakti hai, garm paani peekar rahat milegi. Zyada bolne se bachein.","Is hafte koi purana lend wapas milega. Lekin naye nivesh se pehle achhi tarah soch lein.","",""
ARIES,WEEKLY,24,"Is hafte prem jeevan me utar-chadhav rahega, partner se baat karke sab theek ho jayega. Sabr rakhein.","Is hafte career me thodi deri ho sakti hai, par kaam poora hoga. Kisi colleague ki madad karein.","Is hafte sir dard ho sakta hai, stress kam karein. Paani adhik peeyein aur aaram karein.","Is hafte kharcha tez hoga, kisi bade nivesh se bachein. Budget banayein aur usi me rahein.","",""
ARIES,WEEKLY,25,"Is hafte kisi purane rishte me nayi jaan aayegi, purane mitra se mulakat hogi. Dil ki baat kehne me jhijhak na karein.","Is hafte office me mehnat ki tareef hogi, promotion ke chances hain. Mehnat jaari rakhein.","Is hafte sehat achhi rahegi, bas subah walk zaroor karein. Junk food avoid karein.","Is hafte aarthik labh hoga, koi bonus ya gift mil sakta hai. Bachat par dhyan dein.","",""
ARIES,WEEKLY,26,"Is hafte partner ke saath koi naya plan banega, ghoomne ka mauka milega. Saath me samay bitayein.","Is hafte career me koi naya mauka milega, turant haan na kahein. Soch samajh kar nirnay lein.","Is hafte thodi thakan mehsoos hogi, aaram karein. Neend poori karein aur stress kam karein.","Is hafte paisa aayega par kharch bhi hoga. Kisi zaruratmand ki madad karein, punya milega.","",""
ARIES,WEEKLY,27,"Is hafte prem jeevan me shanti rahegi, partner ka sahyog milega. Kisi shubh karyakram me shirkat karne ka mauka milega.","Is hafte office me yojana ko sarahna milegi. Team ke saath milkar kaam karein to safalta milegi.","Is hafte pet aur digestion ka dhyan rakhein, ghar ka khana khayein. Paani adhik peeyein.","Is hafte aarthik sthiti sudhregi, koi purana nivesh fal dega. Nayi yojana banayein.","",""
ARIES,WEEKLY,28,"Is hafte partner ke saath koi shubh samachar sunne ko milega. Rishta aur mazboot hoga.","Is hafte career me naya mauka milega, interview ya meeting me safalta milegi. Confidence se baat karein.","Is hafte sharir me halki sustee rahegi, vyayam karein. Bahar ka khana avoid karein.","Is hafte paisa aayega par kharch bhi hoga. Kisi ko daan karein to punya milega.","",""
ARIES,WEEKLY,29,"Is hafte partner ki sehat ka dhyan rakhein, unke saath samay bitayein. Chhoti baat par jhagda na karein.","Is hafte office me koi purana kaam pura hoga, senior khush honge. Naye project ki taiyari karein.","Is hafte gale me halki kharish ho sakti hai, garm paani peekar rahat milegi. Zyada bolne se bachein.","Is hafte koi purana lend wapas milega. Lekin naye nivesh se pehle achhi tarah soch lein.","",""
ARIES,MONTHLY,0,"Is mahine prem jeevan me madhurta rahegi, partner ke saath samay bitane ka mauka milega. Kisi purane mitra se mulakat hogi.","Is mahine career me naya project milega, senior ka sahyog rahega. Mehnat ka fal zaroor milega.","Is mahine sehat achhi rahegi, bas subah walk aur halka vyayam karein. Junk food avoid karein.","Is mahine aarthik labh hoga, koi purana lend wapas milega. Lekin budget banakar chalein.","",""
ARIES,MONTHLY,1,"Is mahine partner ke saath koi purana mamla sulah ho sakta hai. Rishte me vishwas badhega aur prem gahra hoga.","Is mahine office me aapki mehnat ki tareef hogi, promotion ke chances hain. Team ke saath milkar kaam karein.","Is mahine thodi thakan mehsoos hogi, aaram karein aur neend poori karein. Paani adhik peeyein.","Is mahine kharcha thoda zyada hoga, savdhani rakhein. Kisi naye nivesh se pehle soch-vichar karein.","",""
ARIES,MONTHLY,2,"Is mahine kisi khaas insaan se mulaqat hogi jo dil ko khush kar degi. Purane jhagde sulah ho sakte hain.","Is mahine career me koi rukavat aa sakti hai, dhairya rakhein. Kisi colleague se salah lena faydemand hoga.","Is mahine gale aur sans me halki takleef ho sakti hai. Garm kapde pehnein aur thanda na khayein.","Is mahine paisa aayega par kharch bhi hoga. Kisi zaruratmand ki madad karein, punya milega.","",""
ARIES,MONTHLY,3,"Is mahine prem jeevan me shanti rahegi, partner ka sahyog milega. Kisi shubh karyakram me shirkat karne ka mauka milega.","Is mahine office me aapki yojana ko sarahna milegi. Naye project ki zimmedari mil sakti hai.","Is mahine sehat ke liye halka vyayam karein aur khub paani peeyein. Sir dard se bachein.","Is mahine aarthik sthiti majboot rahegi, koi purana karz chukane ka mauka milega.","",""
ARIES,MONTHLY,4,"Is mahine partner ke saath chhoti baat par takraar ho sakti hai, shaant rahein. Mahine ke ant me sulah ho jayegi.","Is mahine career me koi naya mauka milega, turant haan na kahein. Soch samajh kar nirnay lein.","Is mahine pet me halki gadbad ho sakti hai, halka khana khayein. Bahar ka khana avoid karein.","Is mahine paisa haath me aayega par kharch bhi tez hoga. Bachat par dhyan dein.","",""
ARIES,MONTHLY,5,"Is mahine prem jeevan me madhurta rahegi, partner ke saath ghoomne ka mauka milega. Kisi purane mitra se mulakat hogi.","Is mahine office me mehnat ki sarahna hogi. Senior aapki baat maanenge, confidence rakhein.","Is mahine urja se bharpur rahenge, vyayam karne ka mann karega. Lekin zyada garmi se bachein.","Is mahine kisi naye kaam me nivesh karne ka mauka milega, soch samajh kar haan kahein.","",""
ARIES,MONTHLY,6,"Is mahine partner ke saath koi naya rishta shuru ho sakta hai ya purana gahra ho sakta hai. Dil ki baat kehne me jhijhak na karein.","Is mahine career me thodi bhaag-daud rahegi, meetings me vyast rahenge. Jaldbazi me galti na karein.","Is mahine jodon me halka dard ho sakta hai, aaram karein. Subah ki dhoop faydemand hai.","Is mahine aarthik labh hoga, koi bonus ya gift mil sakta hai. Lekin kharch par niyantran rakhein.","",""
ARIES,MONTHLY,7,"Is mahine partner aapko surprise de sakta hai, prem me nayi urja aayegi. Saath me kuch naya try karein.","Is mahine career me koi bada faisla lena pad sakta hai, savdhani se sochein. Kisi anubhavi se salah lein.","Is mahine sehat achhi rahegi, bas subah ka nashta skip na karein. Fresh fruit khayein.","Is mahine paisa aayega par kisi anavashyak cheez par kharch ho sakta hai. Ruk kar kharch karein.","",""
ARIES,MONTHLY,8,"Is mahine partner se koi purani baat chubh sakti hai, khul kar baat karein. Chhoti baat ko bada na banayein.","Is mahine career me koi rukavat aa sakti hai, par dhairya se kaam lein. Koi purana project pura hoga.","Is mahine mansik tanav ho sakta hai, meditation karein. Neend poori karein.","Is mahine kisi dost se udhaar dene se bachein, warna paisa wapas nahi milega. Apne paise sambhal kar rakhein.","",""
ARIES,MONTHLY,9,"Is mahine prem jeevan me shanti rahegi, partner ka sahyog milega. Kisi shubh karyakram me shirkat karne ka mauka milega.","Is mahine office me yojana ko sarahna milegi. Team ke saath milkar kaam karein to safalta milegi.","Is mahine pet aur digestion ka dhyan rakhein, ghar ka khana khayein. Paani adhik peeyein.","Is mahine aarthik sthiti sudhregi, koi purana nivesh fal dega. Nayi yojana banayein.","",""
ARIES,MONTHLY,10,"Is mahine partner ke saath koi shubh samachar sunne ko milega. Rishta aur mazboot hoga.","Is mahine career me naya mauka milega, interview ya meeting me safalta milegi. Confidence se baat karein.","Is mahine sharir me halki sustee rahegi, vyayam karein. Bahar ka khana avoid karein.","Is mahine paisa aayega par kharch bhi hoga. Kisi ko daan karein to punya milega.","",""
ARIES,MONTHLY,11,"Is mahine partner ki sehat ka dhyan rakhein, unke saath samay bitayein. Chhoti baat par jhagda na karein.","Is mahine office me koi purana kaam pura hoga, senior khush honge. Naye project ki taiyari karein.","Is mahine gale me halki kharish ho sakti hai, garm paani peekar rahat milegi. Zyada bolne se bachein.","Is mahine koi purana lend wapas milega. Lekin naye nivesh se pehle achhi tarah soch lein.","",""
ARIES,MONTHLY,12,"Is mahine prem jeevan me utar-chadhav rahega, partner se baat karke sab theek ho jayega. Sabr rakhein.","Is mahine career me thodi deri ho sakti hai, par kaam poora hoga. Kisi colleague ki madad karein.","Is mahine sir dard ho sakta hai, stress kam karein. Paani adhik peeyein aur aaram karein.","Is mahine kharcha tez hoga, kisi bade nivesh se bachein. Budget banayein aur usi me rahein.","",""
ARIES,MONTHLY,13,"Is mahine kisi purane rishte me nayi jaan aayegi, purane mitra se mulakat hogi. Dil ki baat kehne me jhijhak na karein.","Is mahine office me mehnat ki tareef hogi, promotion ke chances hain. Mehnat jaari rakhein.","Is mahine sehat achhi rahegi, bas subah walk zaroor karein. Junk food avoid karein.","Is mahine aarthik labh hoga, koi bonus ya gift mil sakta hai. Bachat par dhyan dein.","",""
ARIES,MONTHLY,14,"Is mahine partner ke saath koi naya plan banega, ghoomne ka mauka milega. Saath me samay bitayein.","Is mahine career me koi naya mauka milega, turant haan na kahein. Soch samajh kar nirnay lein.","Is mahine thodi thakan mehsoos hogi, aaram karein. Neend poori karein aur stress kam karein.","Is mahine paisa aayega par kharch bhi hoga. Kisi zaruratmand ki madad karein, punya milega.","",""
ARIES,MONTHLY,15,"Is mahine prem jeevan me shanti rahegi, partner ka sahyog milega. Kisi shubh karyakram me shirkat karne ka mauka milega.","Is mahine office me yojana ko sarahna milegi. Team ke saath milkar kaam karein to safalta milegi.","Is mahine pet aur digestion ka dhyan rakhein, ghar ka khana khayein. Paani adhik peeyein.","Is mahine aarthik sthiti sudhregi, koi purana nivesh fal dega. Nayi yojana banayein.","",""
ARIES,MONTHLY,16,"Is mahine partner ke saath koi shubh samachar sunne ko milega. Rishta aur mazboot hoga.","Is mahine career me naya mauka milega, interview ya meeting me safalta milegi. Confidence se baat karein.","Is mahine sharir me halki sustee rahegi, vyayam karein. Bahar ka khana avoid karein.","Is mahine paisa aayega par kharch bhi hoga. Kisi ko daan karein to punya milega.","",""
ARIES,MONTHLY,17,"Is mahine partner ki sehat ka dhyan rakhein, unke saath samay bitayein. Chhoti baat par jhagda na karein.","Is mahine office me koi purana kaam pura hoga, senior khush honge. Naye project ki taiyari karein.","Is mahine gale me halki kharish ho sakti hai, garm paani peekar rahat milegi. Zyada bolne se bachein.","Is mahine koi purana lend wapas milega. Lekin naye nivesh se pehle achhi tarah soch lein.","",""
ARIES,MONTHLY,18,"Is mahine prem jeevan me utar-chadhav rahega, partner se baat karke sab theek ho jayega. Sabr rakhein.","Is mahine career me thodi deri ho sakti hai, par kaam poora hoga. Kisi colleague ki madad karein.","Is mahine sir dard ho sakta hai, stress kam karein. Paani adhik peeyein aur aaram karein.","Is mahine kharcha tez hoga, kisi bade nivesh se bachein. Budget banayein aur usi me rahein.","",""
ARIES,MONTHLY,19,"Is mahine kisi purane rishte me nayi jaan aayegi, purane mitra se mulakat hogi. Dil ki baat kehne me jhijhak na karein.","Is mahine office me mehnat ki tareef hogi, promotion ke chances hain. Mehnat jaari rakhein.","Is mahine sehat achhi rahegi, bas subah walk zaroor karein. Junk food avoid karein.","Is mahine aarthik labh hoga, koi bonus ya gift mil sakta hai. Bachat par dhyan dein.","",""
ARIES,MONTHLY,20,"Is mahine partner ke saath koi naya plan banega, ghoomne ka mauka milega. Saath me samay bitayein.","Is mahine career me koi naya mauka milega, turant haan na kahein. Soch samajh kar nirnay lein.","Is mahine thodi thakan mehsoos hogi, aaram karein. Neend poori karein aur stress kam karein.","Is mahine paisa aayega par kharch bhi hoga. Kisi zaruratmand ki madad karein, punya milega.","",""
ARIES,MONTHLY,21,"Is mahine prem jeevan me shanti rahegi, partner ka sahyog milega. Kisi shubh karyakram me shirkat karne ka mauka milega.","Is mahine office me yojana ko sarahna milegi. Team ke saath milkar kaam karein to safalta milegi.","Is mahine pet aur digestion ka dhyan rakhein, ghar ka khana khayein. Paani adhik peeyein.","Is mahine aarthik sthiti sudhregi, koi purana nivesh fal dega. Nayi yojana banayein.","",""
ARIES,MONTHLY,22,"Is mahine partner ke saath koi shubh samachar sunne ko milega. Rishta aur mazboot hoga.","Is mahine career me naya mauka milega, interview ya meeting me safalta milegi. Confidence se baat karein.","Is mahine sharir me halki sustee rahegi, vyayam karein. Bahar ka khana avoid karein.","Is mahine paisa aayega par kharch bhi hoga. Kisi ko daan karein to punya milega.","",""
ARIES,MONTHLY,23,"Is mahine partner ki sehat ka dhyan rakhein, unke saath samay bitayein. Chhoti baat par jhagda na karein.","Is mahine office me koi purana kaam pura hoga, senior khush honge. Naye project ki taiyari karein.","Is mahine gale me halki kharish ho sakti hai, garm paani peekar rahat milegi. Zyada bolne se bachein.","Is mahine koi purana lend wapas milega. Lekin naye nivesh se pehle achhi tarah soch lein.","",""
ARIES,MONTHLY,24,"Is mahine prem jeevan me utar-chadhav rahega, partner se baat karke sab theek ho jayega. Sabr rakhein.","Is mahine career me thodi deri ho sakti hai, par kaam poora hoga. Kisi colleague ki madad karein.","Is mahine sir dard ho sakta hai, stress kam karein. Paani adhik peeyein aur aaram karein.","Is mahine kharcha tez hoga, kisi bade nivesh se bachein. Budget banayein aur usi me rahein.","",""
ARIES,MONTHLY,25,"Is mahine kisi purane rishte me nayi jaan aayegi, purane mitra se mulakat hogi. Dil ki baat kehne me jhijhak na karein.","Is mahine office me mehnat ki tareef hogi, promotion ke chances hain. Mehnat jaari rakhein.","Is mahine sehat achhi rahegi, bas subah walk zaroor karein. Junk food avoid karein.","Is mahine aarthik labh hoga, koi bonus ya gift mil sakta hai. Bachat par dhyan dein.","",""
ARIES,MONTHLY,26,"Is mahine partner ke saath koi naya plan banega, ghoomne ka mauka milega. Saath me samay bitayein.","Is mahine career me koi naya mauka milega, turant haan na kahein. Soch samajh kar nirnay lein.","Is mahine thodi thakan mehsoos hogi, aaram karein. Neend poori karein aur stress kam karein.","Is mahine paisa aayega par kharch bhi hoga. Kisi zaruratmand ki madad karein, punya milega.","",""
ARIES,MONTHLY,27,"Is mahine prem jeevan me shanti rahegi, partner ka sahyog milega. Kisi shubh karyakram me shirkat karne ka mauka milega.","Is mahine office me yojana ko sarahna milegi. Team ke saath milkar kaam karein to safalta milegi.","Is mahine pet aur digestion ka dhyan rakhein, ghar ka khana khayein. Paani adhik peeyein.","Is mahine aarthik sthiti sudhregi, koi purana nivesh fal dega. Nayi yojana banayein.","",""
ARIES,MONTHLY,28,"Is mahine partner ke saath koi shubh samachar sunne ko milega. Rishta aur mazboot hoga.","Is mahine career me naya mauka milega, interview ya meeting me safalta milegi. Confidence se baat karein.","Is mahine sharir me halki sustee rahegi, vyayam karein. Bahar ka khana avoid karein.","Is mahine paisa aayega par kharch bhi hoga. Kisi ko daan karein to punya milega.","",""
ARIES,MONTHLY,29,"Is mahine partner ki sehat ka dhyan rakhein, unke saath samay bitayein. Chhoti baat par jhagda na karein.","Is mahine office me koi purana kaam pura hoga, senior khush honge. Naye project ki taiyari karein.","Is mahine gale me halki kharish ho sakti hai, garm paani peekar rahat milegi. Zyada bolne se bachein.","Is mahine koi purana lend wapas milega. Lekin naye nivesh se pehle achhi tarah soch lein.","",""
ARIES,YEARLY,0,"Is saal prem jeevan me badi urja aayegi, vivah ke yog ban sakte hain ya purana rishta gahra hoga. Partner ke saath samay bitane ka khoob mauka milega.","Is saal career me bada badlav sambhav hai, naukri badal sakti hai ya promotion milegi. Mehnat ka poora fal zaroor milega.","Is saal sehat achhi rahegi, bas niyamit vyayam aur santulit ahar apnayein. Stress kam karein aur neend poori karein.","Is saal aarthik sthiti majboot hogi, koi bada nivesh fal dega. Lekin faltu kharch se bachein aur bachat karein.","",""
TAURUS,TODAY,0,"Aaj partner ke saath samay bitane ka mauka milega, purani galatfehmi door hogi. Dil ki baat khul kar kehna aaj aapke rishte ko mazboot banayega.","Career me aaj koi naya kaam shuru karne ka mauka mil sakta hai, senior ka sahyog milega. Jaldbazi na karein, soch samajh kar kadam uthayein.","Aaj sehat achhi rahegi, bas subah walk zaroor karein. Zyada thanda aur fried khane se bachein.","Aaj paisa aayega, kisi purane lend ka paisa wapas mil sakta hai. Lekin faltu kharch se bachein.","2","White"
TAURUS,TODAY,1,"Aaj prem jeevan me nayi urja aayegi, koi purana mitra mil sakta hai. Partner ki baat dhyan se sunein, jhagda ho sakta hai.","Office me aapki mehnat ki tareef hogi, promotion ke chances hain. Colleagues ke saath mil kar kaam karein.","Aaj thodi thakan mehsoos hogi, aaram karein. Paani adhik peeyein aur stress kam karein.","Aaj kharcha thoda zyada ho sakta hai, budget banayein. Kisi naye nivesh se pehle soch-vichar karein.","6","Pink"
TAURUS,TODAY,2,"Aaj partner ke saath koi purana mamla sulah ho sakta hai. Rishte me vishwas badhega aur madhurta aayegi.","Career me aaj koi rukavat aa sakti hai, dhairya rakhein. Kisi colleague se salah lein to fayda hoga.","Aaj gale aur sans me halki takleef ho sakti hai. Garm kapde pehnein aur thanda na khayein.","Aaj paisa aayega par kharch bhi hoga. Kisi zaruratmand ki madad karein, punya milega.","11","Green"
TAURUS,TODAY,3,"Aaj kisi khaas insaan se mulaqat hogi jo aapka din bana degi. Purane jhagde sulah ho sakte hain.","Aaj office me aapki raay ko mahatva milega. Kisi naye project ki zimmedari mil sakti hai.","Sehat ke liye aaj halka vyayam karein aur khub paani peeyein. Sir dard ho sakta hai.","Aaj aarthik sthiti majboot rahegi, koi purana karz chukane ka mauka milega.","15","Yellow"
TAURUS,TODAY,4,"Aaj partner ke saath chhoti baat par takraar ho sakti hai, shaant rahein. Raat ko sulah ho jayegi.","Career me aaj koi naya mauka milega, turant haan na kahein. Soch samajh kar nirnay lein.","Aaj pet me halki gadbad ho sakti hai, halka khana khayein. Bahar ka khana avoid karein.","Aaj paisa haath me aayega par kharch bhi tez hoga. Bachat par dhyan dein.","20","Blue"
TAURUS,TODAY,5,"Aaj prem jeevan me madhurta rahegi, partner ke saath ghoomne ka mauka milega. Kisi purane mitra se mulakat hogi.","Aaj office me aapki mehnat ki sarahna hogi. Senior aapki baat maanenge, confidence rakhein.","Aaj urja se bharpur rahenge, vyayam karne ka mann karega. Lekin zyada garmi se bachein.","Aaj kisi naye kaam me nivesh karne ka mauka milega, soch samajh kar haan kahein.","24","Orange"
TAURUS,TODAY,6,"Aaj partner ke saath koi naya rishta shuru ho sakta hai ya purana gahra ho sakta hai. Dil ki baat kehne me jhijhak na karein.","Career me aaj thodi bhaag-daud rahegi, meetings me vyast rahenge. Jaldbazi me galti na karein.","Aaj jodon me halka dard ho sakta hai, aaram karein. Subah ki dhoop aapke liye faydemand hai.","Aaj aarthik labh hoga, koi bonus ya gift mil sakta hai. Lekin kharch par niyantran rakhein.","28","Maroon"
TAURUS,TODAY,7,"Aaj partner aapko surprise de sakta hai, prem me nayi urja aayegi. Saath me kuch naya try karein.","Aaj career me koi bada faisla lena pad sakta hai, savdhani se sochein. Kisi anubhavi se salah lein.","Aaj sehat achhi rahegi, bas subah ka nashta skip na karein. Fresh fruit khayein.","Aaj paisa aayega par kisi anavashyak cheez par kharch ho sakta hai. Ruk kar kharch karein.","3","Purple"
TAURUS,TODAY,8,"Aaj partner se koi purani baat chubh sakti hai, khul kar baat karein. Chhoti baat ko bada na banayein.","Career me aaj koi rukavat aa sakti hai, par dhairya se kaam lein. Koi purana project pura hoga.","Aaj mansik tanav ho sakta hai, meditation karein. Neend poori karein.","Aaj kisi dost se udhaar dene se bachein, warna paisa wapas nahi milega. Apne paise sambhal kar rakhein.","9","Grey"
TAURUS,TODAY,9,"Aaj prem jeevan me shanti rahegi, partner ka sahyog milega. Kisi shubh karyakram me shirkat karne ka mauka milega.","Aaj office me aapki yojana ko sarahna milegi. Team ke saath milkar kaam karein to safalta milegi.","Aaj pet aur digestion ka dhyan rakhein, ghar ka khana khayein. Paani adhik peeyein.","Aaj aarthik sthiti sudhregi, koi purana nivesh fal dega. Nayi yojana banayein.","14","Yellow"
TAURUS,TODAY,10,"Aaj partner ke saath koi shubh samachar sunne ko milega. Rishta aur mazboot hoga.","Aaj career me naya mauka milega, interview ya meeting me safalta milegi. Confidence se baat karein.","Aaj sharir me halki sustee rahegi, vyayam karein. Bahar ka khana avoid karein.","Aaj paisa aayega par kharch bhi hoga. Kisi ko daan karein to punya milega.","18","Pink"
TAURUS,TODAY,11,"Aaj partner ki sehat ka dhyan rakhein, unke saath samay bitayein. Chhoti baat par jhagda na karein.","Aaj office me koi purana kaam pura hoga, senior khush honge. Naye project ki taiyari karein.","Aaj gale me halki kharish ho sakti hai, garm paani peekar rahat milegi. Zyada bolne se bachein.","Aaj koi purana lend wapas milega. Lekin naye nivesh se pehle achhi tarah soch lein.","22","White"
TAURUS,TODAY,12,"Aaj prem jeevan me utar-chadhav rahega, partner se baat karke sab theek ho jayega. Sabr rakhein.","Aaj career me thodi deri ho sakti hai, par kaam poora hoga. Kisi colleague ki madad karein.","Aaj sir dard ho sakta hai, stress kam karein. Paani adhik peeyein aur aaram karein.","Aaj kharcha tez hoga, kisi bade nivesh se bachein. Budget banayein aur usi me rahein.","5","Blue"
TAURUS,TODAY,13,"Aaj kisi purane rishte me nayi jaan aayegi, purane mitra se mulakat hogi. Dil ki baat kehne me jhijhak na karein.","Aaj office me aapki mehnat ki tareef hogi, promotion ke chances hain. Mehnat jaari rakhein.","Aaj sehat achhi rahegi, bas subah walk zaroor karein. Junk food avoid karein.","Aaj aarthik labh hoga, koi bonus ya gift mil sakta hai. Bachat par dhyan dein.","26","Green"
TAURUS,TODAY,14,"Aaj partner ke saath koi naya plan banega, ghoomne ka mauka milega. Saath me samay bitayein.","Aaj career me koi naya mauka milega, turant haan na kahein. Soch samajh kar nirnay lein.","Aaj thodi thakan mehsoos hogi, aaram karein. Neend poori karein aur stress kam karein.","Aaj paisa aayega par kharch bhi hoga. Kisi zaruratmand ki madad karein, punya milega.","8","Orange"
TAURUS,TODAY,15,"Aaj prem jeevan me shanti rahegi, partner ka sahyog milega. Kisi shubh karyakram me shirkat karne ka mauka milega.","Aaj office me aapki yojana ko sarahna milegi. Team ke saath milkar kaam karein to safalta milegi.","Aaj pet aur digestion ka dhyan rakhein, ghar ka khana khayein. Paani adhik peeyein.","Aaj aarthik sthiti sudhregi, koi purana nivesh fal dega. Nayi yojana banayein.","12","Yellow"
TAURUS,TODAY,16,"Aaj partner ke saath koi shubh samachar sunne ko milega. Rishta aur mazboot hoga.","Aaj career me naya mauka milega, interview ya meeting me safalta milegi. Confidence se baat karein.","Aaj sharir me halki sustee rahegi, vyayam karein. Bahar ka khana avoid karein.","Aaj paisa aayega par kharch bhi hoga. Kisi ko daan karein to punya milega.","19","Pink"
TAURUS,TODAY,17,"Aaj partner ki sehat ka dhyan rakhein, unke saath samay bitayein. Chhoti baat par jhagda na karein.","Aaj office me koi purana kaam pura hoga, senior khush honge. Naye project ki taiyari karein.","Aaj gale me halki kharish ho sakti hai, garm paani peekar rahat milegi. Zyada bolne se bachein.","Aaj koi purana lend wapas milega. Lekin naye nivesh se pehle achhi tarah soch lein.","21","White"
TAURUS,TODAY,18,"Aaj prem jeevan me utar-chadhav rahega, partner se baat karke sab theek ho jayega. Sabr rakhein.","Aaj career me thodi deri ho sakti hai, par kaam poora hoga. Kisi colleague ki madad karein.","Aaj sir dard ho sakta hai, stress kam karein. Paani adhik peeyein aur aaram karein.","Aaj kharcha tez hoga, kisi bade nivesh se bachein. Budget banayein aur usi me rahein.","7","Blue"
TAURUS,TODAY,19,"Aaj kisi purane rishte me nayi jaan aayegi, purane mitra se mulakat hogi. Dil ki baat kehne me jhijhak na karein.","Aaj office me aapki mehnat ki tareef hogi, promotion ke chances hain. Mehnat jaari rakhein.","Aaj sehat achhi rahegi, bas subah walk zaroor karein. Junk food avoid karein.","Aaj aarthik labh hoga, koi bonus ya gift mil sakta hai. Bachat par dhyan dein.","13","Green"
TAURUS,TODAY,20,"Aaj partner ke saath koi naya plan banega, ghoomne ka mauka milega. Saath me samay bitayein.","Aaj career me koi naya mauka milega, turant haan na kahein. Soch samajh kar nirnay lein.","Aaj thodi thakan mehsoos hogi, aaram karein. Neend poori karein aur stress kam karein.","Aaj paisa aayega par kharch bhi hoga. Kisi zaruratmand ki madad karein, punya milega.","25","Orange"
TAURUS,TODAY,21,"Aaj prem jeevan me shanti rahegi, partner ka sahyog milega. Kisi shubh karyakram me shirkat karne ka mauka milega.","Aaj office me aapki yojana ko sarahna milegi. Team ke saath milkar kaam karein to safalta milegi.","Aaj pet aur digestion ka dhyan rakhein, ghar ka khana khayein. Paani adhik peeyein.","Aaj aarthik sthiti sudhregi, koi purana nivesh fal dega. Nayi yojana banayein.","10","Yellow"
TAURUS,TODAY,22,"Aaj partner ke saath koi shubh samachar sunne ko milega. Rishta aur mazboot hoga.","Aaj career me naya mauka milega, interview ya meeting me safalta milegi. Confidence se baat karein.","Aaj sharir me halki sustee rahegi, vyayam karein. Bahar ka khana avoid karein.","Aaj paisa aayega par kharch bhi hoga. Kisi ko daan karein to punya milega.","17","Pink"
TAURUS,TODAY,23,"Aaj partner ki sehat ka dhyan rakhein, unke saath samay bitayein. Chhoti baat par jhagda na karein.","Aaj office me koi purana kaam pura hoga, senior khush honge. Naye project ki taiyari karein.","Aaj gale me halki kharish ho sakti hai, garm paani peekar rahat milegi. Zyada bolne se bachein.","Aaj koi purana lend wapas milega. Lekin naye nivesh se pehle achhi tarah soch lein.","29","White"
TAURUS,TODAY,24,"Aaj prem jeevan me utar-chadhav rahega, partner se baat karke sab theek ho jayega. Sabr rakhein.","Aaj career me thodi deri ho sakti hai, par kaam poora hoga. Kisi colleague ki madad karein.","Aaj sir dard ho sakta hai, stress kam karein. Paani adhik peeyein aur aaram karein.","Aaj kharcha tez hoga, kisi bade nivesh se bachein. Budget banayein aur usi me rahein.","1","Blue"
TAURUS,TODAY,25,"Aaj kisi purane rishte me nayi jaan aayegi, purane mitra se mulakat hogi. Dil ki baat kehne me jhijhak na karein.","Aaj office me aapki mehnat ki tareef hogi, promotion ke chances hain. Mehnat jaari rakhein.","Aaj sehat achhi rahegi, bas subah walk zaroor karein. Junk food avoid karein.","Aaj aarthik labh hoga, koi bonus ya gift mil sakta hai. Bachat par dhyan dein.","23","Green"
TAURUS,TODAY,26,"Aaj partner ke saath koi naya plan banega, ghoomne ka mauka milega. Saath me samay bitayein.","Aaj career me koi naya mauka milega, turant haan na kahein. Soch samajh kar nirnay lein.","Aaj thodi thakan mehsoos hogi, aaram karein. Neend poori karein aur stress kam karein.","Aaj paisa aayega par kharch bhi hoga. Kisi zaruratmand ki madad karein, punya milega.","4","Orange"
TAURUS,TODAY,27,"Aaj prem jeevan me shanti rahegi, partner ka sahyog milega. Kisi shubh karyakram me shirkat karne ka mauka milega.","Aaj office me aapki yojana ko sarahna milegi. Team ke saath milkar kaam karein to safalta milegi.","Aaj pet aur digestion ka dhyan rakhein, ghar ka khana khayein. Paani adhik peeyein.","Aaj aarthik sthiti sudhregi, koi purana nivesh fal dega. Nayi yojana banayein.","16","Yellow"
TAURUS,TODAY,28,"Aaj partner ke saath koi shubh samachar sunne ko milega. Rishta aur mazboot hoga.","Aaj career me naya mauka milega, interview ya meeting me safalta milegi. Confidence se baat karein.","Aaj sharir me halki sustee rahegi, vyayam karein. Bahar ka khana avoid karein.","Aaj paisa aayega par kharch bhi hoga. Kisi ko daan karein to punya milega.","27","Pink"
TAURUS,TODAY,29,"Aaj partner ki sehat ka dhyan rakhein, unke saath samay bitayein. Chhoti baat par jhagda na karein.","Aaj office me koi purana kaam pura hoga, senior khush honge. Naye project ki taiyari karein.","Aaj gale me halki kharish ho sakti hai, garm paani peekar rahat milegi. Zyada bolne se bachein.","Aaj koi purana lend wapas milega. Lekin naye nivesh se pehle achhi tarah soch lein.","30","White"
TAURUS,YESTERDAY,0,"Kal partner ke saath samay bitane ka mauka mila tha, purani galatfehmi door hui. Dil ki baat khul kar kehna rishte ko mazboot banata hai.","Kal career me koi naya kaam shuru karne ka mauka mila tha, senior ka sahyog mila. Jaldbazi na karna hi samajhdari hai.","Kal sehat achhi rahi, subah walk ka fayda mila. Thanda aur fried khane se bachna chahiye.","Kal paisa aaya, kisi purane lend ka paisa wapas mila. Lekin faltu kharch se bachna chahiye.","",""
TAURUS,YESTERDAY,1,"Kal prem jeevan me nayi urja aayi, koi purana mitra mila. Partner ki baat dhyan se sunni chahiye thi.","Kal office me mehnat ki tareef hui, promotion ke chances bane. Colleagues ke saath milkar kaam karna faydemand raha.","Kal thodi thakan mehsoos hui, aaram karna zaroori tha. Paani adhik peena aur stress kam karna chahiye.","Kal kharcha thoda zyada ho gaya, budget banane ki zarurat thi. Naye nivesh se pehle soch-vichar karna chahiye.","",""
TAURUS,YESTERDAY,2,"Kal partner ke saath koi purana mamla sulah hua. Rishte me vishwas badha aur madhurta aayi.","Kal career me koi rukavat aayi thi, dhairya rakhna zaroori tha. Kisi colleague se salah lena faydemand raha.","Kal gale aur sans me halki takleef hui. Garm kapde pehenna aur thanda na khana chahiye.","Kal paisa aaya par kharch bhi hua. Kisi zaruratmand ki madad karne se punya mila.","",""
TAURUS,YESTERDAY,3,"Kal kisi khaas insaan se mulaqat hui jo din bana gayi. Purane jhagde sulah ho gaye.","Kal office me raay ko mahatva mila. Kisi naye project ki zimmedari mili.","Kal sehat ke liye halka vyayam karna aur khub paani peena faydemand raha. Sir dard ho sakta tha.","Kal aarthik sthiti majboot rahi, koi purana karz chukane ka mauka mila.","",""
TAURUS,YESTERDAY,4,"Kal partner ke saath chhoti baat par takraar hui thi, shaant rehna chahiye tha. Raat ko sulah ho gayi.","Kal career me koi naya mauka mila, turant haan nahi kehna chahiye tha. Soch samajh kar nirnay lena chahiye.","Kal pet me halki gadbad hui, halka khana khana chahiye tha. Bahar ka khana avoid karna chahiye.","Kal paisa haath me aaya par kharch bhi tez hua. Bachat par dhyan dena chahiye tha.","",""
TAURUS,YESTERDAY,5,"Kal prem jeevan me madhurta rahi, partner ke saath ghoomne ka mauka mila. Kisi purane mitra se mulakat hui.","Kal office me mehnat ki sarahna hui. Senior ne baat maani, confidence rakhna chahiye tha.","Kal urja se bharpur rahe, vyayam karne ka mann kiya. Lekin zyada garmi se bachna chahiye tha.","Kal kisi naye kaam me nivesh karne ka mauka mila, soch samajh kar haan kehna chahiye tha.","",""
TAURUS,YESTERDAY,6,"Kal partner ke saath koi naya rishta shuru hua ya purana gahra hua. Dil ki baat kehne me jhijhak nahi karni chahiye thi.","Kal career me thodi bhaag-daud rahi, meetings me vyast rahe. Jaldbazi me galti nahi karni chahiye thi.","Kal jodon me halka dard hua, aaram karna chahiye tha. Subah ki dhoop faydemand rahi.","Kal aarthik labh hua, koi bonus ya gift mila. Lekin kharch par niyantran rakhna chahiye tha.","",""
TAURUS,YESTERDAY,7,"Kal partner ne surprise diya, prem me nayi urja aayi. Saath me kuch naya try karna chahiye tha.","Kal career me koi bada faisla lena pada, savdhani se sochna chahiye tha. Kisi anubhavi se salah leni chahiye thi.","Kal sehat achhi rahi, bas subah ka nashta skip nahi karna chahiye tha. Fresh fruit khane chahiye the.","Kal paisa aaya par kisi anavashyak cheez par kharch ho gaya. Ruk kar kharch karna chahiye tha.","",""
TAURUS,YESTERDAY,8,"Kal partner se koi purani baat chubhi thi, khul kar baat karni chahiye thi. Chhoti baat ko bada nahi banana chahiye tha.","Kal career me koi rukavat aayi, par dhairya se kaam liya. Koi purana project pura hua.","Kal mansik tanav hua, meditation karna chahiye tha. Neend poori karni chahiye thi.","Kal kisi dost se udhaar dena nahi chahiye tha, warna paisa wapas nahi milta. Apne paise sambhal kar rakhne chahiye the.","",""
TAURUS,YESTERDAY,9,"Kal prem jeevan me shanti rahi, partner ka sahyog mila. Kisi shubh karyakram me shirkat karne ka mauka mila.","Kal office me yojana ko sarahna mili. Team ke saath milkar kaam karne se safalta mili.","Kal pet aur digestion ka dhyan rakhna chahiye tha, ghar ka khana khana chahiye tha. Paani adhik peena chahiye tha.","Kal aarthik sthiti sudhri, koi purana nivesh fal diya. Nayi yojana banani chahiye thi.","",""
TAURUS,YESTERDAY,10,"Kal partner ke saath koi shubh samachar sunne ko mila. Rishta aur mazboot hua.","Kal career me naya mauka mila, interview ya meeting me safalta mili. Confidence se baat karni chahiye thi.","Kal sharir me halki sustee rahi, vyayam karna chahiye tha. Bahar ka khana avoid karna chahiye tha.","Kal paisa aaya par kharch bhi hua. Kisi ko daan karne se punya mila.","",""
TAURUS,YESTERDAY,11,"Kal partner ki sehat ka dhyan rakhna chahiye tha, unke saath samay bitana chahiye tha. Chhoti baat par jhagda nahi karna chahiye tha.","Kal office me koi purana kaam pura hua, senior khush hue. Naye project ki taiyari karni chahiye thi.","Kal gale me halki kharish hui, garm paani peekar rahat mili. Zyada bolne se bachna chahiye tha.","Kal koi purana lend wapas mila. Lekin naye nivesh se pehle achhi tarah sochna chahiye tha.","",""
TAURUS,YESTERDAY,12,"Kal prem jeevan me utar-chadhav raha, partner se baat karke sab theek ho gaya. Sabr rakhna chahiye tha.","Kal career me thodi deri hui, par kaam poora hua. Kisi colleague ki madad karni chahiye thi.","Kal sir dard hua, stress kam karna chahiye tha. Paani adhik peena aur aaram karna chahiye tha.","Kal kharcha tez hua, kisi bade nivesh se bachna chahiye tha. Budget banakar usi me rehna chahiye tha.","",""
TAURUS,YESTERDAY,13,"Kal kisi purane rishte me nayi jaan aayi, purane mitra se mulakat hui. Dil ki baat kehne me jhijhak nahi karni chahiye thi.","Kal office me mehnat ki tareef hui, promotion ke chances bane. Mehnat jaari rakhni chahiye thi.","Kal sehat achhi rahi, bas subah walk karni chahiye thi. Junk food avoid karna chahiye tha.","Kal aarthik labh hua, koi bonus ya gift mila. Bachat par dhyan dena chahiye tha.","",""
TAURUS,YESTERDAY,14,"Kal partner ke saath koi naya plan bana, ghoomne ka mauka mila. Saath me samay bitana chahiye tha.","Kal career me koi naya mauka mila, turant haan nahi kehna chahiye tha. Soch samajh kar nirnay lena chahiye tha.","Kal thodi thakan mehsoos hui, aaram karna chahiye tha. Neend poori karni chahiye thi aur stress kam karna chahiye tha.","Kal paisa aaya par kharch bhi hua. Kisi zaruratmand ki madad karne se punya mila.","",""
TAURUS,YESTERDAY,15,"Kal prem jeevan me shanti rahi, partner ka sahyog mila. Kisi shubh karyakram me shirkat karne ka mauka mila.","Kal office me yojana ko sarahna mili. Team ke saath milkar kaam karne se safalta mili.","Kal pet aur digestion ka dhyan rakhna chahiye tha, ghar ka khana khana chahiye tha. Paani adhik peena chahiye tha.","Kal aarthik sthiti sudhri, koi purana nivesh fal diya. Nayi yojana banani chahiye thi.","",""
TAURUS,YESTERDAY,16,"Kal partner ke saath koi shubh samachar sunne ko mila. Rishta aur mazboot hua.","Kal career me naya mauka mila, interview ya meeting me safalta mili. Confidence se baat karni chahiye thi.","Kal sharir me halki sustee rahi, vyayam karna chahiye tha. Bahar ka khana avoid karna chahiye tha.","Kal paisa aaya par kharch bhi hua. Kisi ko daan karne se punya mila.","",""
TAURUS,YESTERDAY,17,"Kal partner ki sehat ka dhyan rakhna chahiye tha, unke saath samay bitana chahiye tha. Chhoti baat par jhagda nahi karna chahiye tha.","Kal office me koi purana kaam pura hua, senior khush hue. Naye project ki taiyari karni chahiye thi.","Kal gale me halki kharish hui, garm paani peekar rahat mili. Zyada bolne se bachna chahiye tha.","Kal koi purana lend wapas mila. Lekin naye nivesh se pehle achhi tarah sochna chahiye tha.","",""
TAURUS,YESTERDAY,18,"Kal prem jeevan me utar-chadhav raha, partner se baat karke sab theek ho gaya. Sabr rakhna chahiye tha.","Kal career me thodi deri hui, par kaam poora hua. Kisi colleague ki madad karni chahiye thi.","Kal sir dard hua, stress kam karna chahiye tha. Paani adhik peena aur aaram karna chahiye tha.","Kal kharcha tez hua, kisi bade nivesh se bachna chahiye tha. Budget banakar usi me rehna chahiye tha.","",""
TAURUS,YESTERDAY,19,"Kal kisi purane rishte me nayi jaan aayi, purane mitra se mulakat hui. Dil ki baat kehne me jhijhak nahi karni chahiye thi.","Kal office me mehnat ki tareef hui, promotion ke chances bane. Mehnat jaari rakhni chahiye thi.","Kal sehat achhi rahi, bas subah walk karni chahiye thi. Junk food avoid karna chahiye tha.","Kal aarthik labh hua, koi bonus ya gift mila. Bachat par dhyan dena chahiye tha.","",""
TAURUS,YESTERDAY,20,"Kal partner ke saath koi naya plan bana, ghoomne ka mauka mila. Saath me samay bitana chahiye tha.","Kal career me koi naya mauka mila, turant haan nahi kehna chahiye tha. Soch samajh kar nirnay lena chahiye tha.","Kal thodi thakan mehsoos hui, aaram karna chahiye tha. Neend poori karni chahiye thi aur stress kam karna chahiye tha.","Kal paisa aaya par kharch bhi hua. Kisi zaruratmand ki madad karne se punya mila.","",""
TAURUS,YESTERDAY,21,"Kal prem jeevan me shanti rahi, partner ka sahyog mila. Kisi shubh karyakram me shirkat karne ka mauka mila.","Kal office me yojana ko sarahna mili. Team ke saath milkar kaam karne se safalta mili.","Kal pet aur digestion ka dhyan rakhna chahiye tha, ghar ka khana khana chahiye tha. Paani adhik peena chahiye tha.","Kal aarthik sthiti sudhri, koi purana nivesh fal diya. Nayi yojana banani chahiye thi.","",""
TAURUS,YESTERDAY,22,"Kal partner ke saath koi shubh samachar sunne ko mila. Rishta aur mazboot hua.","Kal career me naya mauka mila, interview ya meeting me safalta mili. Confidence se baat karni chahiye thi.","Kal sharir me halki sustee rahi, vyayam karna chahiye tha. Bahar ka khana avoid karna chahiye tha.","Kal paisa aaya par kharch bhi hua. Kisi ko daan karne se punya mila.","",""
TAURUS,YESTERDAY,23,"Kal partner ki sehat ka dhyan rakhna chahiye tha, unke saath samay bitana chahiye tha. Chhoti baat par jhagda nahi karna chahiye tha.","Kal office me koi purana kaam pura hua, senior khush hue. Naye project ki taiyari karni chahiye thi.","Kal gale me halki kharish hui, garm paani peekar rahat mili. Zyada bolne se bachna chahiye tha.","Kal koi purana lend wapas mila. Lekin naye nivesh se pehle achhi tarah sochna chahiye tha.","",""
TAURUS,YESTERDAY,24,"Kal prem jeevan me utar-chadhav raha, partner se baat karke sab theek ho gaya. Sabr rakhna chahiye tha.","Kal career me thodi deri hui, par kaam poora hua. Kisi colleague ki madad karni chahiye thi.","Kal sir dard hua, stress kam karna chahiye tha. Paani adhik peena aur aaram karna chahiye tha.","Kal kharcha tez hua, kisi bade nivesh se bachna chahiye tha. Budget banakar usi me rehna chahiye tha.","",""
TAURUS,YESTERDAY,25,"Kal kisi purane rishte me nayi jaan aayi, purane mitra se mulakat hui. Dil ki baat kehne me jhijhak nahi karni chahiye thi.","Kal office me mehnat ki tareef hui, promotion ke chances bane. Mehnat jaari rakhni chahiye thi.","Kal sehat achhi rahi, bas subah walk karni chahiye thi. Junk food avoid karna chahiye tha.","Kal aarthik labh hua, koi bonus ya gift mila. Bachat par dhyan dena chahiye tha.","",""
TAURUS,YESTERDAY,26,"Kal partner ke saath koi naya plan bana, ghoomne ka mauka mila. Saath me samay bitana chahiye tha.","Kal career me koi naya mauka mila, turant haan nahi kehna chahiye tha. Soch samajh kar nirnay lena chahiye tha.","Kal thodi thakan mehsoos hui, aaram karna chahiye tha. Neend poori karni chahiye thi aur stress kam karna chahiye tha.","Kal paisa aaya par kharch bhi hua. Kisi zaruratmand ki madad karne se punya mila.","",""
TAURUS,YESTERDAY,27,"Kal prem jeevan me shanti rahi, partner ka sahyog mila. Kisi shubh karyakram me shirkat karne ka mauka mila.","Kal office me yojana ko sarahna mili. Team ke saath milkar kaam karne se safalta mili.","Kal pet aur digestion ka dhyan rakhna chahiye tha, ghar ka khana khana chahiye tha. Paani adhik peena chahiye tha.","Kal aarthik sthiti sudhri, koi purana nivesh fal diya. Nayi yojana banani chahiye thi.","",""
TAURUS,YESTERDAY,28,"Kal partner ke saath koi shubh samachar sunne ko mila. Rishta aur mazboot hua.","Kal career me naya mauka mila, interview ya meeting me safalta mili. Confidence se baat karni chahiye thi.","Kal sharir me halki sustee rahi, vyayam karna chahiye tha. Bahar ka khana avoid karna chahiye tha.","Kal paisa aaya par kharch bhi hua. Kisi ko daan karne se punya mila.","",""
TAURUS,YESTERDAY,29,"Kal partner ki sehat ka dhyan rakhna chahiye tha, unke saath samay bitana chahiye tha. Chhoti baat par jhagda nahi karna chahiye tha.","Kal office me koi purana kaam pura hua, senior khush hue. Naye project ki taiyari karni chahiye thi.","Kal gale me halki kharish hui, garm paani peekar rahat mili. Zyada bolne se bachna chahiye tha.","Kal koi purana lend wapas mila. Lekin naye nivesh se pehle achhi tarah sochna chahiye tha.","",""
TAURUS,TOMORROW,0,"Kal partner ke saath samay bitane ka mauka milega, purani galatfehmi door hogi. Dil ki baat khul kar kehna rishte ko mazboot banayega.","Kal career me koi naya kaam shuru karne ka mauka mil sakta hai, senior ka sahyog milega. Jaldbazi na karein.","Kal sehat achhi rahegi, subah walk zaroor karein. Thanda aur fried khane se bachein.","Kal paisa aayega, kisi purane lend ka paisa wapas mil sakta hai. Lekin faltu kharch se bachein.","",""
TAURUS,TOMORROW,1,"Kal prem jeevan me nayi urja aayegi, koi purana mitra mil sakta hai. Partner ki baat dhyan se sunein.","Kal office me mehnat ki tareef hogi, promotion ke chances hain. Colleagues ke saath milkar kaam karein.","Kal thodi thakan mehsoos hogi, aaram karein. Paani adhik peeyein aur stress kam karein.","Kal kharcha thoda zyada ho sakta hai, budget banayein. Naye nivesh se pehle soch-vichar karein.","",""
TAURUS,TOMORROW,2,"Kal partner ke saath koi purana mamla sulah ho sakta hai. Rishte me vishwas badhega aur madhurta aayegi.","Kal career me koi rukavat aa sakti hai, dhairya rakhein. Kisi colleague se salah lein to fayda hoga.","Kal gale aur sans me halki takleef ho sakti hai. Garm kapde pehnein aur thanda na khayein.","Kal paisa aayega par kharch bhi hoga. Kisi zaruratmand ki madad karein, punya milega.","",""
TAURUS,TOMORROW,3,"Kal kisi khaas insaan se mulaqat hogi jo din bana degi. Purane jhagde sulah ho sakte hain.","Kal office me raay ko mahatva milega. Kisi naye project ki zimmedari mil sakti hai.","Kal sehat ke liye halka vyayam karein aur khub paani peeyein. Sir dard ho sakta hai.","Kal aarthik sthiti majboot rahegi, koi purana karz chukane ka mauka milega.","",""
TAURUS,TOMORROW,4,"Kal partner ke saath chhoti baat par takraar ho sakti hai, shaant rahein. Raat ko sulah ho jayegi.","Kal career me koi naya mauka milega, turant haan na kahein. Soch samajh kar nirnay lein.","Kal pet me halki gadbad ho sakti hai, halka khana khayein. Bahar ka khana avoid karein.","Kal paisa haath me aayega par kharch bhi tez hoga. Bachat par dhyan dein.","",""
TAURUS,TOMORROW,5,"Kal prem jeevan me madhurta rahegi, partner ke saath ghoomne ka mauka milega. Kisi purane mitra se mulakat hogi.","Kal office me mehnat ki sarahna hogi. Senior aapki baat maanenge, confidence rakhein.","Kal urja se bharpur rahenge, vyayam karne ka mann karega. Lekin zyada garmi se bachein.","Kal kisi naye kaam me nivesh karne ka mauka milega, soch samajh kar haan kahein.","",""
TAURUS,TOMORROW,6,"Kal partner ke saath koi naya rishta shuru ho sakta hai ya purana gahra ho sakta hai. Dil ki baat kehne me jhijhak na karein.","Kal career me thodi bhaag-daud rahegi, meetings me vyast rahenge. Jaldbazi me galti na karein.","Kal jodon me halka dard ho sakta hai, aaram karein. Subah ki dhoop faydemand hai.","Kal aarthik labh hoga, koi bonus ya gift mil sakta hai. Lekin kharch par niyantran rakhein.","",""
TAURUS,TOMORROW,7,"Kal partner aapko surprise de sakta hai, prem me nayi urja aayegi. Saath me kuch naya try karein.","Kal career me koi bada faisla lena pad sakta hai, savdhani se sochein. Kisi anubhavi se salah lein.","Kal sehat achhi rahegi, bas subah ka nashta skip na karein. Fresh fruit khayein.","Kal paisa aayega par kisi anavashyak cheez par kharch ho sakta hai. Ruk kar kharch karein.","",""
TAURUS,TOMORROW,8,"Kal partner se koi purani baat chubh sakti hai, khul kar baat karein. Chhoti baat ko bada na banayein.","Kal career me koi rukavat aa sakti hai, par dhairya se kaam lein. Koi purana project pura hoga.","Kal mansik tanav ho sakta hai, meditation karein. Neend poori karein.","Kal kisi dost se udhaar dene se bachein, warna paisa wapas nahi milega. Apne paise sambhal kar rakhein.","",""
TAURUS,TOMORROW,9,"Kal prem jeevan me shanti rahegi, partner ka sahyog milega. Kisi shubh karyakram me shirkat karne ka mauka milega.","Kal office me yojana ko sarahna milegi. Team ke saath milkar kaam karein to safalta milegi.","Kal pet aur digestion ka dhyan rakhein, ghar ka khana khayein. Paani adhik peeyein.","Kal aarthik sthiti sudhregi, koi purana nivesh fal dega. Nayi yojana banayein.","",""
TAURUS,TOMORROW,10,"Kal partner ke saath koi shubh samachar sunne ko milega. Rishta aur mazboot hoga.","Kal career me naya mauka milega, interview ya meeting me safalta milegi. Confidence se baat karein.","Kal sharir me halki sustee rahegi, vyayam karein. Bahar ka khana avoid karein.","Kal paisa aayega par kharch bhi hoga. Kisi ko daan karein to punya milega.","",""
TAURUS,TOMORROW,11,"Kal partner ki sehat ka dhyan rakhein, unke saath samay bitayein. Chhoti baat par jhagda na karein.","Kal office me koi purana kaam pura hoga, senior khush honge. Naye project ki taiyari karein.","Kal gale me halki kharish ho sakti hai, garm paani peekar rahat milegi. Zyada bolne se bachein.","Kal koi purana lend wapas milega. Lekin naye nivesh se pehle achhi tarah soch lein.","",""
TAURUS,TOMORROW,12,"Kal prem jeevan me utar-chadhav rahega, partner se baat karke sab theek ho jayega. Sabr rakhein.","Kal career me thodi deri ho sakti hai, par kaam poora hoga. Kisi colleague ki madad karein.","Kal sir dard ho sakta hai, stress kam karein. Paani adhik peeyein aur aaram karein.","Kal kharcha tez hoga, kisi bade nivesh se bachein. Budget banayein aur usi me rahein.","",""
TAURUS,TOMORROW,13,"Kal kisi purane rishte me nayi jaan aayegi, purane mitra se mulakat hogi. Dil ki baat kehne me jhijhak na karein.","Kal office me mehnat ki tareef hogi, promotion ke chances hain. Mehnat jaari rakhein.","Kal sehat achhi rahegi, bas subah walk zaroor karein. Junk food avoid karein.","Kal aarthik labh hoga, koi bonus ya gift mil sakta hai. Bachat par dhyan dein.","",""
TAURUS,TOMORROW,14,"Kal partner ke saath koi naya plan banega, ghoomne ka mauka milega. Saath me samay bitayein.","Kal career me koi naya mauka milega, turant haan na kahein. Soch samajh kar nirnay lein.","Kal thodi thakan mehsoos hogi, aaram karein. Neend poori karein aur stress kam karein.","Kal paisa aayega par kharch bhi hoga. Kisi zaruratmand ki madad karein, punya milega.","",""
TAURUS,TOMORROW,15,"Kal prem jeevan me shanti rahegi, partner ka sahyog milega. Kisi shubh karyakram me shirkat karne ka mauka milega.","Kal office me yojana ko sarahna milegi. Team ke saath milkar kaam karein to safalta milegi.","Kal pet aur digestion ka dhyan rakhein, ghar ka khana khayein. Paani adhik peeyein.","Kal aarthik sthiti sudhregi, koi purana nivesh fal dega. Nayi yojana banayein.","",""
TAURUS,TOMORROW,16,"Kal partner ke saath koi shubh samachar sunne ko milega. Rishta aur mazboot hoga.","Kal career me naya mauka milega, interview ya meeting me safalta milegi. Confidence se baat karein.","Kal sharir me halki sustee rahegi, vyayam karein. Bahar ka khana avoid karein.","Kal paisa aayega par kharch bhi hoga. Kisi ko daan karein to punya milega.","",""
TAURUS,TOMORROW,17,"Kal partner ki sehat ka dhyan rakhein, unke saath samay bitayein. Chhoti baat par jhagda na karein.","Kal office me koi purana kaam pura hoga, senior khush honge. Naye project ki taiyari karein.","Kal gale me halki kharish ho sakti hai, garm paani peekar rahat milegi. Zyada bolne se bachein.","Kal koi purana lend wapas milega. Lekin naye nivesh se pehle achhi tarah soch lein.","",""
TAURUS,TOMORROW,18,"Kal prem jeevan me utar-chadhav rahega, partner se baat karke sab theek ho jayega. Sabr rakhein.","Kal career me thodi deri ho sakti hai, par kaam poora hoga. Kisi colleague ki madad karein.","Kal sir dard ho sakta hai, stress kam karein. Paani adhik peeyein aur aaram karein.","Kal kharcha tez hoga, kisi bade nivesh se bachein. Budget banayein aur usi me rahein.","",""
TAURUS,TOMORROW,19,"Kal kisi purane rishte me nayi jaan aayegi, purane mitra se mulakat hogi. Dil ki baat kehne me jhijhak na karein.","Kal office me mehnat ki tareef hogi, promotion ke chances hain. Mehnat jaari rakhein.","Kal sehat achhi rahegi, bas subah walk zaroor karein. Junk food avoid karein.","Kal aarthik labh hoga, koi bonus ya gift mil sakta hai. Bachat par dhyan dein.","",""
TAURUS,TOMORROW,20,"Kal partner ke saath koi naya plan banega, ghoomne ka mauka milega. Saath me samay bitayein.","Kal career me koi naya mauka milega, turant haan na kahein. Soch samajh kar nirnay lein.","Kal thodi thakan mehsoos hogi, aaram karein. Neend poori karein aur stress kam karein.","Kal paisa aayega par kharch bhi hoga. Kisi zaruratmand ki madad karein, punya milega.","",""
TAURUS,TOMORROW,21,"Kal prem jeevan me shanti rahegi, partner ka sahyog milega. Kisi shubh karyakram me shirkat karne ka mauka milega.","Kal office me yojana ko sarahna milegi. Team ke saath milkar kaam karein to safalta milegi.","Kal pet aur digestion ka dhyan rakhein, ghar ka khana khayein. Paani adhik peeyein.","Kal aarthik sthiti sudhregi, koi purana nivesh fal dega. Nayi yojana banayein.","",""
TAURUS,TOMORROW,22,"Kal partner ke saath koi shubh samachar sunne ko milega. Rishta aur mazboot hoga.","Kal career me naya mauka milega, interview ya meeting me safalta milegi. Confidence se baat karein.","Kal sharir me halki sustee rahegi, vyayam karein. Bahar ka khana avoid karein.","Kal paisa aayega par kharch bhi hoga. Kisi ko daan karein to punya milega.","",""
TAURUS,TOMORROW,23,"Kal partner ki sehat ka dhyan rakhein, unke saath samay bitayein. Chhoti baat par jhagda na karein.","Kal office me koi purana kaam pura hoga, senior khush honge. Naye project ki taiyari karein.","Kal gale me halki kharish ho sakti hai, garm paani peekar rahat milegi. Zyada bolne se bachein.","Kal koi purana lend wapas milega. Lekin naye nivesh se pehle achhi tarah soch lein.","",""
TAURUS,TOMORROW,24,"Kal prem jeevan me utar-chadhav rahega, partner se baat karke sab theek ho jayega. Sabr rakhein.","Kal career me thodi deri ho sakti hai, par kaam poora hoga. Kisi colleague ki madad karein.","Kal sir dard ho sakta hai, stress kam karein. Paani adhik peeyein aur aaram karein.","Kal kharcha tez hoga, kisi bade nivesh se bachein. Budget banayein aur usi me rahein.","",""
TAURUS,TOMORROW,25,"Kal kisi purane rishte me nayi jaan aayegi, purane mitra se mulakat hogi. Dil ki baat kehne me jhijhak na karein.","Kal office me mehnat ki tareef hogi, promotion ke chances hain. Mehnat jaari rakhein.","Kal sehat achhi rahegi, bas subah walk zaroor karein. Junk food avoid karein.","Kal aarthik labh hoga, koi bonus ya gift mil sakta hai. Bachat par dhyan dein.","",""
TAURUS,TOMORROW,26,"Kal partner ke saath koi naya plan banega, ghoomne ka mauka milega. Saath me samay bitayein.","Kal career me koi naya mauka milega, turant haan na kahein. Soch samajh kar nirnay lein.","Kal thodi thakan mehsoos hogi, aaram karein. Neend poori karein aur stress kam karein.","Kal paisa aayega par kharch bhi hoga. Kisi zaruratmand ki madad karein, punya milega.","",""
TAURUS,TOMORROW,27,"Kal prem jeevan me shanti rahegi, partner ka sahyog milega. Kisi shubh karyakram me shirkat karne ka mauka milega.","Kal office me yojana ko sarahna milegi. Team ke saath milkar kaam karein to safalta milegi.","Kal pet aur digestion ka dhyan rakhein, ghar ka khana khayein. Paani adhik peeyein.","Kal aarthik sthiti sudhregi, koi purana nivesh fal dega. Nayi yojana banayein.","",""
TAURUS,TOMORROW,28,"Kal partner ke saath koi shubh samachar sunne ko milega. Rishta aur mazboot hoga.","Kal career me naya mauka milega, interview ya meeting me safalta milegi. Confidence se baat karein.","Kal sharir me halki sustee rahegi, vyayam karein. Bahar ka khana avoid karein.","Kal paisa aayega par kharch bhi hoga. Kisi ko daan karein to punya milega.","",""
TAURUS,TOMORROW,29,"Kal partner ki sehat ka dhyan rakhein, unke saath samay bitayein. Chhoti baat par jhagda na karein.","Kal office me koi purana kaam pura hoga, senior khush honge. Naye project ki taiyari karein.","Kal gale me halki kharish ho sakti hai, garm paani peekar rahat milegi. Zyada bolne se bachein.","Kal koi purana lend wapas milega. Lekin naye nivesh se pehle achhi tarah soch lein.","",""
TAURUS,WEEKLY,0,"Is hafte prem jeevan me madhurta rahegi, partner ke saath samay bitane ka mauka milega. Kisi purane mitra se mulakat hogi.","Is hafte career me naya project milega, senior ka sahyog rahega. Mehnat ka fal zaroor milega.","Is hafte sehat achhi rahegi, bas subah walk aur halka vyayam karein. Junk food avoid karein.","Is hafte aarthik labh hoga, koi purana lend wapas milega. Lekin budget banakar chalein.","",""
TAURUS,WEEKLY,1,"Is hafte partner ke saath koi purana mamla sulah ho sakta hai. Rishte me vishwas badhega aur prem gahra hoga.","Is hafte office me aapki mehnat ki tareef hogi, promotion ke chances hain. Team ke saath milkar kaam karein.","Is hafte thodi thakan mehsoos hogi, aaram karein aur neend poori karein. Paani adhik peeyein.","Is hafte kharcha thoda zyada hoga, savdhani rakhein. Kisi naye nivesh se pehle soch-vichar karein.","",""
TAURUS,WEEKLY,2,"Is hafte kisi khaas insaan se mulaqat hogi jo dil ko khush kar degi. Purane jhagde sulah ho sakte hain.","Is hafte career me koi rukavat aa sakti hai, dhairya rakhein. Kisi colleague se salah lena faydemand hoga.","Is hafte gale aur sans me halki takleef ho sakti hai. Garm kapde pehnein aur thanda na khayein.","Is hafte paisa aayega par kharch bhi hoga. Kisi zaruratmand ki madad karein, punya milega.","",""
TAURUS,WEEKLY,3,"Is hafte prem jeevan me shanti rahegi, partner ka sahyog milega. Kisi shubh karyakram me shirkat karne ka mauka milega.","Is hafte office me aapki yojana ko sarahna milegi. Naye project ki zimmedari mil sakti hai.","Is hafte sehat ke liye halka vyayam karein aur khub paani peeyein. Sir dard se bachein.","Is hafte aarthik sthiti majboot rahegi, koi purana karz chukane ka mauka milega.","",""
TAURUS,WEEKLY,4,"Is hafte partner ke saath chhoti baat par takraar ho sakti hai, shaant rahein. Hafte ke ant me sulah ho jayegi.","Is hafte career me koi naya mauka milega, turant haan na kahein. Soch samajh kar nirnay lein.","Is hafte pet me halki gadbad ho sakti hai, halka khana khayein. Bahar ka khana avoid karein.","Is hafte paisa haath me aayega par kharch bhi tez hoga. Bachat par dhyan dein.","",""
TAURUS,WEEKLY,5,"Is hafte prem jeevan me madhurta rahegi, partner ke saath ghoomne ka mauka milega. Kisi purane mitra se mulakat hogi.","Is hafte office me mehnat ki sarahna hogi. Senior aapki baat maanenge, confidence rakhein.","Is hafte urja se bharpur rahenge, vyayam karne ka mann karega. Lekin zyada garmi se bachein.","Is hafte kisi naye kaam me nivesh karne ka mauka milega, soch samajh kar haan kahein.","",""
TAURUS,WEEKLY,6,"Is hafte partner ke saath koi naya rishta shuru ho sakta hai ya purana gahra ho sakta hai. Dil ki baat kehne me jhijhak na karein.","Is hafte career me thodi bhaag-daud rahegi, meetings me vyast rahenge. Jaldbazi me galti na karein.","Is hafte jodon me halka dard ho sakta hai, aaram karein. Subah ki dhoop faydemand hai.","Is hafte aarthik labh hoga, koi bonus ya gift mil sakta hai. Lekin kharch par niyantran rakhein.","",""
TAURUS,WEEKLY,7,"Is hafte partner aapko surprise de sakta hai, prem me nayi urja aayegi. Saath me kuch naya try karein.","Is hafte career me koi bada faisla lena pad sakta hai, savdhani se sochein. Kisi anubhavi se salah lein.","Is hafte sehat achhi rahegi, bas subah ka nashta skip na karein. Fresh fruit khayein.","Is hafte paisa aayega par kisi anavashyak cheez par kharch ho sakta hai. Ruk kar kharch karein.","",""
TAURUS,WEEKLY,8,"Is hafte partner se koi purani baat chubh sakti hai, khul kar baat karein. Chhoti baat ko bada na banayein.","Is hafte career me koi rukavat aa sakti hai, par dhairya se kaam lein. Koi purana project pura hoga.","Is hafte mansik tanav ho sakta hai, meditation karein. Neend poori karein.","Is hafte kisi dost se udhaar dene se bachein, warna paisa wapas nahi milega. Apne paise sambhal kar rakhein.","",""
TAURUS,WEEKLY,9,"Is hafte prem jeevan me shanti rahegi, partner ka sahyog milega. Kisi shubh karyakram me shirkat karne ka mauka milega.","Is hafte office me yojana ko sarahna milegi. Team ke saath milkar kaam karein to safalta milegi.","Is hafte pet aur digestion ka dhyan rakhein, ghar ka khana khayein. Paani adhik peeyein.","Is hafte aarthik sthiti sudhregi, koi purana nivesh fal dega. Nayi yojana banayein.","",""
TAURUS,WEEKLY,10,"Is hafte partner ke saath koi shubh samachar sunne ko milega. Rishta aur mazboot hoga.","Is hafte career me naya mauka milega, interview ya meeting me safalta milegi. Confidence se baat karein.","Is hafte sharir me halki sustee rahegi, vyayam karein. Bahar ka khana avoid karein.","Is hafte paisa aayega par kharch bhi hoga. Kisi ko daan karein to punya milega.","",""
TAURUS,WEEKLY,11,"Is hafte partner ki sehat ka dhyan rakhein, unke saath samay bitayein. Chhoti baat par jhagda na karein.","Is hafte office me koi purana kaam pura hoga, senior khush honge. Naye project ki taiyari karein.","Is hafte gale me halki kharish ho sakti hai, garm paani peekar rahat milegi. Zyada bolne se bachein.","Is hafte koi purana lend wapas milega. Lekin naye nivesh se pehle achhi tarah soch lein.","",""
TAURUS,WEEKLY,12,"Is hafte prem jeevan me utar-chadhav rahega, partner se baat karke sab theek ho jayega. Sabr rakhein.","Is hafte career me thodi deri ho sakti hai, par kaam poora hoga. Kisi colleague ki madad karein.","Is hafte sir dard ho sakta hai, stress kam karein. Paani adhik peeyein aur aaram karein.","Is hafte kharcha tez hoga, kisi bade nivesh se bachein. Budget banayein aur usi me rahein.","",""
TAURUS,WEEKLY,13,"Is hafte kisi purane rishte me nayi jaan aayegi, purane mitra se mulakat hogi. Dil ki baat kehne me jhijhak na karein.","Is hafte office me mehnat ki tareef hogi, promotion ke chances hain. Mehnat jaari rakhein.","Is hafte sehat achhi rahegi, bas subah walk zaroor karein. Junk food avoid karein.","Is hafte aarthik labh hoga, koi bonus ya gift mil sakta hai. Bachat par dhyan dein.","",""
TAURUS,WEEKLY,14,"Is hafte partner ke saath koi naya plan banega, ghoomne ka mauka milega. Saath me samay bitayein.","Is hafte career me koi naya mauka milega, turant haan na kahein. Soch samajh kar nirnay lein.","Is hafte thodi thakan mehsoos hogi, aaram karein. Neend poori karein aur stress kam karein.","Is hafte paisa aayega par kharch bhi hoga. Kisi zaruratmand ki madad karein, punya milega.","",""
TAURUS,WEEKLY,15,"Is hafte prem jeevan me shanti rahegi, partner ka sahyog milega. Kisi shubh karyakram me shirkat karne ka mauka milega.","Is hafte office me yojana ko sarahna milegi. Team ke saath milkar kaam karein to safalta milegi.","Is hafte pet aur digestion ka dhyan rakhein, ghar ka khana khayein. Paani adhik peeyein.","Is hafte aarthik sthiti sudhregi, koi purana nivesh fal dega. Nayi yojana banayein.","",""
TAURUS,WEEKLY,16,"Is hafte partner ke saath koi shubh samachar sunne ko milega. Rishta aur mazboot hoga.","Is hafte career me naya mauka milega, interview ya meeting me safalta milegi. Confidence se baat karein.","Is hafte sharir me halki sustee rahegi, vyayam karein. Bahar ka khana avoid karein.","Is hafte paisa aayega par kharch bhi hoga. Kisi ko daan karein to punya milega.","",""
TAURUS,WEEKLY,17,"Is hafte partner ki sehat ka dhyan rakhein, unke saath samay bitayein. Chhoti baat par jhagda na karein.","Is hafte office me koi purana kaam pura hoga, senior khush honge. Naye project ki taiyari karein.","Is hafte gale me halki kharish ho sakti hai, garm paani peekar rahat milegi. Zyada bolne se bachein.","Is hafte koi purana lend wapas milega. Lekin naye nivesh se pehle achhi tarah soch lein.","",""
TAURUS,WEEKLY,18,"Is hafte prem jeevan me utar-chadhav rahega, partner se baat karke sab theek ho jayega. Sabr rakhein.","Is hafte career me thodi deri ho sakti hai, par kaam poora hoga. Kisi colleague ki madad karein.","Is hafte sir dard ho sakta hai, stress kam karein. Paani adhik peeyein aur aaram karein.","Is hafte kharcha tez hoga, kisi bade nivesh se bachein. Budget banayein aur usi me rahein.","",""
TAURUS,WEEKLY,19,"Is hafte kisi purane rishte me nayi jaan aayegi, purane mitra se mulakat hogi. Dil ki baat kehne me jhijhak na karein.","Is hafte office me mehnat ki tareef hogi, promotion ke chances hain. Mehnat jaari rakhein.","Is hafte sehat achhi rahegi, bas subah walk zaroor karein. Junk food avoid karein.","Is hafte aarthik labh hoga, koi bonus ya gift mil sakta hai. Bachat par dhyan dein.","",""
TAURUS,WEEKLY,20,"Is hafte partner ke saath koi naya plan banega, ghoomne ka mauka milega. Saath me samay bitayein.","Is hafte career me koi naya mauka milega, turant haan na kahein. Soch samajh kar nirnay lein.","Is hafte thodi thakan mehsoos hogi, aaram karein. Neend poori karein aur stress kam karein.","Is hafte paisa aayega par kharch bhi hoga. Kisi zaruratmand ki madad karein, punya milega.","",""
TAURUS,WEEKLY,21,"Is hafte prem jeevan me shanti rahegi, partner ka sahyog milega. Kisi shubh karyakram me shirkat karne ka mauka milega.","Is hafte office me yojana ko sarahna milegi. Team ke saath milkar kaam karein to safalta milegi.","Is hafte pet aur digestion ka dhyan rakhein, ghar ka khana khayein. Paani adhik peeyein.","Is hafte aarthik sthiti sudhregi, koi purana nivesh fal dega. Nayi yojana banayein.","",""
TAURUS,WEEKLY,22,"Is hafte partner ke saath koi shubh samachar sunne ko milega. Rishta aur mazboot hoga.","Is hafte career me naya mauka milega, interview ya meeting me safalta milegi. Confidence se baat karein.","Is hafte sharir me halki sustee rahegi, vyayam karein. Bahar ka khana avoid karein.","Is hafte paisa aayega par kharch bhi hoga. Kisi ko daan karein to punya milega.","",""
TAURUS,WEEKLY,23,"Is hafte partner ki sehat ka dhyan rakhein, unke saath samay bitayein. Chhoti baat par jhagda na karein.","Is hafte office me koi purana kaam pura hoga, senior khush honge. Naye project ki taiyari karein.","Is hafte gale me halki kharish ho sakti hai, garm paani peekar rahat milegi. Zyada bolne se bachein.","Is hafte koi purana lend wapas milega. Lekin naye nivesh se pehle achhi tarah soch lein.","",""
TAURUS,WEEKLY,24,"Is hafte prem jeevan me utar-chadhav rahega, partner se baat karke sab theek ho jayega. Sabr rakhein.","Is hafte career me thodi deri ho sakti hai, par kaam poora hoga. Kisi colleague ki madad karein.","Is hafte sir dard ho sakta hai, stress kam karein. Paani adhik peeyein aur aaram karein.","Is hafte kharcha tez hoga, kisi bade nivesh se bachein. Budget banayein aur usi me rahein.","",""
TAURUS,WEEKLY,25,"Is hafte kisi purane rishte me nayi jaan aayegi, purane mitra se mulakat hogi. Dil ki baat kehne me jhijhak na karein.","Is hafte office me mehnat ki tareef hogi, promotion ke chances hain. Mehnat jaari rakhein.","Is hafte sehat achhi rahegi, bas subah walk zaroor karein. Junk food avoid karein.","Is hafte aarthik labh hoga, koi bonus ya gift mil sakta hai. Bachat par dhyan dein.","",""
TAURUS,WEEKLY,26,"Is hafte partner ke saath koi naya plan banega, ghoomne ka mauka milega. Saath me samay bitayein.","Is hafte career me koi naya mauka milega, turant haan na kahein. Soch samajh kar nirnay lein.","Is hafte thodi thakan mehsoos hogi, aaram karein. Neend poori karein aur stress kam karein.","Is hafte paisa aayega par kharch bhi hoga. Kisi zaruratmand ki madad karein, punya milega.","",""
TAURUS,WEEKLY,27,"Is hafte prem jeevan me shanti rahegi, partner ka sahyog milega. Kisi shubh karyakram me shirkat karne ka mauka milega.","Is hafte office me yojana ko sarahna milegi. Team ke saath milkar kaam karein to safalta milegi.","Is hafte pet aur digestion ka dhyan rakhein, ghar ka khana khayein. Paani adhik peeyein.","Is hafte aarthik sthiti sudhregi, koi purana nivesh fal dega. Nayi yojana banayein.","",""
TAURUS,WEEKLY,28,"Is hafte partner ke saath koi shubh samachar sunne ko milega. Rishta aur mazboot hoga.","Is hafte career me naya mauka milega, interview ya meeting me safalta milegi. Confidence se baat karein.","Is hafte sharir me halki sustee rahegi, vyayam karein. Bahar ka khana avoid karein.","Is hafte paisa aayega par kharch bhi hoga. Kisi ko daan karein to punya milega.","",""
TAURUS,WEEKLY,29,"Is hafte partner ki sehat ka dhyan rakhein, unke saath samay bitayein. Chhoti baat par jhagda na karein.","Is hafte office me koi purana kaam pura hoga, senior khush honge. Naye project ki taiyari karein.","Is hafte gale me halki kharish ho sakti hai, garm paani peekar rahat milegi. Zyada bolne se bachein.","Is hafte koi purana lend wapas milega. Lekin naye nivesh se pehle achhi tarah soch lein.","",""
TAURUS,MONTHLY,0,"Is mahine prem jeevan me madhurta rahegi, partner ke saath samay bitane ka mauka milega. Kisi purane mitra se mulakat hogi.","Is mahine career me naya project milega, senior ka sahyog rahega. Mehnat ka fal zaroor milega.","Is mahine sehat achhi rahegi, bas subah walk aur halka vyayam karein. Junk food avoid karein.","Is mahine aarthik labh hoga, koi purana lend wapas milega. Lekin budget banakar chalein.","",""
TAURUS,MONTHLY,1,"Is mahine partner ke saath koi purana mamla sulah ho sakta hai. Rishte me vishwas badhega aur prem gahra hoga.","Is mahine office me aapki mehnat ki tareef hogi, promotion ke chances hain. Team ke saath milkar kaam karein.","Is mahine thodi thakan mehsoos hogi, aaram karein aur neend poori karein. Paani adhik peeyein.","Is mahine kharcha thoda zyada hoga, savdhani rakhein. Kisi naye nivesh se pehle soch-vichar karein.","",""
TAURUS,MONTHLY,2,"Is mahine kisi khaas insaan se mulaqat hogi jo dil ko khush kar degi. Purane jhagde sulah ho sakte hain.","Is mahine career me koi rukavat aa sakti hai, dhairya rakhein. Kisi colleague se salah lena faydemand hoga.","Is mahine gale aur sans me halki takleef ho sakti hai. Garm kapde pehnein aur thanda na khayein.","Is mahine paisa aayega par kharch bhi hoga. Kisi zaruratmand ki madad karein, punya milega.","",""
TAURUS,MONTHLY,3,"Is mahine prem jeevan me shanti rahegi, partner ka sahyog milega. Kisi shubh karyakram me shirkat karne ka mauka milega.","Is mahine office me aapki yojana ko sarahna milegi. Naye project ki zimmedari mil sakti hai.","Is mahine sehat ke liye halka vyayam karein aur khub paani peeyein. Sir dard se bachein.","Is mahine aarthik sthiti majboot rahegi, koi purana karz chukane ka mauka milega.","",""
TAURUS,MONTHLY,4,"Is mahine partner ke saath chhoti baat par takraar ho sakti hai, shaant rahein. Mahine ke ant me sulah ho jayegi.","Is mahine career me koi naya mauka milega, turant haan na kahein. Soch samajh kar nirnay lein.","Is mahine pet me halki gadbad ho sakti hai, halka khana khayein. Bahar ka khana avoid karein.","Is mahine paisa haath me aayega par kharch bhi tez hoga. Bachat par dhyan dein.","",""
TAURUS,MONTHLY,5,"Is mahine prem jeevan me madhurta rahegi, partner ke saath ghoomne ka mauka milega. Kisi purane mitra se mulakat hogi.","Is mahine office me mehnat ki sarahna hogi. Senior aapki baat maanenge, confidence rakhein.","Is mahine urja se bharpur rahenge, vyayam karne ka mann karega. Lekin zyada garmi se bachein.","Is mahine kisi naye kaam me nivesh karne ka mauka milega, soch samajh kar haan kahein.","",""
TAURUS,MONTHLY,6,"Is mahine partner ke saath koi naya rishta shuru ho sakta hai ya purana gahra ho sakta hai. Dil ki baat kehne me jhijhak na karein.","Is mahine career me thodi bhaag-daud rahegi, meetings me vyast rahenge. Jaldbazi me galti na karein.","Is mahine jodon me halka dard ho sakta hai, aaram karein. Subah ki dhoop faydemand hai.","Is mahine aarthik labh hoga, koi bonus ya gift mil sakta hai. Lekin kharch par niyantran rakhein.","",""
TAURUS,MONTHLY,7,"Is mahine partner aapko surprise de sakta hai, prem me nayi urja aayegi. Saath me kuch naya try karein.","Is mahine career me koi bada faisla lena pad sakta hai, savdhani se sochein. Kisi anubhavi se salah lein.","Is mahine sehat achhi rahegi, bas subah ka nashta skip na karein. Fresh fruit khayein.","Is mahine paisa aayega par kisi anavashyak cheez par kharch ho sakta hai. Ruk kar kharch karein.","",""
TAURUS,MONTHLY,8,"Is mahine partner se koi purani baat chubh sakti hai, khul kar baat karein. Chhoti baat ko bada na banayein.","Is mahine career me koi rukavat aa sakti hai, par dhairya se kaam lein. Koi purana project pura hoga.","Is mahine mansik tanav ho sakta hai, meditation karein. Neend poori karein.","Is mahine kisi dost se udhaar dene se bachein, warna paisa wapas nahi milega. Apne paise sambhal kar rakhein.","",""
TAURUS,MONTHLY,9,"Is mahine prem jeevan me shanti rahegi, partner ka sahyog milega. Kisi shubh karyakram me shirkat karne ka mauka milega.","Is mahine office me yojana ko sarahna milegi. Team ke saath milkar kaam karein to safalta milegi.","Is mahine pet aur digestion ka dhyan rakhein, ghar ka khana khayein. Paani adhik peeyein.","Is mahine aarthik sthiti sudhregi, koi purana nivesh fal dega. Nayi yojana banayein.","",""
TAURUS,MONTHLY,10,"Is mahine partner ke saath koi shubh samachar sunne ko milega. Rishta aur mazboot hoga.","Is mahine career me naya mauka milega, interview ya meeting me safalta milegi. Confidence se baat karein.","Is mahine sharir me halki sustee rahegi, vyayam karein. Bahar ka khana avoid karein.","Is mahine paisa aayega par kharch bhi hoga. Kisi ko daan karein to punya milega.","",""
TAURUS,MONTHLY,11,"Is mahine partner ki sehat ka dhyan rakhein, unke saath samay bitayein. Chhoti baat par jhagda na karein.","Is mahine office me koi purana kaam pura hoga, senior khush honge. Naye project ki taiyari karein.","Is mahine gale me halki kharish ho sakti hai, garm paani peekar rahat milegi. Zyada bolne se bachein.","Is mahine koi purana lend wapas milega. Lekin naye nivesh se pehle achhi tarah soch lein.","",""
TAURUS,MONTHLY,12,"Is mahine prem jeevan me utar-chadhav rahega, partner se baat karke sab theek ho jayega. Sabr rakhein.","Is mahine career me thodi deri ho sakti hai, par kaam poora hoga. Kisi colleague ki madad karein.","Is mahine sir dard ho sakta hai, stress kam karein. Paani adhik peeyein aur aaram karein.","Is mahine kharcha tez hoga, kisi bade nivesh se bachein. Budget banayein aur usi me rahein.","",""
TAURUS,MONTHLY,13,"Is mahine kisi purane rishte me nayi jaan aayegi, purane mitra se mulakat hogi. Dil ki baat kehne me jhijhak na karein.","Is mahine office me mehnat ki tareef hogi, promotion ke chances hain. Mehnat jaari rakhein.","Is mahine sehat achhi rahegi, bas subah walk zaroor karein. Junk food avoid karein.","Is mahine aarthik labh hoga, koi bonus ya gift mil sakta hai. Bachat par dhyan dein.","",""
TAURUS,MONTHLY,14,"Is mahine partner ke saath koi naya plan banega, ghoomne ka mauka milega. Saath me samay bitayein.","Is mahine career me koi naya mauka milega, turant haan na kahein. Soch samajh kar nirnay lein.","Is mahine thodi thakan mehsoos hogi, aaram karein. Neend poori karein aur stress kam karein.","Is mahine paisa aayega par kharch bhi hoga. Kisi zaruratmand ki madad karein, punya milega.","",""
TAURUS,MONTHLY,15,"Is mahine prem jeevan me shanti rahegi, partner ka sahyog milega. Kisi shubh karyakram me shirkat karne ka mauka milega.","Is mahine office me yojana ko sarahna milegi. Team ke saath milkar kaam karein to safalta milegi.","Is mahine pet aur digestion ka dhyan rakhein, ghar ka khana khayein. Paani adhik peeyein.","Is mahine aarthik sthiti sudhregi, koi purana nivesh fal dega. Nayi yojana banayein.","",""
TAURUS,MONTHLY,16,"Is mahine partner ke saath koi shubh samachar sunne ko milega. Rishta aur mazboot hoga.","Is mahine career me naya mauka milega, interview ya meeting me safalta milegi. Confidence se baat karein.","Is mahine sharir me halki sustee rahegi, vyayam karein. Bahar ka khana avoid karein.","Is mahine paisa aayega par kharch bhi hoga. Kisi ko daan karein to punya milega.","",""
TAURUS,MONTHLY,17,"Is mahine partner ki sehat ka dhyan rakhein, unke saath samay bitayein. Chhoti baat par jhagda na karein.","Is mahine office me koi purana kaam pura hoga, senior khush honge. Naye project ki taiyari karein.","Is mahine gale me halki kharish ho sakti hai, garm paani peekar rahat milegi. Zyada bolne se bachein.","Is mahine koi purana lend wapas milega. Lekin naye nivesh se pehle achhi tarah soch lein.","",""
TAURUS,MONTHLY,18,"Is mahine prem jeevan me utar-chadhav rahega, partner se baat karke sab theek ho jayega. Sabr rakhein.","Is mahine career me thodi deri ho sakti hai, par kaam poora hoga. Kisi colleague ki madad karein.","Is mahine sir dard ho sakta hai, stress kam karein. Paani adhik peeyein aur aaram karein.","Is mahine kharcha tez hoga, kisi bade nivesh se bachein. Budget banayein aur usi me rahein.","",""
TAURUS,MONTHLY,19,"Is mahine kisi purane rishte me nayi jaan aayegi, purane mitra se mulakat hogi. Dil ki baat kehne me jhijhak na karein.","Is mahine office me mehnat ki tareef hogi, promotion ke chances hain. Mehnat jaari rakhein.","Is mahine sehat achhi rahegi, bas subah walk zaroor karein. Junk food avoid karein.","Is mahine aarthik labh hoga, koi bonus ya gift mil sakta hai. Bachat par dhyan dein.","",""
TAURUS,MONTHLY,20,"Is mahine partner ke saath koi naya plan banega, ghoomne ka mauka milega. Saath me samay bitayein.","Is mahine career me koi naya mauka milega, turant haan na kahein. Soch samajh kar nirnay lein.","Is mahine thodi thakan mehsoos hogi, aaram karein. Neend poori karein aur stress kam karein.","Is mahine paisa aayega par kharch bhi hoga. Kisi zaruratmand ki madad karein, punya milega.","",""
TAURUS,MONTHLY,21,"Is mahine prem jeevan me shanti rahegi, partner ka sahyog milega. Kisi shubh karyakram me shirkat karne ka mauka milega.","Is mahine office me yojana ko sarahna milegi. Team ke saath milkar kaam karein to safalta milegi.","Is mahine pet aur digestion ka dhyan rakhein, ghar ka khana khayein. Paani adhik peeyein.","Is mahine aarthik sthiti sudhregi, koi purana nivesh fal dega. Nayi yojana banayein.","",""
TAURUS,MONTHLY,22,"Is mahine partner ke saath koi shubh samachar sunne ko milega. Rishta aur mazboot hoga.","Is mahine career me naya mauka milega, interview ya meeting me safalta milegi. Confidence se baat karein.","Is mahine sharir me halki sustee rahegi, vyayam karein. Bahar ka khana avoid karein.","Is mahine paisa aayega par kharch bhi hoga. Kisi ko daan karein to punya milega.","",""
TAURUS,MONTHLY,23,"Is mahine partner ki sehat ka dhyan rakhein, unke saath samay bitayein. Chhoti baat par jhagda na karein.","Is mahine office me koi purana kaam pura hoga, senior khush honge. Naye project ki taiyari karein.","Is mahine gale me halki kharish ho sakti hai, garm paani peekar rahat milegi. Zyada bolne se bachein.","Is mahine koi purana lend wapas milega. Lekin naye nivesh se pehle achhi tarah soch lein.","",""
TAURUS,MONTHLY,24,"Is mahine prem jeevan me utar-chadhav rahega, partner se baat karke sab theek ho jayega. Sabr rakhein.","Is mahine career me thodi deri ho sakti hai, par kaam poora hoga. Kisi colleague ki madad karein.","Is mahine sir dard ho sakta hai, stress kam karein. Paani adhik peeyein aur aaram karein.","Is mahine kharcha tez hoga, kisi bade nivesh se bachein. Budget banayein aur usi me rahein.","",""
TAURUS,MONTHLY,25,"Is mahine kisi purane rishte me nayi jaan aayegi, purane mitra se mulakat hogi. Dil ki baat kehne me jhijhak na karein.","Is mahine office me mehnat ki tareef hogi, promotion ke chances hain. Mehnat jaari rakhein.","Is mahine sehat achhi rahegi, bas subah walk zaroor karein. Junk food avoid karein.","Is mahine aarthik labh hoga, koi bonus ya gift mil sakta hai. Bachat par dhyan dein.","",""
TAURUS,MONTHLY,26,"Is mahine partner ke saath koi naya plan banega, ghoomne ka mauka milega. Saath me samay bitayein.","Is mahine career me koi naya mauka milega, turant haan na kahein. Soch samajh kar nirnay lein.","Is mahine thodi thakan mehsoos hogi, aaram karein. Neend poori karein aur stress kam karein.","Is mahine paisa aayega par kharch bhi hoga. Kisi zaruratmand ki madad karein, punya milega.","",""
TAURUS,MONTHLY,27,"Is mahine prem jeevan me shanti rahegi, partner ka sahyog milega. Kisi shubh karyakram me shirkat karne ka mauka milega.","Is mahine office me yojana ko sarahna milegi. Team ke saath milkar kaam karein to safalta milegi.","Is mahine pet aur digestion ka dhyan rakhein, ghar ka khana khayein. Paani adhik peeyein.","Is mahine aarthik sthiti sudhregi, koi purana nivesh fal dega. Nayi yojana banayein.","",""
TAURUS,MONTHLY,28,"Is mahine partner ke saath koi shubh samachar sunne ko milega. Rishta aur mazboot hoga.","Is mahine career me naya mauka milega, interview ya meeting me safalta milegi. Confidence se baat karein.","Is mahine sharir me halki sustee rahegi, vyayam karein. Bahar ka khana avoid karein.","Is mahine paisa aayega par kharch bhi hoga. Kisi ko daan karein to punya milega.","",""
TAURUS,MONTHLY,29,"Is mahine partner ki sehat ka dhyan rakhein, unke saath samay bitayein. Chhoti baat par jhagda na karein.","Is mahine office me koi purana kaam pura hoga, senior khush honge. Naye project ki taiyari karein.","Is mahine gale me halki kharish ho sakti hai, garm paani peekar rahat milegi. Zyada bolne se bachein.","Is mahine koi purana lend wapas milega. Lekin naye nivesh se pehle achhi tarah soch lein.","",""
TAURUS,YEARLY,0,"Is saal prem jeevan me badi urja aayegi, vivah ke yog ban sakte hain ya purana rishta gahra hoga. Partner ke saath samay bitane ka khoob mauka milega.","Is saal career me bada badlav sambhav hai, naukri badal sakti hai ya promotion milegi. Mehnat ka poora fal zaroor milega.","Is saal sehat achhi rahegi, bas niyamit vyayam aur santulit ahar apnayein. Stress kam karein aur neend poori karein.","Is saal aarthik sthiti majboot hogi, koi bada nivesh fal dega. Lekin faltu kharch se bachein aur bachat karein.","",""
GEMINI,TODAY,0,"Aaj partner ke saath samay bitane ka mauka milega, purani galatfehmi door hogi. Dil ki baat khul kar kehna aaj aapke rishte ko mazboot banayega.","Career me aaj koi naya kaam shuru karne ka mauka mil sakta hai, senior ka sahyog milega. Jaldbazi na karein, soch samajh kar kadam uthayein.","Aaj sehat achhi rahegi, bas subah walk zaroor karein. Zyada thanda aur fried khane se bachein.","Aaj paisa aayega, kisi purane lend ka paisa wapas mil sakta hai. Lekin faltu kharch se bachein.","5","Green"
GEMINI,TODAY,1,"Aaj prem jeevan me nayi urja aayegi, koi purana mitra mil sakta hai. Partner ki baat dhyan se sunein, jhagda ho sakta hai.","Office me aapki mehnat ki tareef hogi, promotion ke chances hain. Colleagues ke saath mil kar kaam karein.","Aaj thodi thakan mehsoos hogi, aaram karein. Paani adhik peeyein aur stress kam karein.","Aaj kharcha thoda zyada ho sakta hai, budget banayein. Kisi naye nivesh se pehle soch-vichar karein.","12","Yellow"
GEMINI,TODAY,2,"Aaj partner ke saath koi purana mamla sulah ho sakta hai. Rishte me vishwas badhega aur madhurta aayegi.","Career me aaj koi rukavat aa sakti hai, dhairya rakhein. Kisi colleague se salah lein to fayda hoga.","Aaj gale aur sans me halki takleef ho sakti hai. Garm kapde pehnein aur thanda na khayein.","Aaj paisa aayega par kharch bhi hoga. Kisi zaruratmand ki madad karein, punya milega.","18","Blue"
GEMINI,TODAY,3,"Aaj kisi khaas insaan se mulaqat hogi jo aapka din bana degi. Purane jhagde sulah ho sakte hain.","Aaj office me aapki raay ko mahatva milega. Kisi naye project ki zimmedari mil sakti hai.","Sehat ke liye aaj halka vyayam karein aur khub paani peeyein. Sir dard ho sakta hai.","Aaj aarthik sthiti majboot rahegi, koi purana karz chukane ka mauka milega.","23","Purple"
GEMINI,TODAY,4,"Aaj partner ke saath chhoti baat par takraar ho sakti hai, shaant rahein. Raat ko sulah ho jayegi.","Career me aaj koi naya mauka milega, turant haan na kahein. Soch samajh kar nirnay lein.","Aaj pet me halki gadbad ho sakti hai, halka khana khayein. Bahar ka khana avoid karein.","Aaj paisa haath me aayega par kharch bhi tez hoga. Bachat par dhyan dein.","27","Orange"
GEMINI,TODAY,5,"Aaj prem jeevan me madhurta rahegi, partner ke saath ghoomne ka mauka milega. Kisi purane mitra se mulakat hogi.","Aaj office me aapki mehnat ki sarahna hogi. Senior aapki baat maanenge, confidence rakhein.","Aaj urja se bharpur rahenge, vyayam karne ka mann karega. Lekin zyada garmi se bachein.","Aaj kisi naye kaam me nivesh karne ka mauka milega, soch samajh kar haan kahein.","3","White"
GEMINI,TODAY,6,"Aaj partner ke saath koi naya rishta shuru ho sakta hai ya purana gahra ho sakta hai. Dil ki baat kehne me jhijhak na karein.","Career me aaj thodi bhaag-daud rahegi, meetings me vyast rahenge. Jaldbazi me galti na karein.","Aaj jodon me halka dard ho sakta hai, aaram karein. Subah ki dhoop aapke liye faydemand hai.","Aaj aarthik labh hoga, koi bonus ya gift mil sakta hai. Lekin kharch par niyantran rakhein.","9","Pink"
GEMINI,TODAY,7,"Aaj partner aapko surprise de sakta hai, prem me nayi urja aayegi. Saath me kuch naya try karein.","Aaj career me koi bada faisla lena pad sakta hai, savdhani se sochein. Kisi anubhavi se salah lein.","Aaj sehat achhi rahegi, bas subah ka nashta skip na karein. Fresh fruit khayein.","Aaj paisa aayega par kisi anavashyak cheez par kharch ho sakta hai. Ruk kar kharch karein.","14","Maroon"
GEMINI,TODAY,8,"Aaj partner se koi purani baat chubh sakti hai, khul kar baat karein. Chhoti baat ko bada na banayein.","Career me aaj koi rukavat aa sakti hai, par dhairya se kaam lein. Koi purana project pura hoga.","Aaj mansik tanav ho sakta hai, meditation karein. Neend poori karein.","Aaj kisi dost se udhaar dene se bachein, warna paisa wapas nahi milega. Apne paise sambhal kar rakhein.","21","Grey"
GEMINI,TODAY,9,"Aaj prem jeevan me shanti rahegi, partner ka sahyog milega. Kisi shubh karyakram me shirkat karne ka mauka milega.","Aaj office me aapki yojana ko sarahna milegi. Team ke saath milkar kaam karein to safalta milegi.","Aaj pet aur digestion ka dhyan rakhein, ghar ka khana khayein. Paani adhik peeyein.","Aaj aarthik sthiti sudhregi, koi purana nivesh fal dega. Nayi yojana banayein.","7","Yellow"
GEMINI,TODAY,10,"Aaj partner ke saath koi shubh samachar sunne ko milega. Rishta aur mazboot hoga.","Aaj career me naya mauka milega, interview ya meeting me safalta milegi. Confidence se baat karein.","Aaj sharir me halki sustee rahegi, vyayam karein. Bahar ka khana avoid karein.","Aaj paisa aayega par kharch bhi hoga. Kisi ko daan karein to punya milega.","16","Red"
GEMINI,TODAY,11,"Aaj partner ki sehat ka dhyan rakhein, unke saath samay bitayein. Chhoti baat par jhagda na karein.","Aaj office me koi purana kaam pura hoga, senior khush honge. Naye project ki taiyari karein.","Aaj gale me halki kharish ho sakti hai, garm paani peekar rahat milegi. Zyada bolne se bachein.","Aaj koi purana lend wapas milega. Lekin naye nivesh se pehle achhi tarah soch lein.","25","Green"
GEMINI,TODAY,12,"Aaj prem jeevan me utar-chadhav rahega, partner se baat karke sab theek ho jayega. Sabr rakhein.","Aaj career me thodi deri ho sakti hai, par kaam poora hoga. Kisi colleague ki madad karein.","Aaj sir dard ho sakta hai, stress kam karein. Paani adhik peeyein aur aaram karein.","Aaj kharcha tez hoga, kisi bade nivesh se bachein. Budget banayein aur usi me rahein.","2","Yellow"
GEMINI,TODAY,13,"Aaj kisi purane rishte me nayi jaan aayegi, purane mitra se mulakat hogi. Dil ki baat kehne me jhijhak na karein.","Aaj office me aapki mehnat ki tareef hogi, promotion ke chances hain. Mehnat jaari rakhein.","Aaj sehat achhi rahegi, bas subah walk zaroor karein. Junk food avoid karein.","Aaj aarthik labh hoga, koi bonus ya gift mil sakta hai. Bachat par dhyan dein.","11","Blue"
GEMINI,TODAY,14,"Aaj partner ke saath koi naya plan banega, ghoomne ka mauka milega. Saath me samay bitayein.","Aaj career me koi naya mauka milega, turant haan na kahein. Soch samajh kar nirnay lein.","Aaj thodi thakan mehsoos hogi, aaram karein. Neend poori karein aur stress kam karein.","Aaj paisa aayega par kharch bhi hoga. Kisi zaruratmand ki madad karein, punya milega.","19","Pink"
GEMINI,TODAY,15,"Aaj prem jeevan me shanti rahegi, partner ka sahyog milega. Kisi shubh karyakram me shirkat karne ka mauka milega.","Aaj office me aapki yojana ko sarahna milegi. Team ke saath milkar kaam karein to safalta milegi.","Aaj pet aur digestion ka dhyan rakhein, ghar ka khana khayein. Paani adhik peeyein.","Aaj aarthik sthiti sudhregi, koi purana nivesh fal dega. Nayi yojana banayein.","4","White"
GEMINI,TODAY,16,"Aaj partner ke saath koi shubh samachar sunne ko milega. Rishta aur mazboot hoga.","Aaj career me naya mauka milega, interview ya meeting me safalta milegi. Confidence se baat karein.","Aaj sharir me halki sustee rahegi, vyayam karein. Bahar ka khana avoid karein.","Aaj paisa aayega par kharch bhi hoga. Kisi ko daan karein to punya milega.","28","Orange"
GEMINI,TODAY,17,"Aaj partner ki sehat ka dhyan rakhein, unke saath samay bitayein. Chhoti baat par jhagda na karein.","Aaj office me koi purana kaam pura hoga, senior khush honge. Naye project ki taiyari karein.","Aaj gale me halki kharish ho sakti hai, garm paani peekar rahat milegi. Zyada bolne se bachein.","Aaj koi purana lend wapas milega. Lekin naye nivesh se pehle achhi tarah soch lein.","6","Purple"
GEMINI,TODAY,18,"Aaj prem jeevan me utar-chadhav rahega, partner se baat karke sab theek ho jayega. Sabr rakhein.","Aaj career me thodi deri ho sakti hai, par kaam poora hoga. Kisi colleague ki madad karein.","Aaj sir dard ho sakta hai, stress kam karein. Paani adhik peeyein aur aaram karein.","Aaj kharcha tez hoga, kisi bade nivesh se bachein. Budget banayein aur usi me rahein.","13","Grey"
GEMINI,TODAY,19,"Aaj kisi purane rishte me nayi jaan aayegi, purane mitra se mulakat hogi. Dil ki baat kehne me jhijhak na karein.","Aaj office me aapki mehnat ki tareef hogi, promotion ke chances hain. Mehnat jaari rakhein.","Aaj sehat achhi rahegi, bas subah walk zaroor karein. Junk food avoid karein.","Aaj aarthik labh hoga, koi bonus ya gift mil sakta hai. Bachat par dhyan dein.","22","Yellow"
GEMINI,TODAY,20,"Aaj partner ke saath koi naya plan banega, ghoomne ka mauka milega. Saath me samay bitayein.","Aaj career me koi naya mauka milega, turant haan na kahein. Soch samajh kar nirnay lein.","Aaj thodi thakan mehsoos hogi, aaram karein. Neend poori karein aur stress kam karein.","Aaj paisa aayega par kharch bhi hoga. Kisi zaruratmand ki madad karein, punya milega.","8","Green"
GEMINI,TODAY,21,"Aaj prem jeevan me shanti rahegi, partner ka sahyog milega. Kisi shubh karyakram me shirkat karne ka mauka milega.","Aaj office me aapki yojana ko sarahna milegi. Team ke saath milkar kaam karein to safalta milegi.","Aaj pet aur digestion ka dhyan rakhein, ghar ka khana khayein. Paani adhik peeyein.","Aaj aarthik sthiti sudhregi, koi purana nivesh fal dega. Nayi yojana banayein.","17","Blue"
GEMINI,TODAY,22,"Aaj partner ke saath koi shubh samachar sunne ko milega. Rishta aur mazboot hoga.","Aaj career me naya mauka milega, interview ya meeting me safalta milegi. Confidence se baat karein.","Aaj sharir me halki sustee rahegi, vyayam karein. Bahar ka khana avoid karein.","Aaj paisa aayega par kharch bhi hoga. Kisi ko daan karein to punya milega.","26","Pink"
GEMINI,TODAY,23,"Aaj partner ki sehat ka dhyan rakhein, unke saath samay bitayein. Chhoti baat par jhagda na karein.","Aaj office me koi purana kaam pura hoga, senior khush honge. Naye project ki taiyari karein.","Aaj gale me halki kharish ho sakti hai, garm paani peekar rahat milegi. Zyada bolne se bachein.","Aaj koi purana lend wapas milega. Lekin naye nivesh se pehle achhi tarah soch lein.","1","White"
GEMINI,TODAY,24,"Aaj prem jeevan me utar-chadhav rahega, partner se baat karke sab theek ho jayega. Sabr rakhein.","Aaj career me thodi deri ho sakti hai, par kaam poora hoga. Kisi colleague ki madad karein.","Aaj sir dard ho sakta hai, stress kam karein. Paani adhik peeyein aur aaram karein.","Aaj kharcha tez hoga, kisi bade nivesh se bachein. Budget banayein aur usi me rahein.","15","Maroon"
GEMINI,TODAY,25,"Aaj kisi purane rishte me nayi jaan aayegi, purane mitra se mulakat hogi. Dil ki baat kehne me jhijhak na karein.","Aaj office me aapki mehnat ki tareef hogi, promotion ke chances hain. Mehnat jaari rakhein.","Aaj sehat achhi rahegi, bas subah walk zaroor karein. Junk food avoid karein.","Aaj aarthik labh hoga, koi bonus ya gift mil sakta hai. Bachat par dhyan dein.","24","Grey"
GEMINI,TODAY,26,"Aaj partner ke saath koi naya plan banega, ghoomne ka mauka milega. Saath me samay bitayein.","Aaj career me koi naya mauka milega, turant haan na kahein. Soch samajh kar nirnay lein.","Aaj thodi thakan mehsoos hogi, aaram karein. Neend poori karein aur stress kam karein.","Aaj paisa aayega par kharch bhi hoga. Kisi zaruratmand ki madad karein, punya milega.","10","Yellow"
GEMINI,TODAY,27,"Aaj prem jeevan me shanti rahegi, partner ka sahyog milega. Kisi shubh karyakram me shirkat karne ka mauka milega.","Aaj office me aapki yojana ko sarahna milegi. Team ke saath milkar kaam karein to safalta milegi.","Aaj pet aur digestion ka dhyan rakhein, ghar ka khana khayein. Paani adhik peeyein.","Aaj aarthik sthiti sudhregi, koi purana nivesh fal dega. Nayi yojana banayein.","29","Red"
GEMINI,TODAY,28,"Aaj partner ke saath koi shubh samachar sunne ko milega. Rishta aur mazboot hoga.","Aaj career me naya mauka milega, interview ya meeting me safalta milegi. Confidence se baat karein.","Aaj sharir me halki sustee rahegi, vyayam karein. Bahar ka khana avoid karein.","Aaj paisa aayega par kharch bhi hoga. Kisi ko daan karein to punya milega.","20","Green"
GEMINI,TODAY,29,"Aaj partner ki sehat ka dhyan rakhein, unke saath samay bitayein. Chhoti baat par jhagda na karein.","Aaj office me koi purana kaam pura hoga, senior khush honge. Naye project ki taiyari karein.","Aaj gale me halki kharish ho sakti hai, garm paani peekar rahat milegi. Zyada bolne se bachein.","Aaj koi purana lend wapas milega. Lekin naye nivesh se pehle achhi tarah soch lein.","30","Blue"
GEMINI,YESTERDAY,0,"Kal partner ke saath samay bitane ka mauka mila tha, purani galatfehmi door hui. Dil ki baat khul kar kehna rishte ko mazboot banata hai.","Kal career me koi naya kaam shuru karne ka mauka mila tha, senior ka sahyog mila. Jaldbazi na karna hi samajhdari hai.","Kal sehat achhi rahi, subah walk ka fayda mila. Thanda aur fried khane se bachna chahiye.","Kal paisa aaya, kisi purane lend ka paisa wapas mila. Lekin faltu kharch se bachna chahiye.","",""
GEMINI,YESTERDAY,1,"Kal prem jeevan me nayi urja aayi, koi purana mitra mila. Partner ki baat dhyan se sunni chahiye thi.","Kal office me mehnat ki tareef hui, promotion ke chances bane. Colleagues ke saath milkar kaam karna faydemand raha.","Kal thodi thakan mehsoos hui, aaram karna zaroori tha. Paani adhik peena aur stress kam karna chahiye.","Kal kharcha thoda zyada ho gaya, budget banane ki zarurat thi. Naye nivesh se pehle soch-vichar karna chahiye.","",""
GEMINI,YESTERDAY,2,"Kal partner ke saath koi purana mamla sulah hua. Rishte me vishwas badha aur madhurta aayi.","Kal career me koi rukavat aayi thi, dhairya rakhna zaroori tha. Kisi colleague se salah lena faydemand raha.","Kal gale aur sans me halki takleef hui. Garm kapde pehenna aur thanda na khana chahiye.","Kal paisa aaya par kharch bhi hua. Kisi zaruratmand ki madad karne se punya mila.","",""
GEMINI,YESTERDAY,3,"Kal kisi khaas insaan se mulaqat hui jo din bana gayi. Purane jhagde sulah ho gaye.","Kal office me raay ko mahatva mila. Kisi naye project ki zimmedari mili.","Kal sehat ke liye halka vyayam karna aur khub paani peena faydemand raha. Sir dard ho sakta tha.","Kal aarthik sthiti majboot rahi, koi purana karz chukane ka mauka mila.","",""
GEMINI,YESTERDAY,4,"Kal partner ke saath chhoti baat par takraar hui thi, shaant rehna chahiye tha. Raat ko sulah ho gayi.","Kal career me koi naya mauka mila, turant haan nahi kehna chahiye tha. Soch samajh kar nirnay lena chahiye.","Kal pet me halki gadbad hui, halka khana khana chahiye tha. Bahar ka khana avoid karna chahiye.","Kal paisa haath me aaya par kharch bhi tez hua. Bachat par dhyan dena chahiye tha.","",""
GEMINI,YESTERDAY,5,"Kal prem jeevan me madhurta rahi, partner ke saath ghoomne ka mauka mila. Kisi purane mitra se mulakat hui.","Kal office me mehnat ki sarahna hui. Senior ne baat maani, confidence rakhna chahiye tha.","Kal urja se bharpur rahe, vyayam karne ka mann kiya. Lekin zyada garmi se bachna chahiye tha.","Kal kisi naye kaam me nivesh karne ka mauka mila, soch samajh kar haan kehna chahiye tha.","",""
GEMINI,YESTERDAY,6,"Kal partner ke saath koi naya rishta shuru hua ya purana gahra hua. Dil ki baat kehne me jhijhak nahi karni chahiye thi.","Kal career me thodi bhaag-daud rahi, meetings me vyast rahe. Jaldbazi me galti nahi karni chahiye thi.","Kal jodon me halka dard hua, aaram karna chahiye tha. Subah ki dhoop faydemand rahi.","Kal aarthik labh hua, koi bonus ya gift mila. Lekin kharch par niyantran rakhna chahiye tha.","",""
GEMINI,YESTERDAY,7,"Kal partner ne surprise diya, prem me nayi urja aayi. Saath me kuch naya try karna chahiye tha.","Kal career me koi bada faisla lena pada, savdhani se sochna chahiye tha. Kisi anubhavi se salah leni chahiye thi.","Kal sehat achhi rahi, bas subah ka nashta skip nahi karna chahiye tha. Fresh fruit khane chahiye the.","Kal paisa aaya par kisi anavashyak cheez par kharch ho gaya. Ruk kar kharch karna chahiye tha.","",""
GEMINI,YESTERDAY,8,"Kal partner se koi purani baat chubhi thi, khul kar baat karni chahiye thi. Chhoti baat ko bada nahi banana chahiye tha.","Kal career me koi rukavat aayi, par dhairya se kaam liya. Koi purana project pura hua.","Kal mansik tanav hua, meditation karna chahiye tha. Neend poori karni chahiye thi.","Kal kisi dost se udhaar dena nahi chahiye tha, warna paisa wapas nahi milta. Apne paise sambhal kar rakhne chahiye the.","",""
GEMINI,YESTERDAY,9,"Kal prem jeevan me shanti rahi, partner ka sahyog mila. Kisi shubh karyakram me shirkat karne ka mauka mila.","Kal office me yojana ko sarahna mili. Team ke saath milkar kaam karne se safalta mili.","Kal pet aur digestion ka dhyan rakhna chahiye tha, ghar ka khana khana chahiye tha. Paani adhik peena chahiye tha.","Kal aarthik sthiti sudhri, koi purana nivesh fal diya. Nayi yojana banani chahiye thi.","",""
GEMINI,YESTERDAY,10,"Kal partner ke saath koi shubh samachar sunne ko mila. Rishta aur mazboot hua.","Kal career me naya mauka mila, interview ya meeting me safalta mili. Confidence se baat karni chahiye thi.","Kal sharir me halki sustee rahi, vyayam karna chahiye tha. Bahar ka khana avoid karna chahiye tha.","Kal paisa aaya par kharch bhi hua. Kisi ko daan karne se punya mila.","",""
GEMINI,YESTERDAY,11,"Kal partner ki sehat ka dhyan rakhna chahiye tha, unke saath samay bitana chahiye tha. Chhoti baat par jhagda nahi karna chahiye tha.","Kal office me koi purana kaam pura hua, senior khush hue. Naye project ki taiyari karni chahiye thi.","Kal gale me halki kharish hui, garm paani peekar rahat mili. Zyada bolne se bachna chahiye tha.","Kal koi purana lend wapas mila. Lekin naye nivesh se pehle achhi tarah sochna chahiye tha.","",""
GEMINI,YESTERDAY,12,"Kal prem jeevan me utar-chadhav raha, partner se baat karke sab theek ho gaya. Sabr rakhna chahiye tha.","Kal career me thodi deri hui, par kaam poora hua. Kisi colleague ki madad karni chahiye thi.","Kal sir dard hua, stress kam karna chahiye tha. Paani adhik peena aur aaram karna chahiye tha.","Kal kharcha tez hua, kisi bade nivesh se bachna chahiye tha. Budget banakar usi me rehna chahiye tha.","",""
GEMINI,YESTERDAY,13,"Kal kisi purane rishte me nayi jaan aayi, purane mitra se mulakat hui. Dil ki baat kehne me jhijhak nahi karni chahiye thi.","Kal office me mehnat ki tareef hui, promotion ke chances bane. Mehnat jaari rakhni chahiye thi.","Kal sehat achhi rahi, bas subah walk karni chahiye thi. Junk food avoid karna chahiye tha.","Kal aarthik labh hua, koi bonus ya gift mila. Bachat par dhyan dena chahiye tha.","",""
GEMINI,YESTERDAY,14,"Kal partner ke saath koi naya plan bana, ghoomne ka mauka mila. Saath me samay bitana chahiye tha.","Kal career me koi naya mauka mila, turant haan nahi kehna chahiye tha. Soch samajh kar nirnay lena chahiye tha.","Kal thodi thakan mehsoos hui, aaram karna chahiye tha. Neend poori karni chahiye thi aur stress kam karna chahiye tha.","Kal paisa aaya par kharch bhi hua. Kisi zaruratmand ki madad karne se punya mila.","",""
GEMINI,YESTERDAY,15,"Kal prem jeevan me shanti rahi, partner ka sahyog mila. Kisi shubh karyakram me shirkat karne ka mauka mila.","Kal office me yojana ko sarahna mili. Team ke saath milkar kaam karne se safalta mili.","Kal pet aur digestion ka dhyan rakhna chahiye tha, ghar ka khana khana chahiye tha. Paani adhik peena chahiye tha.","Kal aarthik sthiti sudhri, koi purana nivesh fal diya. Nayi yojana banani chahiye thi.","",""
GEMINI,YESTERDAY,16,"Kal partner ke saath koi shubh samachar sunne ko mila. Rishta aur mazboot hua.","Kal career me naya mauka mila, interview ya meeting me safalta mili. Confidence se baat karni chahiye thi.","Kal sharir me halki sustee rahi, vyayam karna chahiye tha. Bahar ka khana avoid karna chahiye tha.","Kal paisa aaya par kharch bhi hua. Kisi ko daan karne se punya mila.","",""
GEMINI,YESTERDAY,17,"Kal partner ki sehat ka dhyan rakhna chahiye tha, unke saath samay bitana chahiye tha. Chhoti baat par jhagda nahi karna chahiye tha.","Kal office me koi purana kaam pura hua, senior khush hue. Naye project ki taiyari karni chahiye thi.","Kal gale me halki kharish hui, garm paani peekar rahat mili. Zyada bolne se bachna chahiye tha.","Kal koi purana lend wapas mila. Lekin naye nivesh se pehle achhi tarah sochna chahiye tha.","",""
GEMINI,YESTERDAY,18,"Kal prem jeevan me utar-chadhav raha, partner se baat karke sab theek ho gaya. Sabr rakhna chahiye tha.","Kal career me thodi deri hui, par kaam poora hua. Kisi colleague ki madad karni chahiye thi.","Kal sir dard hua, stress kam karna chahiye tha. Paani adhik peena aur aaram karna chahiye tha.","Kal kharcha tez hua, kisi bade nivesh se bachna chahiye tha. Budget banakar usi me rehna chahiye tha.","",""
GEMINI,YESTERDAY,19,"Kal kisi purane rishte me nayi jaan aayi, purane mitra se mulakat hui. Dil ki baat kehne me jhijhak nahi karni chahiye thi.","Kal office me mehnat ki tareef hui, promotion ke chances bane. Mehnat jaari rakhni chahiye thi.","Kal sehat achhi rahi, bas subah walk karni chahiye thi. Junk food avoid karna chahiye tha.","Kal aarthik labh hua, koi bonus ya gift mila. Bachat par dhyan dena chahiye tha.","",""
GEMINI,YESTERDAY,20,"Kal partner ke saath koi naya plan bana, ghoomne ka mauka mila. Saath me samay bitana chahiye tha.","Kal career me koi naya mauka mila, turant haan nahi kehna chahiye tha. Soch samajh kar nirnay lena chahiye tha.","Kal thodi thakan mehsoos hui, aaram karna chahiye tha. Neend poori karni chahiye thi aur stress kam karna chahiye tha.","Kal paisa aaya par kharch bhi hua. Kisi zaruratmand ki madad karne se punya mila.","",""
GEMINI,YESTERDAY,21,"Kal prem jeevan me shanti rahi, partner ka sahyog mila. Kisi shubh karyakram me shirkat karne ka mauka mila.","Kal office me yojana ko sarahna mili. Team ke saath milkar kaam karne se safalta mili.","Kal pet aur digestion ka dhyan rakhna chahiye tha, ghar ka khana khana chahiye tha. Paani adhik peena chahiye tha.","Kal aarthik sthiti sudhri, koi purana nivesh fal diya. Nayi yojana banani chahiye thi.","",""
GEMINI,YESTERDAY,22,"Kal partner ke saath koi shubh samachar sunne ko mila. Rishta aur mazboot hua.","Kal career me naya mauka mila, interview ya meeting me safalta mili. Confidence se baat karni chahiye thi.","Kal sharir me halki sustee rahi, vyayam karna chahiye tha. Bahar ka khana avoid karna chahiye tha.","Kal paisa aaya par kharch bhi hua. Kisi ko daan karne se punya mila.","",""
GEMINI,YESTERDAY,23,"Kal partner ki sehat ka dhyan rakhna chahiye tha, unke saath samay bitana chahiye tha. Chhoti baat par jhagda nahi karna chahiye tha.","Kal office me koi purana kaam pura hua, senior khush hue. Naye project ki taiyari karni chahiye thi.","Kal gale me halki kharish hui, garm paani peekar rahat mili. Zyada bolne se bachna chahiye tha.","Kal koi purana lend wapas mila. Lekin naye nivesh se pehle achhi tarah sochna chahiye tha.","",""
GEMINI,YESTERDAY,24,"Kal prem jeevan me utar-chadhav raha, partner se baat karke sab theek ho gaya. Sabr rakhna chahiye tha.","Kal career me thodi deri hui, par kaam poora hua. Kisi colleague ki madad karni chahiye thi.","Kal sir dard hua, stress kam karna chahiye tha. Paani adhik peena aur aaram karna chahiye tha.","Kal kharcha tez hua, kisi bade nivesh se bachna chahiye tha. Budget banakar usi me rehna chahiye tha.","",""
GEMINI,YESTERDAY,25,"Kal kisi purane rishte me nayi jaan aayi, purane mitra se mulakat hui. Dil ki baat kehne me jhijhak nahi karni chahiye thi.","Kal office me mehnat ki tareef hui, promotion ke chances bane. Mehnat jaari rakhni chahiye thi.","Kal sehat achhi rahi, bas subah walk karni chahiye thi. Junk food avoid karna chahiye tha.","Kal aarthik labh hua, koi bonus ya gift mila. Bachat par dhyan dena chahiye tha.","",""
GEMINI,YESTERDAY,26,"Kal partner ke saath koi naya plan bana, ghoomne ka mauka mila. Saath me samay bitana chahiye tha.","Kal career me koi naya mauka mila, turant haan nahi kehna chahiye tha. Soch samajh kar nirnay lena chahiye tha.","Kal thodi thakan mehsoos hui, aaram karna chahiye tha. Neend poori karni chahiye thi aur stress kam karna chahiye tha.","Kal paisa aaya par kharch bhi hua. Kisi zaruratmand ki madad karne se punya mila.","",""
GEMINI,YESTERDAY,27,"Kal prem jeevan me shanti rahi, partner ka sahyog mila. Kisi shubh karyakram me shirkat karne ka mauka mila.","Kal office me yojana ko sarahna mili. Team ke saath milkar kaam karne se safalta mili.","Kal pet aur digestion ka dhyan rakhna chahiye tha, ghar ka khana khana chahiye tha. Paani adhik peena chahiye tha.","Kal aarthik sthiti sudhri, koi purana nivesh fal diya. Nayi yojana banani chahiye thi.","",""
GEMINI,YESTERDAY,28,"Kal partner ke saath koi shubh samachar sunne ko mila. Rishta aur mazboot hua.","Kal career me naya mauka mila, interview ya meeting me safalta mili. Confidence se baat karni chahiye thi.","Kal sharir me halki sustee rahi, vyayam karna chahiye tha. Bahar ka khana avoid karna chahiye tha.","Kal paisa aaya par kharch bhi hua. Kisi ko daan karne se punya mila.","",""
GEMINI,YESTERDAY,29,"Kal partner ki sehat ka dhyan rakhna chahiye tha, unke saath samay bitana chahiye tha. Chhoti baat par jhagda nahi karna chahiye tha.","Kal office me koi purana kaam pura hua, senior khush hue. Naye project ki taiyari karni chahiye thi.","Kal gale me halki kharish hui, garm paani peekar rahat mili. Zyada bolne se bachna chahiye tha.","Kal koi purana lend wapas mila. Lekin naye nivesh se pehle achhi tarah sochna chahiye tha.","",""
GEMINI,TOMORROW,0,"Kal partner ke saath samay bitane ka mauka milega, purani galatfehmi door hogi. Dil ki baat khul kar kehna rishte ko mazboot banayega.","Kal career me koi naya kaam shuru karne ka mauka mil sakta hai, senior ka sahyog milega. Jaldbazi na karein.","Kal sehat achhi rahegi, subah walk zaroor karein. Thanda aur fried khane se bachein.","Kal paisa aayega, kisi purane lend ka paisa wapas mil sakta hai. Lekin faltu kharch se bachein.","",""
GEMINI,TOMORROW,1,"Kal prem jeevan me nayi urja aayegi, koi purana mitra mil sakta hai. Partner ki baat dhyan se sunein.","Kal office me mehnat ki tareef hogi, promotion ke chances hain. Colleagues ke saath milkar kaam karein.","Kal thodi thakan mehsoos hogi, aaram karein. Paani adhik peeyein aur stress kam karein.","Kal kharcha thoda zyada ho sakta hai, budget banayein. Naye nivesh se pehle soch-vichar karein.","",""
GEMINI,TOMORROW,2,"Kal partner ke saath koi purana mamla sulah ho sakta hai. Rishte me vishwas badhega aur madhurta aayegi.","Kal career me koi rukavat aa sakti hai, dhairya rakhein. Kisi colleague se salah lein to fayda hoga.","Kal gale aur sans me halki takleef ho sakti hai. Garm kapde pehnein aur thanda na khayein.","Kal paisa aayega par kharch bhi hoga. Kisi zaruratmand ki madad karein, punya milega.","",""
GEMINI,TOMORROW,3,"Kal kisi khaas insaan se mulaqat hogi jo din bana degi. Purane jhagde sulah ho sakte hain.","Kal office me raay ko mahatva milega. Kisi naye project ki zimmedari mil sakti hai.","Kal sehat ke liye halka vyayam karein aur khub paani peeyein. Sir dard ho sakta hai.","Kal aarthik sthiti majboot rahegi, koi purana karz chukane ka mauka milega.","",""
GEMINI,TOMORROW,4,"Kal partner ke saath chhoti baat par takraar ho sakti hai, shaant rahein. Raat ko sulah ho jayegi.","Kal career me koi naya mauka milega, turant haan na kahein. Soch samajh kar nirnay lein.","Kal pet me halki gadbad ho sakti hai, halka khana khayein. Bahar ka khana avoid karein.","Kal paisa haath me aayega par kharch bhi tez hoga. Bachat par dhyan dein.","",""
GEMINI,TOMORROW,5,"Kal prem jeevan me madhurta rahegi, partner ke saath ghoomne ka mauka milega. Kisi purane mitra se mulakat hogi.","Kal office me mehnat ki sarahna hogi. Senior aapki baat maanenge, confidence rakhein.","Kal urja se bharpur rahenge, vyayam karne ka mann karega. Lekin zyada garmi se bachein.","Kal kisi naye kaam me nivesh karne ka mauka milega, soch samajh kar haan kahein.","",""
GEMINI,TOMORROW,6,"Kal partner ke saath koi naya rishta shuru ho sakta hai ya purana gahra ho sakta hai. Dil ki baat kehne me jhijhak na karein.","Kal career me thodi bhaag-daud rahegi, meetings me vyast rahenge. Jaldbazi me galti na karein.","Kal jodon me halka dard ho sakta hai, aaram karein. Subah ki dhoop faydemand hai.","Kal aarthik labh hoga, koi bonus ya gift mil sakta hai. Lekin kharch par niyantran rakhein.","",""
GEMINI,TOMORROW,7,"Kal partner aapko surprise de sakta hai, prem me nayi urja aayegi. Saath me kuch naya try karein.","Kal career me koi bada faisla lena pad sakta hai, savdhani se sochein. Kisi anubhavi se salah lein.","Kal sehat achhi rahegi, bas subah ka nashta skip na karein. Fresh fruit khayein.","Kal paisa aayega par kisi anavashyak cheez par kharch ho sakta hai. Ruk kar kharch karein.","",""
GEMINI,TOMORROW,8,"Kal partner se koi purani baat chubh sakti hai, khul kar baat karein. Chhoti baat ko bada na banayein.","Kal career me koi rukavat aa sakti hai, par dhairya se kaam lein. Koi purana project pura hoga.","Kal mansik tanav ho sakta hai, meditation karein. Neend poori karein.","Kal kisi dost se udhaar dene se bachein, warna paisa wapas nahi milega. Apne paise sambhal kar rakhein.","",""
GEMINI,TOMORROW,9,"Kal prem jeevan me shanti rahegi, partner ka sahyog milega. Kisi shubh karyakram me shirkat karne ka mauka milega.","Kal office me yojana ko sarahna milegi. Team ke saath milkar kaam karein to safalta milegi.","Kal pet aur digestion ka dhyan rakhein, ghar ka khana khayein. Paani adhik peeyein.","Kal aarthik sthiti sudhregi, koi purana nivesh fal dega. Nayi yojana banayein.","",""
GEMINI,TOMORROW,10,"Kal partner ke saath koi shubh samachar sunne ko milega. Rishta aur mazboot hoga.","Kal career me naya mauka milega, interview ya meeting me safalta milegi. Confidence se baat karein.","Kal sharir me halki sustee rahegi, vyayam karein. Bahar ka khana avoid karein.","Kal paisa aayega par kharch bhi hoga. Kisi ko daan karein to punya milega.","",""
GEMINI,TOMORROW,11,"Kal partner ki sehat ka dhyan rakhein, unke saath samay bitayein. Chhoti baat par jhagda na karein.","Kal office me koi purana kaam pura hoga, senior khush honge. Naye project ki taiyari karein.","Kal gale me halki kharish ho sakti hai, garm paani peekar rahat milegi. Zyada bolne se bachein.","Kal koi purana lend wapas milega. Lekin naye nivesh se pehle achhi tarah soch lein.","",""
GEMINI,TOMORROW,12,"Kal prem jeevan me utar-chadhav rahega, partner se baat karke sab theek ho jayega. Sabr rakhein.","Kal career me thodi deri ho sakti hai, par kaam poora hoga. Kisi colleague ki madad karein.","Kal sir dard ho sakta hai, stress kam karein. Paani adhik peeyein aur aaram karein.","Kal kharcha tez hoga, kisi bade nivesh se bachein. Budget banayein aur usi me rahein.","",""
GEMINI,TOMORROW,13,"Kal kisi purane rishte me nayi jaan aayegi, purane mitra se mulakat hogi. Dil ki baat kehne me jhijhak na karein.","Kal office me mehnat ki tareef hogi, promotion ke chances hain. Mehnat jaari rakhein.","Kal sehat achhi rahegi, bas subah walk zaroor karein. Junk food avoid karein.","Kal aarthik labh hoga, koi bonus ya gift mil sakta hai. Bachat par dhyan dein.","",""
GEMINI,TOMORROW,14,"Kal partner ke saath koi naya plan banega, ghoomne ka mauka milega. Saath me samay bitayein.","Kal career me koi naya mauka milega, turant haan na kahein. Soch samajh kar nirnay lein.","Kal thodi thakan mehsoos hogi, aaram karein. Neend poori karein aur stress kam karein.","Kal paisa aayega par kharch bhi hoga. Kisi zaruratmand ki madad karein, punya milega.","",""
GEMINI,TOMORROW,15,"Kal prem jeevan me shanti rahegi, partner ka sahyog milega. Kisi shubh karyakram me shirkat karne ka mauka milega.","Kal office me yojana ko sarahna milegi. Team ke saath milkar kaam karein to safalta milegi.","Kal pet aur digestion ka dhyan rakhein, ghar ka khana khayein. Paani adhik peeyein.","Kal aarthik sthiti sudhregi, koi purana nivesh fal dega. Nayi yojana banayein.","",""
GEMINI,TOMORROW,16,"Kal partner ke saath koi shubh samachar sunne ko milega. Rishta aur mazboot hoga.","Kal career me naya mauka milega, interview ya meeting me safalta milegi. Confidence se baat karein.","Kal sharir me halki sustee rahegi, vyayam karein. Bahar ka khana avoid karein.","Kal paisa aayega par kharch bhi hoga. Kisi ko daan karein to punya milega.","",""
GEMINI,TOMORROW,17,"Kal partner ki sehat ka dhyan rakhein, unke saath samay bitayein. Chhoti baat par jhagda na karein.","Kal office me koi purana kaam pura hoga, senior khush honge. Naye project ki taiyari karein.","Kal gale me halki kharish ho sakti hai, garm paani peekar rahat milegi. Zyada bolne se bachein.","Kal koi purana lend wapas milega. Lekin naye nivesh se pehle achhi tarah soch lein.","",""
GEMINI,TOMORROW,18,"Kal prem jeevan me utar-chadhav rahega, partner se baat karke sab theek ho jayega. Sabr rakhein.","Kal career me thodi deri ho sakti hai, par kaam poora hoga. Kisi colleague ki madad karein.","Kal sir dard ho sakta hai, stress kam karein. Paani adhik peeyein aur aaram karein.","Kal kharcha tez hoga, kisi bade nivesh se bachein. Budget banayein aur usi me rahein.","",""
GEMINI,TOMORROW,19,"Kal kisi purane rishte me nayi jaan aayegi, purane mitra se mulakat hogi. Dil ki baat kehne me jhijhak na karein.","Kal office me mehnat ki tareef hogi, promotion ke chances hain. Mehnat jaari rakhein.","Kal sehat achhi rahegi, bas subah walk zaroor karein. Junk food avoid karein.","Kal aarthik labh hoga, koi bonus ya gift mil sakta hai. Bachat par dhyan dein.","",""
GEMINI,TOMORROW,20,"Kal partner ke saath koi naya plan banega, ghoomne ka mauka milega. Saath me samay bitayein.","Kal career me koi naya mauka milega, turant haan na kahein. Soch samajh kar nirnay lein.","Kal thodi thakan mehsoos hogi, aaram karein. Neend poori karein aur stress kam karein.","Kal paisa aayega par kharch bhi hoga. Kisi zaruratmand ki madad karein, punya milega.","",""
GEMINI,TOMORROW,21,"Kal prem jeevan me shanti rahegi, partner ka sahyog milega. Kisi shubh karyakram me shirkat karne ka mauka milega.","Kal office me yojana ko sarahna milegi. Team ke saath milkar kaam karein to safalta milegi.","Kal pet aur digestion ka dhyan rakhein, ghar ka khana khayein. Paani adhik peeyein.","Kal aarthik sthiti sudhregi, koi purana nivesh fal dega. Nayi yojana banayein.","",""
GEMINI,TOMORROW,22,"Kal partner ke saath koi shubh samachar sunne ko milega. Rishta aur mazboot hoga.","Kal career me naya mauka milega, interview ya meeting me safalta milegi. Confidence se baat karein.","Kal sharir me halki sustee rahegi, vyayam karein. Bahar ka khana avoid karein.","Kal paisa aayega par kharch bhi hoga. Kisi ko daan karein to punya milega.","",""
GEMINI,TOMORROW,23,"Kal partner ki sehat ka dhyan rakhein, unke saath samay bitayein. Chhoti baat par jhagda na karein.","Kal office me koi purana kaam pura hoga, senior khush honge. Naye project ki taiyari karein.","Kal gale me halki kharish ho sakti hai, garm paani peekar rahat milegi. Zyada bolne se bachein.","Kal koi purana lend wapas milega. Lekin naye nivesh se pehle achhi tarah soch lein.","",""
GEMINI,TOMORROW,24,"Kal prem jeevan me utar-chadhav rahega, partner se baat karke sab theek ho jayega. Sabr rakhein.","Kal career me thodi deri ho sakti hai, par kaam poora hoga. Kisi colleague ki madad karein.","Kal sir dard ho sakta hai, stress kam karein. Paani adhik peeyein aur aaram karein.","Kal kharcha tez hoga, kisi bade nivesh se bachein. Budget banayein aur usi me rahein.","",""
GEMINI,TOMORROW,25,"Kal kisi purane rishte me nayi jaan aayegi, purane mitra se mulakat hogi. Dil ki baat kehne me jhijhak na karein.","Kal office me mehnat ki tareef hogi, promotion ke chances hain. Mehnat jaari rakhein.","Kal sehat achhi rahegi, bas subah walk zaroor karein. Junk food avoid karein.","Kal aarthik labh hoga, koi bonus ya gift mil sakta hai. Bachat par dhyan dein.","",""
GEMINI,TOMORROW,26,"Kal partner ke saath koi naya plan banega, ghoomne ka mauka milega. Saath me samay bitayein.","Kal career me koi naya mauka milega, turant haan na kahein. Soch samajh kar nirnay lein.","Kal thodi thakan mehsoos hogi, aaram karein. Neend poori karein aur stress kam karein.","Kal paisa aayega par kharch bhi hoga. Kisi zaruratmand ki madad karein, punya milega.","",""
GEMINI,TOMORROW,27,"Kal prem jeevan me shanti rahegi, partner ka sahyog milega. Kisi shubh karyakram me shirkat karne ka mauka milega.","Kal office me yojana ko sarahna milegi. Team ke saath milkar kaam karein to safalta milegi.","Kal pet aur digestion ka dhyan rakhein, ghar ka khana khayein. Paani adhik peeyein.","Kal aarthik sthiti sudhregi, koi purana nivesh fal dega. Nayi yojana banayein.","",""
GEMINI,TOMORROW,28,"Kal partner ke saath koi shubh samachar sunne ko milega. Rishta aur mazboot hoga.","Kal career me naya mauka milega, interview ya meeting me safalta milegi. Confidence se baat karein.","Kal sharir me halki sustee rahegi, vyayam karein. Bahar ka khana avoid karein.","Kal paisa aayega par kharch bhi hoga. Kisi ko daan karein to punya milega.","",""
GEMINI,TOMORROW,29,"Kal partner ki sehat ka dhyan rakhein, unke saath samay bitayein. Chhoti baat par jhagda na karein.","Kal office me koi purana kaam pura hoga, senior khush honge. Naye project ki taiyari karein.","Kal gale me halki kharish ho sakti hai, garm paani peekar rahat milegi. Zyada bolne se bachein.","Kal koi purana lend wapas milega. Lekin naye nivesh se pehle achhi tarah soch lein.","",""
GEMINI,WEEKLY,0,"Is hafte prem jeevan me madhurta rahegi, partner ke saath samay bitane ka mauka milega. Kisi purane mitra se mulakat hogi.","Is hafte career me naya project milega, senior ka sahyog rahega. Mehnat ka fal zaroor milega.","Is hafte sehat achhi rahegi, bas subah walk aur halka vyayam karein. Junk food avoid karein.","Is hafte aarthik labh hoga, koi purana lend wapas milega. Lekin budget banakar chalein.","",""
GEMINI,WEEKLY,1,"Is hafte partner ke saath koi purana mamla sulah ho sakta hai. Rishte me vishwas badhega aur prem gahra hoga.","Is hafte office me aapki mehnat ki tareef hogi, promotion ke chances hain. Team ke saath milkar kaam karein.","Is hafte thodi thakan mehsoos hogi, aaram karein aur neend poori karein. Paani adhik peeyein.","Is hafte kharcha thoda zyada hoga, savdhani rakhein. Kisi naye nivesh se pehle soch-vichar karein.","",""
GEMINI,WEEKLY,2,"Is hafte kisi khaas insaan se mulaqat hogi jo dil ko khush kar degi. Purane jhagde sulah ho sakte hain.","Is hafte career me koi rukavat aa sakti hai, dhairya rakhein. Kisi colleague se salah lena faydemand hoga.","Is hafte gale aur sans me halki takleef ho sakti hai. Garm kapde pehnein aur thanda na khayein.","Is hafte paisa aayega par kharch bhi hoga. Kisi zaruratmand ki madad karein, punya milega.","",""
GEMINI,WEEKLY,3,"Is hafte prem jeevan me shanti rahegi, partner ka sahyog milega. Kisi shubh karyakram me shirkat karne ka mauka milega.","Is hafte office me aapki yojana ko sarahna milegi. Naye project ki zimmedari mil sakti hai.","Is hafte sehat ke liye halka vyayam karein aur khub paani peeyein. Sir dard se bachein.","Is hafte aarthik sthiti majboot rahegi, koi purana karz chukane ka mauka milega.","",""
GEMINI,WEEKLY,4,"Is hafte partner ke saath chhoti baat par takraar ho sakti hai, shaant rahein. Hafte ke ant me sulah ho jayegi.","Is hafte career me koi naya mauka milega, turant haan na kahein. Soch samajh kar nirnay lein.","Is hafte pet me halki gadbad ho sakti hai, halka khana khayein. Bahar ka khana avoid karein.","Is hafte paisa haath me aayega par kharch bhi tez hoga. Bachat par dhyan dein.","",""
GEMINI,WEEKLY,5,"Is hafte prem jeevan me madhurta rahegi, partner ke saath ghoomne ka mauka milega. Kisi purane mitra se mulakat hogi.","Is hafte office me mehnat ki sarahna hogi. Senior aapki baat maanenge, confidence rakhein.","Is hafte urja se bharpur rahenge, vyayam karne ka mann karega. Lekin zyada garmi se bachein.","Is hafte kisi naye kaam me nivesh karne ka mauka milega, soch samajh kar haan kahein.","",""
GEMINI,WEEKLY,6,"Is hafte partner ke saath koi naya rishta shuru ho sakta hai ya purana gahra ho sakta hai. Dil ki baat kehne me jhijhak na karein.","Is hafte career me thodi bhaag-daud rahegi, meetings me vyast rahenge. Jaldbazi me galti na karein.","Is hafte jodon me halka dard ho sakta hai, aaram karein. Subah ki dhoop faydemand hai.","Is hafte aarthik labh hoga, koi bonus ya gift mil sakta hai. Lekin kharch par niyantran rakhein.","",""
GEMINI,WEEKLY,7,"Is hafte partner aapko surprise de sakta hai, prem me nayi urja aayegi. Saath me kuch naya try karein.","Is hafte career me koi bada faisla lena pad sakta hai, savdhani se sochein. Kisi anubhavi se salah lein.","Is hafte sehat achhi rahegi, bas subah ka nashta skip na karein. Fresh fruit khayein.","Is hafte paisa aayega par kisi anavashyak cheez par kharch ho sakta hai. Ruk kar kharch karein.","",""
GEMINI,WEEKLY,8,"Is hafte partner se koi purani baat chubh sakti hai, khul kar baat karein. Chhoti baat ko bada na banayein.","Is hafte career me koi rukavat aa sakti hai, par dhairya se kaam lein. Koi purana project pura hoga.","Is hafte mansik tanav ho sakta hai, meditation karein. Neend poori karein.","Is hafte kisi dost se udhaar dene se bachein, warna paisa wapas nahi milega. Apne paise sambhal kar rakhein.","",""
GEMINI,WEEKLY,9,"Is hafte prem jeevan me shanti rahegi, partner ka sahyog milega. Kisi shubh karyakram me shirkat karne ka mauka milega.","Is hafte office me yojana ko sarahna milegi. Team ke saath milkar kaam karein to safalta milegi.","Is hafte pet aur digestion ka dhyan rakhein, ghar ka khana khayein. Paani adhik peeyein.","Is hafte aarthik sthiti sudhregi, koi purana nivesh fal dega. Nayi yojana banayein.","",""
GEMINI,WEEKLY,10,"Is hafte partner ke saath koi shubh samachar sunne ko milega. Rishta aur mazboot hoga.","Is hafte career me naya mauka milega, interview ya meeting me safalta milegi. Confidence se baat karein.","Is hafte sharir me halki sustee rahegi, vyayam karein. Bahar ka khana avoid karein.","Is hafte paisa aayega par kharch bhi hoga. Kisi ko daan karein to punya milega.","",""
GEMINI,WEEKLY,11,"Is hafte partner ki sehat ka dhyan rakhein, unke saath samay bitayein. Chhoti baat par jhagda na karein.","Is hafte office me koi purana kaam pura hoga, senior khush honge. Naye project ki taiyari karein.","Is hafte gale me halki kharish ho sakti hai, garm paani peekar rahat milegi. Zyada bolne se bachein.","Is hafte koi purana lend wapas milega. Lekin naye nivesh se pehle achhi tarah soch lein.","",""
GEMINI,WEEKLY,12,"Is hafte prem jeevan me utar-chadhav rahega, partner se baat karke sab theek ho jayega. Sabr rakhein.","Is hafte career me thodi deri ho sakti hai, par kaam poora hoga. Kisi colleague ki madad karein.","Is hafte sir dard ho sakta hai, stress kam karein. Paani adhik peeyein aur aaram karein.","Is hafte kharcha tez hoga, kisi bade nivesh se bachein. Budget banayein aur usi me rahein.","",""
GEMINI,WEEKLY,13,"Is hafte kisi purane rishte me nayi jaan aayegi, purane mitra se mulakat hogi. Dil ki baat kehne me jhijhak na karein.","Is hafte office me mehnat ki tareef hogi, promotion ke chances hain. Mehnat jaari rakhein.","Is hafte sehat achhi rahegi, bas subah walk zaroor karein. Junk food avoid karein.","Is hafte aarthik labh hoga, koi bonus ya gift mil sakta hai. Bachat par dhyan dein.","",""
GEMINI,WEEKLY,14,"Is hafte partner ke saath koi naya plan banega, ghoomne ka mauka milega. Saath me samay bitayein.","Is hafte career me koi naya mauka milega, turant haan na kahein. Soch samajh kar nirnay lein.","Is hafte thodi thakan mehsoos hogi, aaram karein. Neend poori karein aur stress kam karein.","Is hafte paisa aayega par kharch bhi hoga. Kisi zaruratmand ki madad karein, punya milega.","",""
GEMINI,WEEKLY,15,"Is hafte prem jeevan me shanti rahegi, partner ka sahyog milega. Kisi shubh karyakram me shirkat karne ka mauka milega.","Is hafte office me yojana ko sarahna milegi. Team ke saath milkar kaam karein to safalta milegi.","Is hafte pet aur digestion ka dhyan rakhein, ghar ka khana khayein. Paani adhik peeyein.","Is hafte aarthik sthiti sudhregi, koi purana nivesh fal dega. Nayi yojana banayein.","",""
GEMINI,WEEKLY,16,"Is hafte partner ke saath koi shubh samachar sunne ko milega. Rishta aur mazboot hoga.","Is hafte career me naya mauka milega, interview ya meeting me safalta milegi. Confidence se baat karein.","Is hafte sharir me halki sustee rahegi, vyayam karein. Bahar ka khana avoid karein.","Is hafte paisa aayega par kharch bhi hoga. Kisi ko daan karein to punya milega.","",""
GEMINI,WEEKLY,17,"Is hafte partner ki sehat ka dhyan rakhein, unke saath samay bitayein. Chhoti baat par jhagda na karein.","Is hafte office me koi purana kaam pura hoga, senior khush honge. Naye project ki taiyari karein.","Is hafte gale me halki kharish ho sakti hai, garm paani peekar rahat milegi. Zyada bolne se bachein.","Is hafte koi purana lend wapas milega. Lekin naye nivesh se pehle achhi tarah soch lein.","",""
GEMINI,WEEKLY,18,"Is hafte prem jeevan me utar-chadhav rahega, partner se baat karke sab theek ho jayega. Sabr rakhein.","Is hafte career me thodi deri ho sakti hai, par kaam poora hoga. Kisi colleague ki madad karein.","Is hafte sir dard ho sakta hai, stress kam karein. Paani adhik peeyein aur aaram karein.","Is hafte kharcha tez hoga, kisi bade nivesh se bachein. Budget banayein aur usi me rahein.","",""
GEMINI,WEEKLY,19,"Is hafte kisi purane rishte me nayi jaan aayegi, purane mitra se mulakat hogi. Dil ki baat kehne me jhijhak na karein.","Is hafte office me mehnat ki tareef hogi, promotion ke chances hain. Mehnat jaari rakhein.","Is hafte sehat achhi rahegi, bas subah walk zaroor karein. Junk food avoid karein.","Is hafte aarthik labh hoga, koi bonus ya gift mil sakta hai. Bachat par dhyan dein.","",""
GEMINI,WEEKLY,20,"Is hafte partner ke saath koi naya plan banega, ghoomne ka mauka milega. Saath me samay bitayein.","Is hafte career me koi naya mauka milega, turant haan na kahein. Soch samajh kar nirnay lein.","Is hafte thodi thakan mehsoos hogi, aaram karein. Neend poori karein aur stress kam karein.","Is hafte paisa aayega par kharch bhi hoga. Kisi zaruratmand ki madad karein, punya milega.","",""
GEMINI,WEEKLY,21,"Is hafte prem jeevan me shanti rahegi, partner ka sahyog milega. Kisi shubh karyakram me shirkat karne ka mauka milega.","Is hafte office me yojana ko sarahna milegi. Team ke saath milkar kaam karein to safalta milegi.","Is hafte pet aur digestion ka dhyan rakhein, ghar ka khana khayein. Paani adhik peeyein.","Is hafte aarthik sthiti sudhregi, koi purana nivesh fal dega. Nayi yojana banayein.","",""
GEMINI,WEEKLY,22,"Is hafte partner ke saath koi shubh samachar sunne ko milega. Rishta aur mazboot hoga.","Is hafte career me naya mauka milega, interview ya meeting me safalta milegi. Confidence se baat karein.","Is hafte sharir me halki sustee rahegi, vyayam karein. Bahar ka khana avoid karein.","Is hafte paisa aayega par kharch bhi hoga. Kisi ko daan karein to punya milega.","",""
GEMINI,WEEKLY,23,"Is hafte partner ki sehat ka dhyan rakhein, unke saath samay bitayein. Chhoti baat par jhagda na karein.","Is hafte office me koi purana kaam pura hoga, senior khush honge. Naye project ki taiyari karein.","Is hafte gale me halki kharish ho sakti hai, garm paani peekar rahat milegi. Zyada bolne se bachein.","Is hafte koi purana lend wapas milega. Lekin naye nivesh se pehle achhi tarah soch lein.","",""
GEMINI,WEEKLY,24,"Is hafte prem jeevan me utar-chadhav rahega, partner se baat karke sab theek ho jayega. Sabr rakhein.","Is hafte career me thodi deri ho sakti hai, par kaam poora hoga. Kisi colleague ki madad karein.","Is hafte sir dard ho sakta hai, stress kam karein. Paani adhik peeyein aur aaram karein.","Is hafte kharcha tez hoga, kisi bade nivesh se bachein. Budget banayein aur usi me rahein.","",""
GEMINI,WEEKLY,25,"Is hafte kisi purane rishte me nayi jaan aayegi, purane mitra se mulakat hogi. Dil ki baat kehne me jhijhak na karein.","Is hafte office me mehnat ki tareef hogi, promotion ke chances hain. Mehnat jaari rakhein.","Is hafte sehat achhi rahegi, bas subah walk zaroor karein. Junk food avoid karein.","Is hafte aarthik labh hoga, koi bonus ya gift mil sakta hai. Bachat par dhyan dein.","",""
GEMINI,WEEKLY,26,"Is hafte partner ke saath koi naya plan banega, ghoomne ka mauka milega. Saath me samay bitayein.","Is hafte career me koi naya mauka milega, turant haan na kahein. Soch samajh kar nirnay lein.","Is hafte thodi thakan mehsoos hogi, aaram karein. Neend poori karein aur stress kam karein.","Is hafte paisa aayega par kharch bhi hoga. Kisi zaruratmand ki madad karein, punya milega.","",""
GEMINI,WEEKLY,27,"Is hafte prem jeevan me shanti rahegi, partner ka sahyog milega. Kisi shubh karyakram me shirkat karne ka mauka milega.","Is hafte office me yojana ko sarahna milegi. Team ke saath milkar kaam karein to safalta milegi.","Is hafte pet aur digestion ka dhyan rakhein, ghar ka khana khayein. Paani adhik peeyein.","Is hafte aarthik sthiti sudhregi, koi purana nivesh fal dega. Nayi yojana banayein.","",""
GEMINI,WEEKLY,28,"Is hafte partner ke saath koi shubh samachar sunne ko milega. Rishta aur mazboot hoga.","Is hafte career me naya mauka milega, interview ya meeting me safalta milegi. Confidence se baat karein.","Is hafte sharir me halki sustee rahegi, vyayam karein. Bahar ka khana avoid karein.","Is hafte paisa aayega par kharch bhi hoga. Kisi ko daan karein to punya milega.","",""
GEMINI,WEEKLY,29,"Is hafte partner ki sehat ka dhyan rakhein, unke saath samay bitayein. Chhoti baat par jhagda na karein.","Is hafte office me koi purana kaam pura hoga, senior khush honge. Naye project ki taiyari karein.","Is hafte gale me halki kharish ho sakti hai, garm paani peekar rahat milegi. Zyada bolne se bachein.","Is hafte koi purana lend wapas milega. Lekin naye nivesh se pehle achhi tarah soch lein.","",""
GEMINI,MONTHLY,0,"Is mahine prem jeevan me madhurta rahegi, partner ke saath samay bitane ka mauka milega. Kisi purane mitra se mulakat hogi.","Is mahine career me naya project milega, senior ka sahyog rahega. Mehnat ka fal zaroor milega.","Is mahine sehat achhi rahegi, bas subah walk aur halka vyayam karein. Junk food avoid karein.","Is mahine aarthik labh hoga, koi purana lend wapas milega. Lekin budget banakar chalein.","",""
GEMINI,MONTHLY,1,"Is mahine partner ke saath koi purana mamla sulah ho sakta hai. Rishte me vishwas badhega aur prem gahra hoga.","Is mahine office me aapki mehnat ki tareef hogi, promotion ke chances hain. Team ke saath milkar kaam karein.","Is mahine thodi thakan mehsoos hogi, aaram karein aur neend poori karein. Paani adhik peeyein.","Is mahine kharcha thoda zyada hoga, savdhani rakhein. Kisi naye nivesh se pehle soch-vichar karein.","",""
GEMINI,MONTHLY,2,"Is mahine kisi khaas insaan se mulaqat hogi jo dil ko khush kar degi. Purane jhagde sulah ho sakte hain.","Is mahine career me koi rukavat aa sakti hai, dhairya rakhein. Kisi colleague se salah lena faydemand hoga.","Is mahine gale aur sans me halki takleef ho sakti hai. Garm kapde pehnein aur thanda na khayein.","Is mahine paisa aayega par kharch bhi hoga. Kisi zaruratmand ki madad karein, punya milega.","",""
GEMINI,MONTHLY,3,"Is mahine prem jeevan me shanti rahegi, partner ka sahyog milega. Kisi shubh karyakram me shirkat karne ka mauka milega.","Is mahine office me aapki yojana ko sarahna milegi. Naye project ki zimmedari mil sakti hai.","Is mahine sehat ke liye halka vyayam karein aur khub paani peeyein. Sir dard se bachein.","Is mahine aarthik sthiti majboot rahegi, koi purana karz chukane ka mauka milega.","",""
GEMINI,MONTHLY,4,"Is mahine partner ke saath chhoti baat par takraar ho sakti hai, shaant rahein. Mahine ke ant me sulah ho jayegi.","Is mahine career me koi naya mauka milega, turant haan na kahein. Soch samajh kar nirnay lein.","Is mahine pet me halki gadbad ho sakti hai, halka khana khayein. Bahar ka khana avoid karein.","Is mahine paisa haath me aayega par kharch bhi tez hoga. Bachat par dhyan dein.","",""
GEMINI,MONTHLY,5,"Is mahine prem jeevan me madhurta rahegi, partner ke saath ghoomne ka mauka milega. Kisi purane mitra se mulakat hogi.","Is mahine office me mehnat ki sarahna hogi. Senior aapki baat maanenge, confidence rakhein.","Is mahine urja se bharpur rahenge, vyayam karne ka mann karega. Lekin zyada garmi se bachein.","Is mahine kisi naye kaam me nivesh karne ka mauka milega, soch samajh kar haan kahein.","",""
GEMINI,MONTHLY,6,"Is mahine partner ke saath koi naya rishta shuru ho sakta hai ya purana gahra ho sakta hai. Dil ki baat kehne me jhijhak na karein.","Is mahine career me thodi bhaag-daud rahegi, meetings me vyast rahenge. Jaldbazi me galti na karein.","Is mahine jodon me halka dard ho sakta hai, aaram karein. Subah ki dhoop faydemand hai.","Is mahine aarthik labh hoga, koi bonus ya gift mil sakta hai. Lekin kharch par niyantran rakhein.","",""
GEMINI,MONTHLY,7,"Is mahine partner aapko surprise de sakta hai, prem me nayi urja aayegi. Saath me kuch naya try karein.","Is mahine career me koi bada faisla lena pad sakta hai, savdhani se sochein. Kisi anubhavi se salah lein.","Is mahine sehat achhi rahegi, bas subah ka nashta skip na karein. Fresh fruit khayein.","Is mahine paisa aayega par kisi anavashyak cheez par kharch ho sakta hai. Ruk kar kharch karein.","",""
GEMINI,MONTHLY,8,"Is mahine partner se koi purani baat chubh sakti hai, khul kar baat karein. Chhoti baat ko bada na banayein.","Is mahine career me koi rukavat aa sakti hai, par dhairya se kaam lein. Koi purana project pura hoga.","Is mahine mansik tanav ho sakta hai, meditation karein. Neend poori karein.","Is mahine kisi dost se udhaar dene se bachein, warna paisa wapas nahi milega. Apne paise sambhal kar rakhein.","",""
GEMINI,MONTHLY,9,"Is mahine prem jeevan me shanti rahegi, partner ka sahyog milega. Kisi shubh karyakram me shirkat karne ka mauka milega.","Is mahine office me yojana ko sarahna milegi. Team ke saath milkar kaam karein to safalta milegi.","Is mahine pet aur digestion ka dhyan rakhein, ghar ka khana khayein. Paani adhik peeyein.","Is mahine aarthik sthiti sudhregi, koi purana nivesh fal dega. Nayi yojana banayein.","",""
GEMINI,MONTHLY,10,"Is mahine partner ke saath koi shubh samachar sunne ko milega. Rishta aur mazboot hoga.","Is mahine career me naya mauka milega, interview ya meeting me safalta milegi. Confidence se baat karein.","Is mahine sharir me halki sustee rahegi, vyayam karein. Bahar ka khana avoid karein.","Is mahine paisa aayega par kharch bhi hoga. Kisi ko daan karein to punya milega.","",""
GEMINI,MONTHLY,11,"Is mahine partner ki sehat ka dhyan rakhein, unke saath samay bitayein. Chhoti baat par jhagda na karein.","Is mahine office me koi purana kaam pura hoga, senior khush honge. Naye project ki taiyari karein.","Is mahine gale me halki kharish ho sakti hai, garm paani peekar rahat milegi. Zyada bolne se bachein.","Is mahine koi purana lend wapas milega. Lekin naye nivesh se pehle achhi tarah soch lein.","",""
GEMINI,MONTHLY,12,"Is mahine prem jeevan me utar-chadhav rahega, partner se baat karke sab theek ho jayega. Sabr rakhein.","Is mahine career me thodi deri ho sakti hai, par kaam poora hoga. Kisi colleague ki madad karein.","Is mahine sir dard ho sakta hai, stress kam karein. Paani adhik peeyein aur aaram karein.","Is mahine kharcha tez hoga, kisi bade nivesh se bachein. Budget banayein aur usi me rahein.","",""
GEMINI,MONTHLY,13,"Is mahine kisi purane rishte me nayi jaan aayegi, purane mitra se mulakat hogi. Dil ki baat kehne me jhijhak na karein.","Is mahine office me mehnat ki tareef hogi, promotion ke chances hain. Mehnat jaari rakhein.","Is mahine sehat achhi rahegi, bas subah walk zaroor karein. Junk food avoid karein.","Is mahine aarthik labh hoga, koi bonus ya gift mil sakta hai. Bachat par dhyan dein.","",""
GEMINI,MONTHLY,14,"Is mahine partner ke saath koi naya plan banega, ghoomne ka mauka milega. Saath me samay bitayein.","Is mahine career me koi naya mauka milega, turant haan na kahein. Soch samajh kar nirnay lein.","Is mahine thodi thakan mehsoos hogi, aaram karein. Neend poori karein aur stress kam karein.","Is mahine paisa aayega par kharch bhi hoga. Kisi zaruratmand ki madad karein, punya milega.","",""
GEMINI,MONTHLY,15,"Is mahine prem jeevan me shanti rahegi, partner ka sahyog milega. Kisi shubh karyakram me shirkat karne ka mauka milega.","Is mahine office me yojana ko sarahna milegi. Team ke saath milkar kaam karein to safalta milegi.","Is mahine pet aur digestion ka dhyan rakhein, ghar ka khana khayein. Paani adhik peeyein.","Is mahine aarthik sthiti sudhregi, koi purana nivesh fal dega. Nayi yojana banayein.","",""
GEMINI,MONTHLY,16,"Is mahine partner ke saath koi shubh samachar sunne ko milega. Rishta aur mazboot hoga.","Is mahine career me naya mauka milega, interview ya meeting me safalta milegi. Confidence se baat karein.","Is mahine sharir me halki sustee rahegi, vyayam karein. Bahar ka khana avoid karein.","Is mahine paisa aayega par kharch bhi hoga. Kisi ko daan karein to punya milega.","",""
GEMINI,MONTHLY,17,"Is mahine partner ki sehat ka dhyan rakhein, unke saath samay bitayein. Chhoti baat par jhagda na karein.","Is mahine office me koi purana kaam pura hoga, senior khush honge. Naye project ki taiyari karein.","Is mahine gale me halki kharish ho sakti hai, garm paani peekar rahat milegi. Zyada bolne se bachein.","Is mahine koi purana lend wapas milega. Lekin naye nivesh se pehle achhi tarah soch lein.","",""
GEMINI,MONTHLY,18,"Is mahine prem jeevan me utar-chadhav rahega, partner se baat karke sab theek ho jayega. Sabr rakhein.","Is mahine career me thodi deri ho sakti hai, par kaam poora hoga. Kisi colleague ki madad karein.","Is mahine sir dard ho sakta hai, stress kam karein. Paani adhik peeyein aur aaram karein.","Is mahine kharcha tez hoga, kisi bade nivesh se bachein. Budget banayein aur usi me rahein.","",""
GEMINI,MONTHLY,19,"Is mahine kisi purane rishte me nayi jaan aayegi, purane mitra se mulakat hogi. Dil ki baat kehne me jhijhak na karein.","Is mahine office me mehnat ki tareef hogi, promotion ke chances hain. Mehnat jaari rakhein.","Is mahine sehat achhi rahegi, bas subah walk zaroor karein. Junk food avoid karein.","Is mahine aarthik labh hoga, koi bonus ya gift mil sakta hai. Bachat par dhyan dein.","",""
GEMINI,MONTHLY,20,"Is mahine partner ke saath koi naya plan banega, ghoomne ka mauka milega. Saath me samay bitayein.","Is mahine career me koi naya mauka milega, turant haan na kahein. Soch samajh kar nirnay lein.","Is mahine thodi thakan mehsoos hogi, aaram karein. Neend poori karein aur stress kam karein.","Is mahine paisa aayega par kharch bhi hoga. Kisi zaruratmand ki madad karein, punya milega.","",""
GEMINI,MONTHLY,21,"Is mahine prem jeevan me shanti rahegi, partner ka sahyog milega. Kisi shubh karyakram me shirkat karne ka mauka milega.","Is mahine office me yojana ko sarahna milegi. Team ke saath milkar kaam karein to safalta milegi.","Is mahine pet aur digestion ka dhyan rakhein, ghar ka khana khayein. Paani adhik peeyein.","Is mahine aarthik sthiti sudhregi, koi purana nivesh fal dega. Nayi yojana banayein.","",""
GEMINI,MONTHLY,22,"Is mahine partner ke saath koi shubh samachar sunne ko milega. Rishta aur mazboot hoga.","Is mahine career me naya mauka milega, interview ya meeting me safalta milegi. Confidence se baat karein.","Is mahine sharir me halki sustee rahegi, vyayam karein. Bahar ka khana avoid karein.","Is mahine paisa aayega par kharch bhi hoga. Kisi ko daan karein to punya milega.","",""
GEMINI,MONTHLY,23,"Is mahine partner ki sehat ka dhyan rakhein, unke saath samay bitayein. Chhoti baat par jhagda na karein.","Is mahine office me koi purana kaam pura hoga, senior khush honge. Naye project ki taiyari karein.","Is mahine gale me halki kharish ho sakti hai, garm paani peekar rahat milegi. Zyada bolne se bachein.","Is mahine koi purana lend wapas milega. Lekin naye nivesh se pehle achhi tarah soch lein.","",""
GEMINI,MONTHLY,24,"Is mahine prem jeevan me utar-chadhav rahega, partner se baat karke sab theek ho jayega. Sabr rakhein.","Is mahine career me thodi deri ho sakti hai, par kaam poora hoga. Kisi colleague ki madad karein.","Is mahine sir dard ho sakta hai, stress kam karein. Paani adhik peeyein aur aaram karein.","Is mahine kharcha tez hoga, kisi bade nivesh se bachein. Budget banayein aur usi me rahein.","",""
GEMINI,MONTHLY,25,"Is mahine kisi purane rishte me nayi jaan aayegi, purane mitra se mulakat hogi. Dil ki baat kehne me jhijhak na karein.","Is mahine office me mehnat ki tareef hogi, promotion ke chances hain. Mehnat jaari rakhein.","Is mahine sehat achhi rahegi, bas subah walk zaroor karein. Junk food avoid karein.","Is mahine aarthik labh hoga, koi bonus ya gift mil sakta hai. Bachat par dhyan dein.","",""
GEMINI,MONTHLY,26,"Is mahine partner ke saath koi naya plan banega, ghoomne ka mauka milega. Saath me samay bitayein.","Is mahine career me koi naya mauka milega, turant haan na kahein. Soch samajh kar nirnay lein.","Is mahine thodi thakan mehsoos hogi, aaram karein. Neend poori karein aur stress kam karein.","Is mahine paisa aayega par kharch bhi hoga. Kisi zaruratmand ki madad karein, punya milega.","",""
GEMINI,MONTHLY,27,"Is mahine prem jeevan me shanti rahegi, partner ka sahyog milega. Kisi shubh karyakram me shirkat karne ka mauka milega.","Is mahine office me yojana ko sarahna milegi. Team ke saath milkar kaam karein to safalta milegi.","Is mahine pet aur digestion ka dhyan rakhein, ghar ka khana khayein. Paani adhik peeyein.","Is mahine aarthik sthiti sudhregi, koi purana nivesh fal dega. Nayi yojana banayein.","",""
GEMINI,MONTHLY,28,"Is mahine partner ke saath koi shubh samachar sunne ko milega. Rishta aur mazboot hoga.","Is mahine career me naya mauka milega, interview ya meeting me safalta milegi. Confidence se baat karein.","Is mahine sharir me halki sustee rahegi, vyayam karein. Bahar ka khana avoid karein.","Is mahine paisa aayega par kharch bhi hoga. Kisi ko daan karein to punya milega.","",""
GEMINI,MONTHLY,29,"Is mahine partner ki sehat ka dhyan rakhein, unke saath samay bitayein. Chhoti baat par jhagda na karein.","Is mahine office me koi purana kaam pura hoga, senior khush honge. Naye project ki taiyari karein.","Is mahine gale me halki kharish ho sakti hai, garm paani peekar rahat milegi. Zyada bolne se bachein.","Is mahine koi purana lend wapas milega. Lekin naye nivesh se pehle achhi tarah soch lein.","",""
GEMINI,YEARLY,0,"Is saal prem jeevan me badi urja aayegi, vivah ke yog ban sakte hain ya purana rishta gahra hoga. Partner ke saath samay bitane ka khoob mauka milega.","Is saal career me bada badlav sambhav hai, naukri badal sakti hai ya promotion milegi. Mehnat ka poora fal zaroor milega.","Is saal sehat achhi rahegi, bas niyamit vyayam aur santulit ahar apnayein. Stress kam karein aur neend poori karein.","Is saal aarthik sthiti majboot hogi, koi bada nivesh fal dega. Lekin faltu kharch se bachein aur bachat karein.","",""
CANCER,TODAY,0,"Aaj partner ke saath samay bitane ka mauka milega, purani galatfehmi door hogi. Dil ki baat khul kar kehna aaj aapke rishte ko mazboot banayega.","Career me aaj koi naya kaam shuru karne ka mauka mil sakta hai, senior ka sahyog milega. Jaldbazi na karein, soch samajh kar kadam uthayein.","Aaj sehat achhi rahegi, bas subah walk zaroor karein. Zyada thanda aur fried khane se bachein.","Aaj paisa aayega, kisi purane lend ka paisa wapas mil sakta hai. Lekin faltu kharch se bachein.","2","White"
CANCER,TODAY,1,"Aaj prem jeevan me nayi urja aayegi, koi purana mitra mil sakta hai. Partner ki baat dhyan se sunein, jhagda ho sakta hai.","Office me aapki mehnat ki tareef hogi, promotion ke chances hain. Colleagues ke saath mil kar kaam karein.","Aaj thodi thakan mehsoos hogi, aaram karein. Paani adhik peeyein aur stress kam karein.","Aaj kharcha thoda zyada ho sakta hai, budget banayein. Kisi naye nivesh se pehle soch-vichar karein.","7","Silver"
CANCER,TODAY,2,"Aaj partner ke saath koi purana mamla sulah ho sakta hai. Rishte me vishwas badhega aur madhurta aayegi.","Career me aaj koi rukavat aa sakti hai, dhairya rakhein. Kisi colleague se salah lein to fayda hoga.","Aaj gale aur sans me halki takleef ho sakti hai. Garm kapde pehnein aur thanda na khayein.","Aaj paisa aayega par kharch bhi hoga. Kisi zaruratmand ki madad karein, punya milega.","11","White"
CANCER,TODAY,3,"Aaj kisi khaas insaan se mulaqat hogi jo aapka din bana degi. Purane jhagde sulah ho sakte hain.","Aaj office me aapki raay ko mahatva milega. Kisi naye project ki zimmedari mil sakti hai.","Sehat ke liye aaj halka vyayam karein aur khub paani peeyein. Sir dard ho sakta hai.","Aaj aarthik sthiti majboot rahegi, koi purana karz chukane ka mauka milega.","15","Silver"
CANCER,TODAY,4,"Aaj partner ke saath chhoti baat par takraar ho sakti hai, shaant rahein. Raat ko sulah ho jayegi.","Career me aaj koi naya mauka milega, turant haan na kahein. Soch samajh kar nirnay lein.","Aaj pet me halki gadbad ho sakti hai, halka khana khayein. Bahar ka khana avoid karein.","Aaj paisa haath me aayega par kharch bhi tez hoga. Bachat par dhyan dein.","20","White"
CANCER,TODAY,5,"Aaj prem jeevan me madhurta rahegi, partner ke saath ghoomne ka mauka milega. Kisi purane mitra se mulakat hogi.","Aaj office me aapki mehnat ki sarahna hogi. Senior aapki baat maanenge, confidence rakhein.","Aaj urja se bharpur rahenge, vyayam karne ka mann karega. Lekin zyada garmi se bachein.","Aaj kisi naye kaam me nivesh karne ka mauka milega, soch samajh kar haan kahein.","24","Silver"
CANCER,TODAY,6,"Aaj partner ke saath koi naya rishta shuru ho sakta hai ya purana gahra ho sakta hai. Dil ki baat kehne me jhijhak na karein.","Career me aaj thodi bhaag-daud rahegi, meetings me vyast rahenge. Jaldbazi me galti na karein.","Aaj jodon me halka dard ho sakta hai, aaram karein. Subah ki dhoop aapke liye faydemand hai.","Aaj aarthik labh hoga, koi bonus ya gift mil sakta hai. Lekin kharch par niyantran rakhein.","28","White"
CANCER,TODAY,7,"Aaj partner aapko surprise de sakta hai, prem me nayi urja aayegi. Saath me kuch naya try karein.","Aaj career me koi bada faisla lena pad sakta hai, savdhani se sochein. Kisi anubhavi se salah lein.","Aaj sehat achhi rahegi, bas subah ka nashta skip na karein. Fresh fruit khayein.","Aaj paisa aayega par kisi anavashyak cheez par kharch ho sakta hai. Ruk kar kharch karein.","3","Silver"
CANCER,TODAY,8,"Aaj partner se koi purani baat chubh sakti hai, khul kar baat karein. Chhoti baat ko bada na banayein.","Career me aaj koi rukavat aa sakti hai, par dhairya se kaam lein. Koi purana project pura hoga.","Aaj mansik tanav ho sakta hai, meditation karein. Neend poori karein.","Aaj kisi dost se udhaar dene se bachein, warna paisa wapas nahi milega. Apne paise sambhal kar rakhein.","9","White"
CANCER,TODAY,9,"Aaj prem jeevan me shanti rahegi, partner ka sahyog milega. Kisi shubh karyakram me shirkat karne ka mauka milega.","Aaj office me aapki yojana ko sarahna milegi. Team ke saath milkar kaam karein to safalta milegi.","Aaj pet aur digestion ka dhyan rakhein, ghar ka khana khayein. Paani adhik peeyein.","Aaj aarthik sthiti sudhregi, koi purana nivesh fal dega. Nayi yojana banayein.","14","Silver"
CANCER,TODAY,10,"Aaj partner ke saath koi shubh samachar sunne ko milega. Rishta aur mazboot hoga.","Aaj career me naya mauka milega, interview ya meeting me safalta milegi. Confidence se baat karein.","Aaj sharir me halki sustee rahegi, vyayam karein. Bahar ka khana avoid karein.","Aaj paisa aayega par kharch bhi hoga. Kisi ko daan karein to punya milega.","18","White"
CANCER,TODAY,11,"Aaj partner ki sehat ka dhyan rakhein, unke saath samay bitayein. Chhoti baat par jhagda na karein.","Aaj office me koi purana kaam pura hoga, senior khush honge. Naye project ki taiyari karein.","Aaj gale me halki kharish ho sakti hai, garm paani peekar rahat milegi. Zyada bolne se bachein.","Aaj koi purana lend wapas milega. Lekin naye nivesh se pehle achhi tarah soch lein.","22","Silver"
CANCER,TODAY,12,"Aaj prem jeevan me utar-chadhav rahega, partner se baat karke sab theek ho jayega. Sabr rakhein.","Aaj career me thodi deri ho sakti hai, par kaam poora hoga. Kisi colleague ki madad karein.","Aaj sir dard ho sakta hai, stress kam karein. Paani adhik peeyein aur aaram karein.","Aaj kharcha tez hoga, kisi bade nivesh se bachein. Budget banayein aur usi me rahein.","5","White"
CANCER,TODAY,13,"Aaj kisi purane rishte me nayi jaan aayegi, purane mitra se mulakat hogi. Dil ki baat kehne me jhijhak na karein.","Aaj office me aapki mehnat ki tareef hogi, promotion ke chances hain. Mehnat jaari rakhein.","Aaj sehat achhi rahegi, bas subah walk zaroor karein. Junk food avoid karein.","Aaj aarthik labh hoga, koi bonus ya gift mil sakta hai. Bachat par dhyan dein.","26","Silver"
CANCER,TODAY,14,"Aaj partner ke saath koi naya plan banega, ghoomne ka mauka milega. Saath me samay bitayein.","Aaj career me koi naya mauka milega, turant haan na kahein. Soch samajh kar nirnay lein.","Aaj thodi thakan mehsoos hogi, aaram karein. Neend poori karein aur stress kam karein.","Aaj paisa aayega par kharch bhi hoga. Kisi zaruratmand ki madad karein, punya milega.","8","White"
CANCER,TODAY,15,"Aaj prem jeevan me shanti rahegi, partner ka sahyog milega. Kisi shubh karyakram me shirkat karne ka mauka milega.","Aaj office me aapki yojana ko sarahna milegi. Team ke saath milkar kaam karein to safalta milegi.","Aaj pet aur digestion ka dhyan rakhein, ghar ka khana khayein. Paani adhik peeyein.","Aaj aarthik sthiti sudhregi, koi purana nivesh fal dega. Nayi yojana banayein.","12","Silver"
CANCER,TODAY,16,"Aaj partner ke saath koi shubh samachar sunne ko milega. Rishta aur mazboot hoga.","Aaj career me naya mauka milega, interview ya meeting me safalta milegi. Confidence se baat karein.","Aaj sharir me halki sustee rahegi, vyayam karein. Bahar ka khana avoid karein.","Aaj paisa aayega par kharch bhi hoga. Kisi ko daan karein to punya milega.","19","White"
CANCER,TODAY,17,"Aaj partner ki sehat ka dhyan rakhein, unke saath samay bitayein. Chhoti baat par jhagda na karein.","Aaj office me koi purana kaam pura hoga, senior khush honge. Naye project ki taiyari karein.","Aaj gale me halki kharish ho sakti hai, garm paani peekar rahat milegi. Zyada bolne se bachein.","Aaj koi purana lend wapas milega. Lekin naye nivesh se pehle achhi tarah soch lein.","21","Silver"
CANCER,TODAY,18,"Aaj prem jeevan me utar-chadhav rahega, partner se baat karke sab theek ho jayega. Sabr rakhein.","Aaj career me thodi deri ho sakti hai, par kaam poora hoga. Kisi colleague ki madad karein.","Aaj sir dard ho sakta hai, stress kam karein. Paani adhik peeyein aur aaram karein.","Aaj kharcha tez hoga, kisi bade nivesh se bachein. Budget banayein aur usi me rahein.","7","White"
CANCER,TODAY,19,"Aaj kisi purane rishte me nayi jaan aayegi, purane mitra se mulakat hogi. Dil ki baat kehne me jhijhak na karein.","Aaj office me aapki mehnat ki tareef hogi, promotion ke chances hain. Mehnat jaari rakhein.","Aaj sehat achhi rahegi, bas subah walk zaroor karein. Junk food avoid karein.","Aaj aarthik labh hoga, koi bonus ya gift mil sakta hai. Bachat par dhyan dein.","13","Silver"
CANCER,TODAY,20,"Aaj partner ke saath koi naya plan banega, ghoomne ka mauka milega. Saath me samay bitayein.","Aaj career me koi naya mauka milega, turant haan na kahein. Soch samajh kar nirnay lein.","Aaj thodi thakan mehsoos hogi, aaram karein. Neend poori karein aur stress kam karein.","Aaj paisa aayega par kharch bhi hoga. Kisi zaruratmand ki madad karein, punya milega.","25","White"
CANCER,TODAY,21,"Aaj prem jeevan me shanti rahegi, partner ka sahyog milega. Kisi shubh karyakram me shirkat karne ka mauka milega.","Aaj office me aapki yojana ko sarahna milegi. Team ke saath milkar kaam karein to safalta milegi.","Aaj pet aur digestion ka dhyan rakhein, ghar ka khana khayein. Paani adhik peeyein.","Aaj aarthik sthiti sudhregi, koi purana nivesh fal dega. Nayi yojana banayein.","10","Silver"
CANCER,TODAY,22,"Aaj partner ke saath koi shubh samachar sunne ko milega. Rishta aur mazboot hoga.","Aaj career me naya mauka milega, interview ya meeting me safalta milegi. Confidence se baat karein.","Aaj sharir me halki sustee rahegi, vyayam karein. Bahar ka khana avoid karein.","Aaj paisa aayega par kharch bhi hoga. Kisi ko daan karein to punya milega.","17","White"
CANCER,TODAY,23,"Aaj partner ki sehat ka dhyan rakhein, unke saath samay bitayein. Chhoti baat par jhagda na karein.","Aaj office me koi purana kaam pura hoga, senior khush honge. Naye project ki taiyari karein.","Aaj gale me halki kharish ho sakti hai, garm paani peekar rahat milegi. Zyada bolne se bachein.","Aaj koi purana lend wapas milega. Lekin naye nivesh se pehle achhi tarah soch lein.","29","Silver"
CANCER,TODAY,24,"Aaj prem jeevan me utar-chadhav rahega, partner se baat karke sab theek ho jayega. Sabr rakhein.","Aaj career me thodi deri ho sakti hai, par kaam poora hoga. Kisi colleague ki madad karein.","Aaj sir dard ho sakta hai, stress kam karein. Paani adhik peeyein aur aaram karein.","Aaj kharcha tez hoga, kisi bade nivesh se bachein. Budget banayein aur usi me rahein.","1","White"
CANCER,TODAY,25,"Aaj kisi purane rishte me nayi jaan aayegi, purane mitra se mulakat hogi. Dil ki baat kehne me jhijhak na karein.","Aaj office me aapki mehnat ki tareef hogi, promotion ke chances hain. Mehnat jaari rakhein.","Aaj sehat achhi rahegi, bas subah walk zaroor karein. Junk food avoid karein.","Aaj aarthik labh hoga, koi bonus ya gift mil sakta hai. Bachat par dhyan dein.","23","Silver"
CANCER,TODAY,26,"Aaj partner ke saath koi naya plan banega, ghoomne ka mauka milega. Saath me samay bitayein.","Aaj career me koi naya mauka milega, turant haan na kahein. Soch samajh kar nirnay lein.","Aaj thodi thakan mehsoos hogi, aaram karein. Neend poori karein aur stress kam karein.","Aaj paisa aayega par kharch bhi hoga. Kisi zaruratmand ki madad karein, punya milega.","4","White"
CANCER,TODAY,27,"Aaj prem jeevan me shanti rahegi, partner ka sahyog milega. Kisi shubh karyakram me shirkat karne ka mauka milega.","Aaj office me aapki yojana ko sarahna milegi. Team ke saath milkar kaam karein to safalta milegi.","Aaj pet aur digestion ka dhyan rakhein, ghar ka khana khayein. Paani adhik peeyein.","Aaj aarthik sthiti sudhregi, koi purana nivesh fal dega. Nayi yojana banayein.","16","Silver"
CANCER,TODAY,28,"Aaj partner ke saath koi shubh samachar sunne ko milega. Rishta aur mazboot hoga.","Aaj career me naya mauka milega, interview ya meeting me safalta milegi. Confidence se baat karein.","Aaj sharir me halki sustee rahegi, vyayam karein. Bahar ka khana avoid karein.","Aaj paisa aayega par kharch bhi hoga. Kisi ko daan karein to punya milega.","27","White"
CANCER,TODAY,29,"Aaj partner ki sehat ka dhyan rakhein, unke saath samay bitayein. Chhoti baat par jhagda na karein.","Aaj office me koi purana kaam pura hoga, senior khush honge. Naye project ki taiyari karein.","Aaj gale me halki kharish ho sakti hai, garm paani peekar rahat milegi. Zyada bolne se bachein.","Aaj koi purana lend wapas milega. Lekin naye nivesh se pehle achhi tarah soch lein.","30","Silver"
CANCER,YESTERDAY,0,"Kal partner ke saath samay bitane ka mauka mila tha, purani galatfehmi door hui. Dil ki baat khul kar kehna rishte ko mazboot banata hai.","Kal career me koi naya kaam shuru karne ka mauka mila tha, senior ka sahyog mila. Jaldbazi na karna hi samajhdari hai.","Kal sehat achhi rahi, subah walk ka fayda mila. Thanda aur fried khane se bachna chahiye.","Kal paisa aaya, kisi purane lend ka paisa wapas mila. Lekin faltu kharch se bachna chahiye.","",""
CANCER,YESTERDAY,1,"Kal prem jeevan me nayi urja aayi, koi purana mitra mila. Partner ki baat dhyan se sunni chahiye thi.","Kal office me mehnat ki tareef hui, promotion ke chances bane. Colleagues ke saath milkar kaam karna faydemand raha.","Kal thodi thakan mehsoos hui, aaram karna zaroori tha. Paani adhik peena aur stress kam karna chahiye.","Kal kharcha thoda zyada ho gaya, budget banane ki zarurat thi. Naye nivesh se pehle soch-vichar karna chahiye.","",""
CANCER,YESTERDAY,2,"Kal partner ke saath koi purana mamla sulah hua. Rishte me vishwas badha aur madhurta aayi.","Kal career me koi rukavat aayi thi, dhairya rakhna zaroori tha. Kisi colleague se salah lena faydemand raha.","Kal gale aur sans me halki takleef hui. Garm kapde pehenna aur thanda na khana chahiye.","Kal paisa aaya par kharch bhi hua. Kisi zaruratmand ki madad karne se punya mila.","",""
CANCER,YESTERDAY,3,"Kal kisi khaas insaan se mulaqat hui jo din bana gayi. Purane jhagde sulah ho gaye.","Kal office me raay ko mahatva mila. Kisi naye project ki zimmedari mili.","Kal sehat ke liye halka vyayam karna aur khub paani peena faydemand raha. Sir dard ho sakta tha.","Kal aarthik sthiti majboot rahi, koi purana karz chukane ka mauka mila.","",""
CANCER,YESTERDAY,4,"Kal partner ke saath chhoti baat par takraar hui thi, shaant rehna chahiye tha. Raat ko sulah ho gayi.","Kal career me koi naya mauka mila, turant haan nahi kehna chahiye tha. Soch samajh kar nirnay lena chahiye.","Kal pet me halki gadbad hui, halka khana khana chahiye tha. Bahar ka khana avoid karna chahiye.","Kal paisa haath me aaya par kharch bhi tez hua. Bachat par dhyan dena chahiye tha.","",""
CANCER,YESTERDAY,5,"Kal prem jeevan me madhurta rahi, partner ke saath ghoomne ka mauka mila. Kisi purane mitra se mulakat hui.","Kal office me mehnat ki sarahna hui. Senior ne baat maani, confidence rakhna chahiye tha.","Kal urja se bharpur rahe, vyayam karne ka mann kiya. Lekin zyada garmi se bachna chahiye tha.","Kal kisi naye kaam me nivesh karne ka mauka mila, soch samajh kar haan kehna chahiye tha.","",""
CANCER,YESTERDAY,6,"Kal partner ke saath koi naya rishta shuru hua ya purana gahra hua. Dil ki baat kehne me jhijhak nahi karni chahiye thi.","Kal career me thodi bhaag-daud rahi, meetings me vyast rahe. Jaldbazi me galti nahi karni chahiye thi.","Kal jodon me halka dard hua, aaram karna chahiye tha. Subah ki dhoop faydemand rahi.","Kal aarthik labh hua, koi bonus ya gift mila. Lekin kharch par niyantran rakhna chahiye tha.","",""
CANCER,YESTERDAY,7,"Kal partner ne surprise diya, prem me nayi urja aayi. Saath me kuch naya try karna chahiye tha.","Kal career me koi bada faisla lena pada, savdhani se sochna chahiye tha. Kisi anubhavi se salah leni chahiye thi.","Kal sehat achhi rahi, bas subah ka nashta skip nahi karna chahiye tha. Fresh fruit khane chahiye the.","Kal paisa aaya par kisi anavashyak cheez par kharch ho gaya. Ruk kar kharch karna chahiye tha.","",""
CANCER,YESTERDAY,8,"Kal partner se koi purani baat chubhi thi, khul kar baat karni chahiye thi. Chhoti baat ko bada nahi banana chahiye tha.","Kal career me koi rukavat aayi, par dhairya se kaam liya. Koi purana project pura hua.","Kal mansik tanav hua, meditation karna chahiye tha. Neend poori karni chahiye thi.","Kal kisi dost se udhaar dena nahi chahiye tha, warna paisa wapas nahi milta. Apne paise sambhal kar rakhne chahiye the.","",""
CANCER,YESTERDAY,9,"Kal prem jeevan me shanti rahi, partner ka sahyog mila. Kisi shubh karyakram me shirkat karne ka mauka mila.","Kal office me yojana ko sarahna mili. Team ke saath milkar kaam karne se safalta mili.","Kal pet aur digestion ka dhyan rakhna chahiye tha, ghar ka khana khana chahiye tha. Paani adhik peena chahiye tha.","Kal aarthik sthiti sudhri, koi purana nivesh fal diya. Nayi yojana banani chahiye thi.","",""
CANCER,YESTERDAY,10,"Kal partner ke saath koi shubh samachar sunne ko mila. Rishta aur mazboot hua.","Kal career me naya mauka mila, interview ya meeting me safalta mili. Confidence se baat karni chahiye thi.","Kal sharir me halki sustee rahi, vyayam karna chahiye tha. Bahar ka khana avoid karna chahiye tha.","Kal paisa aaya par kharch bhi hua. Kisi ko daan karne se punya mila.","",""
CANCER,YESTERDAY,11,"Kal partner ki sehat ka dhyan rakhna chahiye tha, unke saath samay bitana chahiye tha. Chhoti baat par jhagda nahi karna chahiye tha.","Kal office me koi purana kaam pura hua, senior khush hue. Naye project ki taiyari karni chahiye thi.","Kal gale me halki kharish hui, garm paani peekar rahat mili. Zyada bolne se bachna chahiye tha.","Kal koi purana lend wapas mila. Lekin naye nivesh se pehle achhi tarah sochna chahiye tha.","",""
CANCER,YESTERDAY,12,"Kal prem jeevan me utar-chadhav raha, partner se baat karke sab theek ho gaya. Sabr rakhna chahiye tha.","Kal career me thodi deri hui, par kaam poora hua. Kisi colleague ki madad karni chahiye thi.","Kal sir dard hua, stress kam karna chahiye tha. Paani adhik peena aur aaram karna chahiye tha.","Kal kharcha tez hua, kisi bade nivesh se bachna chahiye tha. Budget banakar usi me rehna chahiye tha.","",""
CANCER,YESTERDAY,13,"Kal kisi purane rishte me nayi jaan aayi, purane mitra se mulakat hui. Dil ki baat kehne me jhijhak nahi karni chahiye thi.","Kal office me mehnat ki tareef hui, promotion ke chances bane. Mehnat jaari rakhni chahiye thi.","Kal sehat achhi rahi, bas subah walk karni chahiye thi. Junk food avoid karna chahiye tha.","Kal aarthik labh hua, koi bonus ya gift mila. Bachat par dhyan dena chahiye tha.","",""
CANCER,YESTERDAY,14,"Kal partner ke saath koi naya plan bana, ghoomne ka mauka mila. Saath me samay bitana chahiye tha.","Kal career me koi naya mauka mila, turant haan nahi kehna chahiye tha. Soch samajh kar nirnay lena chahiye tha.","Kal thodi thakan mehsoos hui, aaram karna chahiye tha. Neend poori karni chahiye thi aur stress kam karna chahiye tha.","Kal paisa aaya par kharch bhi hua. Kisi zaruratmand ki madad karne se punya mila.","",""
CANCER,YESTERDAY,15,"Kal prem jeevan me shanti rahi, partner ka sahyog mila. Kisi shubh karyakram me shirkat karne ka mauka mila.","Kal office me yojana ko sarahna mili. Team ke saath milkar kaam karne se safalta mili.","Kal pet aur digestion ka dhyan rakhna chahiye tha, ghar ka khana khana chahiye tha. Paani adhik peena chahiye tha.","Kal aarthik sthiti sudhri, koi purana nivesh fal diya. Nayi yojana banani chahiye thi.","",""
CANCER,YESTERDAY,16,"Kal partner ke saath koi shubh samachar sunne ko mila. Rishta aur mazboot hua.","Kal career me naya mauka mila, interview ya meeting me safalta mili. Confidence se baat karni chahiye thi.","Kal sharir me halki sustee rahi, vyayam karna chahiye tha. Bahar ka khana avoid karna chahiye tha.","Kal paisa aaya par kharch bhi hua. Kisi ko daan karne se punya mila.","",""
CANCER,YESTERDAY,17,"Kal partner ki sehat ka dhyan rakhna chahiye tha, unke saath samay bitana chahiye tha. Chhoti baat par jhagda nahi karna chahiye tha.","Kal office me koi purana kaam pura hua, senior khush hue. Naye project ki taiyari karni chahiye thi.","Kal gale me halki kharish hui, garm paani peekar rahat mili. Zyada bolne se bachna chahiye tha.","Kal koi purana lend wapas mila. Lekin naye nivesh se pehle achhi tarah sochna chahiye tha.","",""
CANCER,YESTERDAY,18,"Kal prem jeevan me utar-chadhav raha, partner se baat karke sab theek ho gaya. Sabr rakhna chahiye tha.","Kal career me thodi deri hui, par kaam poora hua. Kisi colleague ki madad karni chahiye thi.","Kal sir dard hua, stress kam karna chahiye tha. Paani adhik peena aur aaram karna chahiye tha.","Kal kharcha tez hua, kisi bade nivesh se bachna chahiye tha. Budget banakar usi me rehna chahiye tha.","",""
CANCER,YESTERDAY,19,"Kal kisi purane rishte me nayi jaan aayi, purane mitra se mulakat hui. Dil ki baat kehne me jhijhak nahi karni chahiye thi.","Kal office me mehnat ki tareef hui, promotion ke chances bane. Mehnat jaari rakhni chahiye thi.","Kal sehat achhi rahi, bas subah walk karni chahiye thi. Junk food avoid karna chahiye tha.","Kal aarthik labh hua, koi bonus ya gift mila. Bachat par dhyan dena chahiye tha.","",""
CANCER,YESTERDAY,20,"Kal partner ke saath koi naya plan bana, ghoomne ka mauka mila. Saath me samay bitana chahiye tha.","Kal career me koi naya mauka mila, turant haan nahi kehna chahiye tha. Soch samajh kar nirnay lena chahiye tha.","Kal thodi thakan mehsoos hui, aaram karna chahiye tha. Neend poori karni chahiye thi aur stress kam karna chahiye tha.","Kal paisa aaya par kharch bhi hua. Kisi zaruratmand ki madad karne se punya mila.","",""
CANCER,YESTERDAY,21,"Kal prem jeevan me shanti rahi, partner ka sahyog mila. Kisi shubh karyakram me shirkat karne ka mauka mila.","Kal office me yojana ko sarahna mili. Team ke saath milkar kaam karne se safalta mili.","Kal pet aur digestion ka dhyan rakhna chahiye tha, ghar ka khana khana chahiye tha. Paani adhik peena chahiye tha.","Kal aarthik sthiti sudhri, koi purana nivesh fal diya. Nayi yojana banani chahiye thi.","",""
CANCER,YESTERDAY,22,"Kal partner ke saath koi shubh samachar sunne ko mila. Rishta aur mazboot hua.","Kal career me naya mauka mila, interview ya meeting me safalta mili. Confidence se baat karni chahiye thi.","Kal sharir me halki sustee rahi, vyayam karna chahiye tha. Bahar ka khana avoid karna chahiye tha.","Kal paisa aaya par kharch bhi hua. Kisi ko daan karne se punya mila.","",""
CANCER,YESTERDAY,23,"Kal partner ki sehat ka dhyan rakhna chahiye tha, unke saath samay bitana chahiye tha. Chhoti baat par jhagda nahi karna chahiye tha.","Kal office me koi purana kaam pura hua, senior khush hue. Naye project ki taiyari karni chahiye thi.","Kal gale me halki kharish hui, garm paani peekar rahat mili. Zyada bolne se bachna chahiye tha.","Kal koi purana lend wapas mila. Lekin naye nivesh se pehle achhi tarah sochna chahiye tha.","",""
CANCER,YESTERDAY,24,"Kal prem jeevan me utar-chadhav raha, partner se baat karke sab theek ho gaya. Sabr rakhna chahiye tha.","Kal career me thodi deri hui, par kaam poora hua. Kisi colleague ki madad karni chahiye thi.","Kal sir dard hua, stress kam karna chahiye tha. Paani adhik peena aur aaram karna chahiye tha.","Kal kharcha tez hua, kisi bade nivesh se bachna chahiye tha. Budget banakar usi me rehna chahiye tha.","",""
CANCER,YESTERDAY,25,"Kal kisi purane rishte me nayi jaan aayi, purane mitra se mulakat hui. Dil ki baat kehne me jhijhak nahi karni chahiye thi.","Kal office me mehnat ki tareef hui, promotion ke chances bane. Mehnat jaari rakhni chahiye thi.","Kal sehat achhi rahi, bas subah walk karni chahiye thi. Junk food avoid karna chahiye tha.","Kal aarthik labh hua, koi bonus ya gift mila. Bachat par dhyan dena chahiye tha.","",""
CANCER,YESTERDAY,26,"Kal partner ke saath koi naya plan bana, ghoomne ka mauka mila. Saath me samay bitana chahiye tha.","Kal career me koi naya mauka mila, turant haan nahi kehna chahiye tha. Soch samajh kar nirnay lena chahiye tha.","Kal thodi thakan mehsoos hui, aaram karna chahiye tha. Neend poori karni chahiye thi aur stress kam karna chahiye tha.","Kal paisa aaya par kharch bhi hua. Kisi zaruratmand ki madad karne se punya mila.","",""
CANCER,YESTERDAY,27,"Kal prem jeevan me shanti rahi, partner ka sahyog mila. Kisi shubh karyakram me shirkat karne ka mauka mila.","Kal office me yojana ko sarahna mili. Team ke saath milkar kaam karne se safalta mili.","Kal pet aur digestion ka dhyan rakhna chahiye tha, ghar ka khana khana chahiye tha. Paani adhik peena chahiye tha.","Kal aarthik sthiti sudhri, koi purana nivesh fal diya. Nayi yojana banani chahiye thi.","",""
CANCER,YESTERDAY,28,"Kal partner ke saath koi shubh samachar sunne ko mila. Rishta aur mazboot hua.","Kal career me naya mauka mila, interview ya meeting me safalta mili. Confidence se baat karni chahiye thi.","Kal sharir me halki sustee rahi, vyayam karna chahiye tha. Bahar ka khana avoid karna chahiye tha.","Kal paisa aaya par kharch bhi hua. Kisi ko daan karne se punya mila.","",""
CANCER,YESTERDAY,29,"Kal partner ki sehat ka dhyan rakhna chahiye tha, unke saath samay bitana chahiye tha. Chhoti baat par jhagda nahi karna chahiye tha.","Kal office me koi purana kaam pura hua, senior khush hue. Naye project ki taiyari karni chahiye thi.","Kal gale me halki kharish hui, garm paani peekar rahat mili. Zyada bolne se bachna chahiye tha.","Kal koi purana lend wapas mila. Lekin naye nivesh se pehle achhi tarah sochna chahiye tha.","",""
CANCER,TOMORROW,0,"Kal partner ke saath samay bitane ka mauka milega, purani galatfehmi door hogi. Dil ki baat khul kar kehna rishte ko mazboot banayega.","Kal career me koi naya kaam shuru karne ka mauka mil sakta hai, senior ka sahyog milega. Jaldbazi na karein.","Kal sehat achhi rahegi, subah walk zaroor karein. Thanda aur fried khane se bachein.","Kal paisa aayega, kisi purane lend ka paisa wapas mil sakta hai. Lekin faltu kharch se bachein.","",""
CANCER,TOMORROW,1,"Kal prem jeevan me nayi urja aayegi, koi purana mitra mil sakta hai. Partner ki baat dhyan se sunein.","Kal office me mehnat ki tareef hogi, promotion ke chances hain. Colleagues ke saath milkar kaam karein.","Kal thodi thakan mehsoos hogi, aaram karein. Paani adhik peeyein aur stress kam karein.","Kal kharcha thoda zyada ho sakta hai, budget banayein. Naye nivesh se pehle soch-vichar karein.","",""
CANCER,TOMORROW,2,"Kal partner ke saath koi purana mamla sulah ho sakta hai. Rishte me vishwas badhega aur madhurta aayegi.","Kal career me koi rukavat aa sakti hai, dhairya rakhein. Kisi colleague se salah lein to fayda hoga.","Kal gale aur sans me halki takleef ho sakti hai. Garm kapde pehnein aur thanda na khayein.","Kal paisa aayega par kharch bhi hoga. Kisi zaruratmand ki madad karein, punya milega.","",""
CANCER,TOMORROW,3,"Kal kisi khaas insaan se mulaqat hogi jo din bana degi. Purane jhagde sulah ho sakte hain.","Kal office me raay ko mahatva milega. Kisi naye project ki zimmedari mil sakti hai.","Kal sehat ke liye halka vyayam karein aur khub paani peeyein. Sir dard ho sakta hai.","Kal aarthik sthiti majboot rahegi, koi purana karz chukane ka mauka milega.","",""
CANCER,TOMORROW,4,"Kal partner ke saath chhoti baat par takraar ho sakti hai, shaant rahein. Raat ko sulah ho jayegi.","Kal career me koi naya mauka milega, turant haan na kahein. Soch samajh kar nirnay lein.","Kal pet me halki gadbad ho sakti hai, halka khana khayein. Bahar ka khana avoid karein.","Kal paisa haath me aayega par kharch bhi tez hoga. Bachat par dhyan dein.","",""
CANCER,TOMORROW,5,"Kal prem jeevan me madhurta rahegi, partner ke saath ghoomne ka mauka milega. Kisi purane mitra se mulakat hogi.","Kal office me mehnat ki sarahna hogi. Senior aapki baat maanenge, confidence rakhein.","Kal urja se bharpur rahenge, vyayam karne ka mann karega. Lekin zyada garmi se bachein.","Kal kisi naye kaam me nivesh karne ka mauka milega, soch samajh kar haan kahein.","",""
CANCER,TOMORROW,6,"Kal partner ke saath koi naya rishta shuru ho sakta hai ya purana gahra ho sakta hai. Dil ki baat kehne me jhijhak na karein.","Kal career me thodi bhaag-daud rahegi, meetings me vyast rahenge. Jaldbazi me galti na karein.","Kal jodon me halka dard ho sakta hai, aaram karein. Subah ki dhoop faydemand hai.","Kal aarthik labh hoga, koi bonus ya gift mil sakta hai. Lekin kharch par niyantran rakhein.","",""
CANCER,TOMORROW,7,"Kal partner aapko surprise de sakta hai, prem me nayi urja aayegi. Saath me kuch naya try karein.","Kal career me koi bada faisla lena pad sakta hai, savdhani se sochein. Kisi anubhavi se salah lein.","Kal sehat achhi rahegi, bas subah ka nashta skip na karein. Fresh fruit khayein.","Kal paisa aayega par kisi anavashyak cheez par kharch ho sakta hai. Ruk kar kharch karein.","",""
CANCER,TOMORROW,8,"Kal partner se koi purani baat chubh sakti hai, khul kar baat karein. Chhoti baat ko bada na banayein.","Kal career me koi rukavat aa sakti hai, par dhairya se kaam lein. Koi purana project pura hoga.","Kal mansik tanav ho sakta hai, meditation karein. Neend poori karein.","Kal kisi dost se udhaar dene se bachein, warna paisa wapas nahi milega. Apne paise sambhal kar rakhein.","",""
CANCER,TOMORROW,9,"Kal prem jeevan me shanti rahegi, partner ka sahyog milega. Kisi shubh karyakram me shirkat karne ka mauka milega.","Kal office me yojana ko sarahna milegi. Team ke saath milkar kaam karein to safalta milegi.","Kal pet aur digestion ka dhyan rakhein, ghar ka khana khayein. Paani adhik peeyein.","Kal aarthik sthiti sudhregi, koi purana nivesh fal dega. Nayi yojana banayein.","",""
CANCER,TOMORROW,10,"Kal partner ke saath koi shubh samachar sunne ko milega. Rishta aur mazboot hoga.","Kal career me naya mauka milega, interview ya meeting me safalta milegi. Confidence se baat karein.","Kal sharir me halki sustee rahegi, vyayam karein. Bahar ka khana avoid karein.","Kal paisa aayega par kharch bhi hoga. Kisi ko daan karein to punya milega.","",""
CANCER,TOMORROW,11,"Kal partner ki sehat ka dhyan rakhein, unke saath samay bitayein. Chhoti baat par jhagda na karein.","Kal office me koi purana kaam pura hoga, senior khush honge. Naye project ki taiyari karein.","Kal gale me halki kharish ho sakti hai, garm paani peekar rahat milegi. Zyada bolne se bachein.","Kal koi purana lend wapas milega. Lekin naye nivesh se pehle achhi tarah soch lein.","",""
CANCER,TOMORROW,12,"Kal prem jeevan me utar-chadhav rahega, partner se baat karke sab theek ho jayega. Sabr rakhein.","Kal career me thodi deri ho sakti hai, par kaam poora hoga. Kisi colleague ki madad karein.","Kal sir dard ho sakta hai, stress kam karein. Paani adhik peeyein aur aaram karein.","Kal kharcha tez hoga, kisi bade nivesh se bachein. Budget banayein aur usi me rahein.","",""
CANCER,TOMORROW,13,"Kal kisi purane rishte me nayi jaan aayegi, purane mitra se mulakat hogi. Dil ki baat kehne me jhijhak na karein.","Kal office me mehnat ki tareef hogi, promotion ke chances hain. Mehnat jaari rakhein.","Kal sehat achhi rahegi, bas subah walk zaroor karein. Junk food avoid karein.","Kal aarthik labh hoga, koi bonus ya gift mil sakta hai. Bachat par dhyan dein.","",""
CANCER,TOMORROW,14,"Kal partner ke saath koi naya plan banega, ghoomne ka mauka milega. Saath me samay bitayein.","Kal career me koi naya mauka milega, turant haan na kahein. Soch samajh kar nirnay lein.","Kal thodi thakan mehsoos hogi, aaram karein. Neend poori karein aur stress kam karein.","Kal paisa aayega par kharch bhi hoga. Kisi zaruratmand ki madad karein, punya milega.","",""
CANCER,TOMORROW,15,"Kal prem jeevan me shanti rahegi, partner ka sahyog milega. Kisi shubh karyakram me shirkat karne ka mauka milega.","Kal office me yojana ko sarahna milegi. Team ke saath milkar kaam karein to safalta milegi.","Kal pet aur digestion ka dhyan rakhein, ghar ka khana khayein. Paani adhik peeyein.","Kal aarthik sthiti sudhregi, koi purana nivesh fal dega. Nayi yojana banayein.","",""
CANCER,TOMORROW,16,"Kal partner ke saath koi shubh samachar sunne ko milega. Rishta aur mazboot hoga.","Kal career me naya mauka milega, interview ya meeting me safalta milegi. Confidence se baat karein.","Kal sharir me halki sustee rahegi, vyayam karein. Bahar ka khana avoid karein.","Kal paisa aayega par kharch bhi hoga. Kisi ko daan karein to punya milega.","",""
CANCER,TOMORROW,17,"Kal partner ki sehat ka dhyan rakhein, unke saath samay bitayein. Chhoti baat par jhagda na karein.","Kal office me koi purana kaam pura hoga, senior khush honge. Naye project ki taiyari karein.","Kal gale me halki kharish ho sakti hai, garm paani peekar rahat milegi. Zyada bolne se bachein.","Kal koi purana lend wapas milega. Lekin naye nivesh se pehle achhi tarah soch lein.","",""
CANCER,TOMORROW,18,"Kal prem jeevan me utar-chadhav rahega, partner se baat karke sab theek ho jayega. Sabr rakhein.","Kal career me thodi deri ho sakti hai, par kaam poora hoga. Kisi colleague ki madad karein.","Kal sir dard ho sakta hai, stress kam karein. Paani adhik peeyein aur aaram karein.","Kal kharcha tez hoga, kisi bade nivesh se bachein. Budget banayein aur usi me rahein.","",""
CANCER,TOMORROW,19,"Kal kisi purane rishte me nayi jaan aayegi, purane mitra se mulakat hogi. Dil ki baat kehne me jhijhak na karein.","Kal office me mehnat ki tareef hogi, promotion ke chances hain. Mehnat jaari rakhein.","Kal sehat achhi rahegi, bas subah walk zaroor karein. Junk food avoid karein.","Kal aarthik labh hoga, koi bonus ya gift mil sakta hai. Bachat par dhyan dein.","",""
CANCER,TOMORROW,20,"Kal partner ke saath koi naya plan banega, ghoomne ka mauka milega. Saath me samay bitayein.","Kal career me koi naya mauka milega, turant haan na kahein. Soch samajh kar nirnay lein.","Kal thodi thakan mehsoos hogi, aaram karein. Neend poori karein aur stress kam karein.","Kal paisa aayega par kharch bhi hoga. Kisi zaruratmand ki madad karein, punya milega.","",""
CANCER,TOMORROW,21,"Kal prem jeevan me shanti rahegi, partner ka sahyog milega. Kisi shubh karyakram me shirkat karne ka mauka milega.","Kal office me yojana ko sarahna milegi. Team ke saath milkar kaam karein to safalta milegi.","Kal pet aur digestion ka dhyan rakhein, ghar ka khana khayein. Paani adhik peeyein.","Kal aarthik sthiti sudhregi, koi purana nivesh fal dega. Nayi yojana banayein.","",""
CANCER,TOMORROW,22,"Kal partner ke saath koi shubh samachar sunne ko milega. Rishta aur mazboot hoga.","Kal career me naya mauka milega, interview ya meeting me safalta milegi. Confidence se baat karein.","Kal sharir me halki sustee rahegi, vyayam karein. Bahar ka khana avoid karein.","Kal paisa aayega par kharch bhi hoga. Kisi ko daan karein to punya milega.","",""
CANCER,TOMORROW,23,"Kal partner ki sehat ka dhyan rakhein, unke saath samay bitayein. Chhoti baat par jhagda na karein.","Kal office me koi purana kaam pura hoga, senior khush honge. Naye project ki taiyari karein.","Kal gale me halki kharish ho sakti hai, garm paani peekar rahat milegi. Zyada bolne se bachein.","Kal koi purana lend wapas milega. Lekin naye nivesh se pehle achhi tarah soch lein.","",""
CANCER,TOMORROW,24,"Kal prem jeevan me utar-chadhav rahega, partner se baat karke sab theek ho jayega. Sabr rakhein.","Kal career me thodi deri ho sakti hai, par kaam poora hoga. Kisi colleague ki madad karein.","Kal sir dard ho sakta hai, stress kam karein. Paani adhik peeyein aur aaram karein.","Kal kharcha tez hoga, kisi bade nivesh se bachein. Budget banayein aur usi me rahein.","",""
CANCER,TOMORROW,25,"Kal kisi purane rishte me nayi jaan aayegi, purane mitra se mulakat hogi. Dil ki baat kehne me jhijhak na karein.","Kal office me mehnat ki tareef hogi, promotion ke chances hain. Mehnat jaari rakhein.","Kal sehat achhi rahegi, bas subah walk zaroor karein. Junk food avoid karein.","Kal aarthik labh hoga, koi bonus ya gift mil sakta hai. Bachat par dhyan dein.","",""
CANCER,TOMORROW,26,"Kal partner ke saath koi naya plan banega, ghoomne ka mauka milega. Saath me samay bitayein.","Kal career me koi naya mauka milega, turant haan na kahein. Soch samajh kar nirnay lein.","Kal thodi thakan mehsoos hogi, aaram karein. Neend poori karein aur stress kam karein.","Kal paisa aayega par kharch bhi hoga. Kisi zaruratmand ki madad karein, punya milega.","",""
CANCER,TOMORROW,27,"Kal prem jeevan me shanti rahegi, partner ka sahyog milega. Kisi shubh karyakram me shirkat karne ka mauka milega.","Kal office me yojana ko sarahna milegi. Team ke saath milkar kaam karein to safalta milegi.","Kal pet aur digestion ka dhyan rakhein, ghar ka khana khayein. Paani adhik peeyein.","Kal aarthik sthiti sudhregi, koi purana nivesh fal dega. Nayi yojana banayein.","",""
CANCER,TOMORROW,28,"Kal partner ke saath koi shubh samachar sunne ko milega. Rishta aur mazboot hoga.","Kal career me naya mauka milega, interview ya meeting me safalta milegi. Confidence se baat karein.","Kal sharir me halki sustee rahegi, vyayam karein. Bahar ka khana avoid karein.","Kal paisa aayega par kharch bhi hoga. Kisi ko daan karein to punya milega.","",""
CANCER,TOMORROW,29,"Kal partner ki sehat ka dhyan rakhein, unke saath samay bitayein. Chhoti baat par jhagda na karein.","Kal office me koi purana kaam pura hoga, senior khush honge. Naye project ki taiyari karein.","Kal gale me halki kharish ho sakti hai, garm paani peekar rahat milegi. Zyada bolne se bachein.","Kal koi purana lend wapas milega. Lekin naye nivesh se pehle achhi tarah soch lein.","",""
CANCER,WEEKLY,0,"Is hafte prem jeevan me madhurta rahegi, partner ke saath samay bitane ka mauka milega. Kisi purane mitra se mulakat hogi.","Is hafte career me naya project milega, senior ka sahyog rahega. Mehnat ka fal zaroor milega.","Is hafte sehat achhi rahegi, bas subah walk aur halka vyayam karein. Junk food avoid karein.","Is hafte aarthik labh hoga, koi purana lend wapas milega. Lekin budget banakar chalein.","",""
CANCER,WEEKLY,1,"Is hafte partner ke saath koi purana mamla sulah ho sakta hai. Rishte me vishwas badhega aur prem gahra hoga.","Is hafte office me aapki mehnat ki tareef hogi, promotion ke chances hain. Team ke saath milkar kaam karein.","Is hafte thodi thakan mehsoos hogi, aaram karein aur neend poori karein. Paani adhik peeyein.","Is hafte kharcha thoda zyada hoga, savdhani rakhein. Kisi naye nivesh se pehle soch-vichar karein.","",""
CANCER,WEEKLY,2,"Is hafte kisi khaas insaan se mulaqat hogi jo dil ko khush kar degi. Purane jhagde sulah ho sakte hain.","Is hafte career me koi rukavat aa sakti hai, dhairya rakhein. Kisi colleague se salah lena faydemand hoga.","Is hafte gale aur sans me halki takleef ho sakti hai. Garm kapde pehnein aur thanda na khayein.","Is hafte paisa aayega par kharch bhi hoga. Kisi zaruratmand ki madad karein, punya milega.","",""
CANCER,WEEKLY,3,"Is hafte prem jeevan me shanti rahegi, partner ka sahyog milega. Kisi shubh karyakram me shirkat karne ka mauka milega.","Is hafte office me aapki yojana ko sarahna milegi. Naye project ki zimmedari mil sakti hai.","Is hafte sehat ke liye halka vyayam karein aur khub paani peeyein. Sir dard se bachein.","Is hafte aarthik sthiti majboot rahegi, koi purana karz chukane ka mauka milega.","",""
CANCER,WEEKLY,4,"Is hafte partner ke saath chhoti baat par takraar ho sakti hai, shaant rahein. Hafte ke ant me sulah ho jayegi.","Is hafte career me koi naya mauka milega, turant haan na kahein. Soch samajh kar nirnay lein.","Is hafte pet me halki gadbad ho sakti hai, halka khana khayein. Bahar ka khana avoid karein.","Is hafte paisa haath me aayega par kharch bhi tez hoga. Bachat par dhyan dein.","",""
CANCER,WEEKLY,5,"Is hafte prem jeevan me madhurta rahegi, partner ke saath ghoomne ka mauka milega. Kisi purane mitra se mulakat hogi.","Is hafte office me mehnat ki sarahna hogi. Senior aapki baat maanenge, confidence rakhein.","Is hafte urja se bharpur rahenge, vyayam karne ka mann karega. Lekin zyada garmi se bachein.","Is hafte kisi naye kaam me nivesh karne ka mauka milega, soch samajh kar haan kahein.","",""
CANCER,WEEKLY,6,"Is hafte partner ke saath koi naya rishta shuru ho sakta hai ya purana gahra ho sakta hai. Dil ki baat kehne me jhijhak na karein.","Is hafte career me thodi bhaag-daud rahegi, meetings me vyast rahenge. Jaldbazi me galti na karein.","Is hafte jodon me halka dard ho sakta hai, aaram karein. Subah ki dhoop faydemand hai.","Is hafte aarthik labh hoga, koi bonus ya gift mil sakta hai. Lekin kharch par niyantran rakhein.","",""
CANCER,WEEKLY,7,"Is hafte partner aapko surprise de sakta hai, prem me nayi urja aayegi. Saath me kuch naya try karein.","Is hafte career me koi bada faisla lena pad sakta hai, savdhani se sochein. Kisi anubhavi se salah lein.","Is hafte sehat achhi rahegi, bas subah ka nashta skip na karein. Fresh fruit khayein.","Is hafte paisa aayega par kisi anavashyak cheez par kharch ho sakta hai. Ruk kar kharch karein.","",""
CANCER,WEEKLY,8,"Is hafte partner se koi purani baat chubh sakti hai, khul kar baat karein. Chhoti baat ko bada na banayein.","Is hafte career me koi rukavat aa sakti hai, par dhairya se kaam lein. Koi purana project pura hoga.","Is hafte mansik tanav ho sakta hai, meditation karein. Neend poori karein.","Is hafte kisi dost se udhaar dene se bachein, warna paisa wapas nahi milega. Apne paise sambhal kar rakhein.","",""
CANCER,WEEKLY,9,"Is hafte prem jeevan me shanti rahegi, partner ka sahyog milega. Kisi shubh karyakram me shirkat karne ka mauka milega.","Is hafte office me yojana ko sarahna milegi. Team ke saath milkar kaam karein to safalta milegi.","Is hafte pet aur digestion ka dhyan rakhein, ghar ka khana khayein. Paani adhik peeyein.","Is hafte aarthik sthiti sudhregi, koi purana nivesh fal dega. Nayi yojana banayein.","",""
CANCER,WEEKLY,10,"Is hafte partner ke saath koi shubh samachar sunne ko milega. Rishta aur mazboot hoga.","Is hafte career me naya mauka milega, interview ya meeting me safalta milegi. Confidence se baat karein.","Is hafte sharir me halki sustee rahegi, vyayam karein. Bahar ka khana avoid karein.","Is hafte paisa aayega par kharch bhi hoga. Kisi ko daan karein to punya milega.","",""
CANCER,WEEKLY,11,"Is hafte partner ki sehat ka dhyan rakhein, unke saath samay bitayein. Chhoti baat par jhagda na karein.","Is hafte office me koi purana kaam pura hoga, senior khush honge. Naye project ki taiyari karein.","Is hafte gale me halki kharish ho sakti hai, garm paani peekar rahat milegi. Zyada bolne se bachein.","Is hafte koi purana lend wapas milega. Lekin naye nivesh se pehle achhi tarah soch lein.","",""
CANCER,WEEKLY,12,"Is hafte prem jeevan me utar-chadhav rahega, partner se baat karke sab theek ho jayega. Sabr rakhein.","Is hafte career me thodi deri ho sakti hai, par kaam poora hoga. Kisi colleague ki madad karein.","Is hafte sir dard ho sakta hai, stress kam karein. Paani adhik peeyein aur aaram karein.","Is hafte kharcha tez hoga, kisi bade nivesh se bachein. Budget banayein aur usi me rahein.","",""
CANCER,WEEKLY,13,"Is hafte kisi purane rishte me nayi jaan aayegi, purane mitra se mulakat hogi. Dil ki baat kehne me jhijhak na karein.","Is hafte office me mehnat ki tareef hogi, promotion ke chances hain. Mehnat jaari rakhein.","Is hafte sehat achhi rahegi, bas subah walk zaroor karein. Junk food avoid karein.","Is hafte aarthik labh hoga, koi bonus ya gift mil sakta hai. Bachat par dhyan dein.","",""
CANCER,WEEKLY,14,"Is hafte partner ke saath koi naya plan banega, ghoomne ka mauka milega. Saath me samay bitayein.","Is hafte career me koi naya mauka milega, turant haan na kahein. Soch samajh kar nirnay lein.","Is hafte thodi thakan mehsoos hogi, aaram karein. Neend poori karein aur stress kam karein.","Is hafte paisa aayega par kharch bhi hoga. Kisi zaruratmand ki madad karein, punya milega.","",""
CANCER,WEEKLY,15,"Is hafte prem jeevan me shanti rahegi, partner ka sahyog milega. Kisi shubh karyakram me shirkat karne ka mauka milega.","Is hafte office me yojana ko sarahna milegi. Team ke saath milkar kaam karein to safalta milegi.","Is hafte pet aur digestion ka dhyan rakhein, ghar ka khana khayein. Paani adhik peeyein.","Is hafte aarthik sthiti sudhregi, koi purana nivesh fal dega. Nayi yojana banayein.","",""
CANCER,WEEKLY,16,"Is hafte partner ke saath koi shubh samachar sunne ko milega. Rishta aur mazboot hoga.","Is hafte career me naya mauka milega, interview ya meeting me safalta milegi. Confidence se baat karein.","Is hafte sharir me halki sustee rahegi, vyayam karein. Bahar ka khana avoid karein.","Is hafte paisa aayega par kharch bhi hoga. Kisi ko daan karein to punya milega.","",""
CANCER,WEEKLY,17,"Is hafte partner ki sehat ka dhyan rakhein, unke saath samay bitayein. Chhoti baat par jhagda na karein.","Is hafte office me koi purana kaam pura hoga, senior khush honge. Naye project ki taiyari karein.","Is hafte gale me halki kharish ho sakti hai, garm paani peekar rahat milegi. Zyada bolne se bachein.","Is hafte koi purana lend wapas milega. Lekin naye nivesh se pehle achhi tarah soch lein.","",""
CANCER,WEEKLY,18,"Is hafte prem jeevan me utar-chadhav rahega, partner se baat karke sab theek ho jayega. Sabr rakhein.","Is hafte career me thodi deri ho sakti hai, par kaam poora hoga. Kisi colleague ki madad karein.","Is hafte sir dard ho sakta hai, stress kam karein. Paani adhik peeyein aur aaram karein.","Is hafte kharcha tez hoga, kisi bade nivesh se bachein. Budget banayein aur usi me rahein.","",""
CANCER,WEEKLY,19,"Is hafte kisi purane rishte me nayi jaan aayegi, purane mitra se mulakat hogi. Dil ki baat kehne me jhijhak na karein.","Is hafte office me mehnat ki tareef hogi, promotion ke chances hain. Mehnat jaari rakhein.","Is hafte sehat achhi rahegi, bas subah walk zaroor karein. Junk food avoid karein.","Is hafte aarthik labh hoga, koi bonus ya gift mil sakta hai. Bachat par dhyan dein.","",""
CANCER,WEEKLY,20,"Is hafte partner ke saath koi naya plan banega, ghoomne ka mauka milega. Saath me samay bitayein.","Is hafte career me koi naya mauka milega, turant haan na kahein. Soch samajh kar nirnay lein.","Is hafte thodi thakan mehsoos hogi, aaram karein. Neend poori karein aur stress kam karein.","Is hafte paisa aayega par kharch bhi hoga. Kisi zaruratmand ki madad karein, punya milega.","",""
CANCER,WEEKLY,21,"Is hafte prem jeevan me shanti rahegi, partner ka sahyog milega. Kisi shubh karyakram me shirkat karne ka mauka milega.","Is hafte office me yojana ko sarahna milegi. Team ke saath milkar kaam karein to safalta milegi.","Is hafte pet aur digestion ka dhyan rakhein, ghar ka khana khayein. Paani adhik peeyein.","Is hafte aarthik sthiti sudhregi, koi purana nivesh fal dega. Nayi yojana banayein.","",""
CANCER,WEEKLY,22,"Is hafte partner ke saath koi shubh samachar sunne ko milega. Rishta aur mazboot hoga.","Is hafte career me naya mauka milega, interview ya meeting me safalta milegi. Confidence se baat karein.","Is hafte sharir me halki sustee rahegi, vyayam karein. Bahar ka khana avoid karein.","Is hafte paisa aayega par kharch bhi hoga. Kisi ko daan karein to punya milega.","",""
CANCER,WEEKLY,23,"Is hafte partner ki sehat ka dhyan rakhein, unke saath samay bitayein. Chhoti baat par jhagda na karein.","Is hafte office me koi purana kaam pura hoga, senior khush honge. Naye project ki taiyari karein.","Is hafte gale me halki kharish ho sakti hai, garm paani peekar rahat milegi. Zyada bolne se bachein.","Is hafte koi purana lend wapas milega. Lekin naye nivesh se pehle achhi tarah soch lein.","",""
CANCER,WEEKLY,24,"Is hafte prem jeevan me utar-chadhav rahega, partner se baat karke sab theek ho jayega. Sabr rakhein.","Is hafte career me thodi deri ho sakti hai, par kaam poora hoga. Kisi colleague ki madad karein.","Is hafte sir dard ho sakta hai, stress kam karein. Paani adhik peeyein aur aaram karein.","Is hafte kharcha tez hoga, kisi bade nivesh se bachein. Budget banayein aur usi me rahein.","",""
CANCER,WEEKLY,25,"Is hafte kisi purane rishte me nayi jaan aayegi, purane mitra se mulakat hogi. Dil ki baat kehne me jhijhak na karein.","Is hafte office me mehnat ki tareef hogi, promotion ke chances hain. Mehnat jaari rakhein.","Is hafte sehat achhi rahegi, bas subah walk zaroor karein. Junk food avoid karein.","Is hafte aarthik labh hoga, koi bonus ya gift mil sakta hai. Bachat par dhyan dein.","",""
CANCER,WEEKLY,26,"Is hafte partner ke saath koi naya plan banega, ghoomne ka mauka milega. Saath me samay bitayein.","Is hafte career me koi naya mauka milega, turant haan na kahein. Soch samajh kar nirnay lein.","Is hafte thodi thakan mehsoos hogi, aaram karein. Neend poori karein aur stress kam karein.","Is hafte paisa aayega par kharch bhi hoga. Kisi zaruratmand ki madad karein, punya milega.","",""
CANCER,WEEKLY,27,"Is hafte prem jeevan me shanti rahegi, partner ka sahyog milega. Kisi shubh karyakram me shirkat karne ka mauka milega.","Is hafte office me yojana ko sarahna milegi. Team ke saath milkar kaam karein to safalta milegi.","Is hafte pet aur digestion ka dhyan rakhein, ghar ka khana khayein. Paani adhik peeyein.","Is hafte aarthik sthiti sudhregi, koi purana nivesh fal dega. Nayi yojana banayein.","",""
CANCER,WEEKLY,28,"Is hafte partner ke saath koi shubh samachar sunne ko milega. Rishta aur mazboot hoga.","Is hafte career me naya mauka milega, interview ya meeting me safalta milegi. Confidence se baat karein.","Is hafte sharir me halki sustee rahegi, vyayam karein. Bahar ka khana avoid karein.","Is hafte paisa aayega par kharch bhi hoga. Kisi ko daan karein to punya milega.","",""
CANCER,WEEKLY,29,"Is hafte partner ki sehat ka dhyan rakhein, unke saath samay bitayein. Chhoti baat par jhagda na karein.","Is hafte office me koi purana kaam pura hoga, senior khush honge. Naye project ki taiyari karein.","Is hafte gale me halki kharish ho sakti hai, garm paani peekar rahat milegi. Zyada bolne se bachein.","Is hafte koi purana lend wapas milega. Lekin naye nivesh se pehle achhi tarah soch lein.","",""
CANCER,MONTHLY,0,"Is mahine prem jeevan me madhurta rahegi, partner ke saath samay bitane ka mauka milega. Kisi purane mitra se mulakat hogi.","Is mahine career me naya project milega, senior ka sahyog rahega. Mehnat ka fal zaroor milega.","Is mahine sehat achhi rahegi, bas subah walk aur halka vyayam karein. Junk food avoid karein.","Is mahine aarthik labh hoga, koi purana lend wapas milega. Lekin budget banakar chalein.","",""
CANCER,MONTHLY,1,"Is mahine partner ke saath koi purana mamla sulah ho sakta hai. Rishte me vishwas badhega aur prem gahra hoga.","Is mahine office me aapki mehnat ki tareef hogi, promotion ke chances hain. Team ke saath milkar kaam karein.","Is mahine thodi thakan mehsoos hogi, aaram karein aur neend poori karein. Paani adhik peeyein.","Is mahine kharcha thoda zyada hoga, savdhani rakhein. Kisi naye nivesh se pehle soch-vichar karein.","",""
CANCER,MONTHLY,2,"Is mahine kisi khaas insaan se mulaqat hogi jo dil ko khush kar degi. Purane jhagde sulah ho sakte hain.","Is mahine career me koi rukavat aa sakti hai, dhairya rakhein. Kisi colleague se salah lena faydemand hoga.","Is mahine gale aur sans me halki takleef ho sakti hai. Garm kapde pehnein aur thanda na khayein.","Is mahine paisa aayega par kharch bhi hoga. Kisi zaruratmand ki madad karein, punya milega.","",""
CANCER,MONTHLY,3,"Is mahine prem jeevan me shanti rahegi, partner ka sahyog milega. Kisi shubh karyakram me shirkat karne ka mauka milega.","Is mahine office me aapki yojana ko sarahna milegi. Naye project ki zimmedari mil sakti hai.","Is mahine sehat ke liye halka vyayam karein aur khub paani peeyein. Sir dard se bachein.","Is mahine aarthik sthiti majboot rahegi, koi purana karz chukane ka mauka milega.","",""
CANCER,MONTHLY,4,"Is mahine partner ke saath chhoti baat par takraar ho sakti hai, shaant rahein. Mahine ke ant me sulah ho jayegi.","Is mahine career me koi naya mauka milega, turant haan na kahein. Soch samajh kar nirnay lein.","Is mahine pet me halki gadbad ho sakti hai, halka khana khayein. Bahar ka khana avoid karein.","Is mahine paisa haath me aayega par kharch bhi tez hoga. Bachat par dhyan dein.","",""
CANCER,MONTHLY,5,"Is mahine prem jeevan me madhurta rahegi, partner ke saath ghoomne ka mauka milega. Kisi purane mitra se mulakat hogi.","Is mahine office me mehnat ki sarahna hogi. Senior aapki baat maanenge, confidence rakhein.","Is mahine urja se bharpur rahenge, vyayam karne ka mann karega. Lekin zyada garmi se bachein.","Is mahine kisi naye kaam me nivesh karne ka mauka milega, soch samajh kar haan kahein.","",""
CANCER,MONTHLY,6,"Is mahine partner ke saath koi naya rishta shuru ho sakta hai ya purana gahra ho sakta hai. Dil ki baat kehne me jhijhak na karein.","Is mahine career me thodi bhaag-daud rahegi, meetings me vyast rahenge. Jaldbazi me galti na karein.","Is mahine jodon me halka dard ho sakta hai, aaram karein. Subah ki dhoop faydemand hai.","Is mahine aarthik labh hoga, koi bonus ya gift mil sakta hai. Lekin kharch par niyantran rakhein.","",""
CANCER,MONTHLY,7,"Is mahine partner aapko surprise de sakta hai, prem me nayi urja aayegi. Saath me kuch naya try karein.","Is mahine career me koi bada faisla lena pad sakta hai, savdhani se sochein. Kisi anubhavi se salah lein.","Is mahine sehat achhi rahegi, bas subah ka nashta skip na karein. Fresh fruit khayein.","Is mahine paisa aayega par kisi anavashyak cheez par kharch ho sakta hai. Ruk kar kharch karein.","",""
CANCER,MONTHLY,8,"Is mahine partner se koi purani baat chubh sakti hai, khul kar baat karein. Chhoti baat ko bada na banayein.","Is mahine career me koi rukavat aa sakti hai, par dhairya se kaam lein. Koi purana project pura hoga.","Is mahine mansik tanav ho sakta hai, meditation karein. Neend poori karein.","Is mahine kisi dost se udhaar dene se bachein, warna paisa wapas nahi milega. Apne paise sambhal kar rakhein.","",""
CANCER,MONTHLY,9,"Is mahine prem jeevan me shanti rahegi, partner ka sahyog milega. Kisi shubh karyakram me shirkat karne ka mauka milega.","Is mahine office me yojana ko sarahna milegi. Team ke saath milkar kaam karein to safalta milegi.","Is mahine pet aur digestion ka dhyan rakhein, ghar ka khana khayein. Paani adhik peeyein.","Is mahine aarthik sthiti sudhregi, koi purana nivesh fal dega. Nayi yojana banayein.","",""
CANCER,MONTHLY,10,"Is mahine partner ke saath koi shubh samachar sunne ko milega. Rishta aur mazboot hoga.","Is mahine career me naya mauka milega, interview ya meeting me safalta milegi. Confidence se baat karein.","Is mahine sharir me halki sustee rahegi, vyayam karein. Bahar ka khana avoid karein.","Is mahine paisa aayega par kharch bhi hoga. Kisi ko daan karein to punya milega.","",""
CANCER,MONTHLY,11,"Is mahine partner ki sehat ka dhyan rakhein, unke saath samay bitayein. Chhoti baat par jhagda na karein.","Is mahine office me koi purana kaam pura hoga, senior khush honge. Naye project ki taiyari karein.","Is mahine gale me halki kharish ho sakti hai, garm paani peekar rahat milegi. Zyada bolne se bachein.","Is mahine koi purana lend wapas milega. Lekin naye nivesh se pehle achhi tarah soch lein.","",""
CANCER,MONTHLY,12,"Is mahine prem jeevan me utar-chadhav rahega, partner se baat karke sab theek ho jayega. Sabr rakhein.","Is mahine career me thodi deri ho sakti hai, par kaam poora hoga. Kisi colleague ki madad karein.","Is mahine sir dard ho sakta hai, stress kam karein. Paani adhik peeyein aur aaram karein.","Is mahine kharcha tez hoga, kisi bade nivesh se bachein. Budget banayein aur usi me rahein.","",""
CANCER,MONTHLY,13,"Is mahine kisi purane rishte me nayi jaan aayegi, purane mitra se mulakat hogi. Dil ki baat kehne me jhijhak na karein.","Is mahine office me mehnat ki tareef hogi, promotion ke chances hain. Mehnat jaari rakhein.","Is mahine sehat achhi rahegi, bas subah walk zaroor karein. Junk food avoid karein.","Is mahine aarthik labh hoga, koi bonus ya gift mil sakta hai. Bachat par dhyan dein.","",""
CANCER,MONTHLY,14,"Is mahine partner ke saath koi naya plan banega, ghoomne ka mauka milega. Saath me samay bitayein.","Is mahine career me koi naya mauka milega, turant haan na kahein. Soch samajh kar nirnay lein.","Is mahine thodi thakan mehsoos hogi, aaram karein. Neend poori karein aur stress kam karein.","Is mahine paisa aayega par kharch bhi hoga. Kisi zaruratmand ki madad karein, punya milega.","",""
CANCER,MONTHLY,15,"Is mahine prem jeevan me shanti rahegi, partner ka sahyog milega. Kisi shubh karyakram me shirkat karne ka mauka milega.","Is mahine office me yojana ko sarahna milegi. Team ke saath milkar kaam karein to safalta milegi.","Is mahine pet aur digestion ka dhyan rakhein, ghar ka khana khayein. Paani adhik peeyein.","Is mahine aarthik sthiti sudhregi, koi purana nivesh fal dega. Nayi yojana banayein.","",""
CANCER,MONTHLY,16,"Is mahine partner ke saath koi shubh samachar sunne ko milega. Rishta aur mazboot hoga.","Is mahine career me naya mauka milega, interview ya meeting me safalta milegi. Confidence se baat karein.","Is mahine sharir me halki sustee rahegi, vyayam karein. Bahar ka khana avoid karein.","Is mahine paisa aayega par kharch bhi hoga. Kisi ko daan karein to punya milega.","",""
CANCER,MONTHLY,17,"Is mahine partner ki sehat ka dhyan rakhein, unke saath samay bitayein. Chhoti baat par jhagda na karein.","Is mahine office me koi purana kaam pura hoga, senior khush honge. Naye project ki taiyari karein.","Is mahine gale me halki kharish ho sakti hai, garm paani peekar rahat milegi. Zyada bolne se bachein.","Is mahine koi purana lend wapas milega. Lekin naye nivesh se pehle achhi tarah soch lein.","",""
CANCER,MONTHLY,18,"Is mahine prem jeevan me utar-chadhav rahega, partner se baat karke sab theek ho jayega. Sabr rakhein.","Is mahine career me thodi deri ho sakti hai, par kaam poora hoga. Kisi colleague ki madad karein.","Is mahine sir dard ho sakta hai, stress kam karein. Paani adhik peeyein aur aaram karein.","Is mahine kharcha tez hoga, kisi bade nivesh se bachein. Budget banayein aur usi me rahein.","",""
CANCER,MONTHLY,19,"Is mahine kisi purane rishte me nayi jaan aayegi, purane mitra se mulakat hogi. Dil ki baat kehne me jhijhak na karein.","Is mahine office me mehnat ki tareef hogi, promotion ke chances hain. Mehnat jaari rakhein.","Is mahine sehat achhi rahegi, bas subah walk zaroor karein. Junk food avoid karein.","Is mahine aarthik labh hoga, koi bonus ya gift mil sakta hai. Bachat par dhyan dein.","",""
CANCER,MONTHLY,20,"Is mahine partner ke saath koi naya plan banega, ghoomne ka mauka milega. Saath me samay bitayein.","Is mahine career me koi naya mauka milega, turant haan na kahein. Soch samajh kar nirnay lein.","Is mahine thodi thakan mehsoos hogi, aaram karein. Neend poori karein aur stress kam karein.","Is mahine paisa aayega par kharch bhi hoga. Kisi zaruratmand ki madad karein, punya milega.","",""
CANCER,MONTHLY,21,"Is mahine prem jeevan me shanti rahegi, partner ka sahyog milega. Kisi shubh karyakram me shirkat karne ka mauka milega.","Is mahine office me yojana ko sarahna milegi. Team ke saath milkar kaam karein to safalta milegi.","Is mahine pet aur digestion ka dhyan rakhein, ghar ka khana khayein. Paani adhik peeyein.","Is mahine aarthik sthiti sudhregi, koi purana nivesh fal dega. Nayi yojana banayein.","",""
CANCER,MONTHLY,22,"Is mahine partner ke saath koi shubh samachar sunne ko milega. Rishta aur mazboot hoga.","Is mahine career me naya mauka milega, interview ya meeting me safalta milegi. Confidence se baat karein.","Is mahine sharir me halki sustee rahegi, vyayam karein. Bahar ka khana avoid karein.","Is mahine paisa aayega par kharch bhi hoga. Kisi ko daan karein to punya milega.","",""
CANCER,MONTHLY,23,"Is mahine partner ki sehat ka dhyan rakhein, unke saath samay bitayein. Chhoti baat par jhagda na karein.","Is mahine office me koi purana kaam pura hoga, senior khush honge. Naye project ki taiyari karein.","Is mahine gale me halki kharish ho sakti hai, garm paani peekar rahat milegi. Zyada bolne se bachein.","Is mahine koi purana lend wapas milega. Lekin naye nivesh se pehle achhi tarah soch lein.","",""
CANCER,MONTHLY,24,"Is mahine prem jeevan me utar-chadhav rahega, partner se baat karke sab theek ho jayega. Sabr rakhein.","Is mahine career me thodi deri ho sakti hai, par kaam poora hoga. Kisi colleague ki madad karein.","Is mahine sir dard ho sakta hai, stress kam karein. Paani adhik peeyein aur aaram karein.","Is mahine kharcha tez hoga, kisi bade nivesh se bachein. Budget banayein aur usi me rahein.","",""
CANCER,MONTHLY,25,"Is mahine kisi purane rishte me nayi jaan aayegi, purane mitra se mulakat hogi. Dil ki baat kehne me jhijhak na karein.","Is mahine office me mehnat ki tareef hogi, promotion ke chances hain. Mehnat jaari rakhein.","Is mahine sehat achhi rahegi, bas subah walk zaroor karein. Junk food avoid karein.","Is mahine aarthik labh hoga, koi bonus ya gift mil sakta hai. Bachat par dhyan dein.","",""
CANCER,MONTHLY,26,"Is mahine partner ke saath koi naya plan banega, ghoomne ka mauka milega. Saath me samay bitayein.","Is mahine career me koi naya mauka milega, turant haan na kahein. Soch samajh kar nirnay lein.","Is mahine thodi thakan mehsoos hogi, aaram karein. Neend poori karein aur stress kam karein.","Is mahine paisa aayega par kharch bhi hoga. Kisi zaruratmand ki madad karein, punya milega.","",""
CANCER,MONTHLY,27,"Is mahine prem jeevan me shanti rahegi, partner ka sahyog milega. Kisi shubh karyakram me shirkat karne ka mauka milega.","Is mahine office me yojana ko sarahna milegi. Team ke saath milkar kaam karein to safalta milegi.","Is mahine pet aur digestion ka dhyan rakhein, ghar ka khana khayein. Paani adhik peeyein.","Is mahine aarthik sthiti sudhregi, koi purana nivesh fal dega. Nayi yojana banayein.","",""
CANCER,MONTHLY,28,"Is mahine partner ke saath koi shubh samachar sunne ko milega. Rishta aur mazboot hoga.","Is mahine career me naya mauka milega, interview ya meeting me safalta milegi. Confidence se baat karein.","Is mahine sharir me halki sustee rahegi, vyayam karein. Bahar ka khana avoid karein.","Is mahine paisa aayega par kharch bhi hoga. Kisi ko daan karein to punya milega.","",""
CANCER,MONTHLY,29,"Is mahine partner ki sehat ka dhyan rakhein, unke saath samay bitayein. Chhoti baat par jhagda na karein.","Is mahine office me koi purana kaam pura hoga, senior khush honge. Naye project ki taiyari karein.","Is mahine gale me halki kharish ho sakti hai, garm paani peekar rahat milegi. Zyada bolne se bachein.","Is mahine koi purana lend wapas milega. Lekin naye nivesh se pehle achhi tarah soch lein.","",""
CANCER,YEARLY,0,"Is saal prem jeevan me badi urja aayegi, vivah ke yog ban sakte hain ya purana rishta gahra hoga. Partner ke saath samay bitane ka khoob mauka milega.","Is saal career me bada badlav sambhav hai, naukri badal sakti hai ya promotion milegi. Mehnat ka poora fal zaroor milega.","Is saal sehat achhi rahegi, bas niyamit vyayam aur santulit ahar apnayein. Stress kam karein aur neend poori karein.","Is saal aarthik sthiti majboot hogi, koi bada nivesh fal dega. Lekin faltu kharch se bachein aur bachat karein.","",""
LEO,TODAY,0,"Aaj partner ke saath samay bitane ka mauka milega, purani galatfehmi door hogi. Dil ki baat khul kar kehna aaj aapke rishte ko mazboot banayega.","Career me aaj koi naya kaam shuru karne ka mauka mil sakta hai, senior ka sahyog milega. Jaldbazi na karein, soch samajh kar kadam uthayein.","Aaj sehat achhi rahegi, bas subah walk zaroor karein. Zyada thanda aur fried khane se bachein.","Aaj paisa aayega, kisi purane lend ka paisa wapas mil sakta hai. Lekin faltu kharch se bachein.","1","Gold"
LEO,TODAY,1,"Aaj prem jeevan me nayi urja aayegi, koi purana mitra mil sakta hai. Partner ki baat dhyan se sunein, jhagda ho sakta hai.","Office me aapki mehnat ki tareef hogi, promotion ke chances hain. Colleagues ke saath mil kar kaam karein.","Aaj thodi thakan mehsoos hogi, aaram karein. Paani adhik peeyein aur stress kam karein.","Aaj kharcha thoda zyada ho sakta hai, budget banayein. Kisi naye nivesh se pehle soch-vichar karein.","9","Orange"
LEO,TODAY,2,"Aaj partner ke saath koi purana mamla sulah ho sakta hai. Rishte me vishwas badhega aur madhurta aayegi.","Career me aaj koi rukavat aa sakti hai, dhairya rakhein. Kisi colleague se salah lein to fayda hoga.","Aaj gale aur sans me halki takleef ho sakti hai. Garm kapde pehnein aur thanda na khayein.","Aaj paisa aayega par kharch bhi hoga. Kisi zaruratmand ki madad karein, punya milega.","14","Red"
LEO,TODAY,3,"Aaj kisi khaas insaan se mulaqat hogi jo aapka din bana degi. Purane jhagde sulah ho sakte hain.","Aaj office me aapki raay ko mahatva milega. Kisi naye project ki zimmedari mil sakti hai.","Sehat ke liye aaj halka vyayam karein aur khub paani peeyein. Sir dard ho sakta hai.","Aaj aarthik sthiti majboot rahegi, koi purana karz chukane ka mauka milega.","20","Yellow"
LEO,TODAY,4,"Aaj partner ke saath chhoti baat par takraar ho sakti hai, shaant rahein. Raat ko sulah ho jayegi.","Career me aaj koi naya mauka milega, turant haan na kahein. Soch samajh kar nirnay lein.","Aaj pet me halki gadbad ho sakti hai, halka khana khayein. Bahar ka khana avoid karein.","Aaj paisa haath me aayega par kharch bhi tez hoga. Bachat par dhyan dein.","26","Maroon"
LEO,TODAY,5,"Aaj prem jeevan me madhurta rahegi, partner ke saath ghoomne ka mauka milega. Kisi purane mitra se mulakat hogi.","Aaj office me aapki mehnat ki sarahna hogi. Senior aapki baat maanenge, confidence rakhein.","Aaj urja se bharpur rahenge, vyayam karne ka mann karega. Lekin zyada garmi se bachein.","Aaj kisi naye kaam me nivesh karne ka mauka milega, soch samajh kar haan kahein.","3","Gold"
LEO,TODAY,6,"Aaj partner ke saath koi naya rishta shuru ho sakta hai ya purana gahra ho sakta hai. Dil ki baat kehne me jhijhak na karein.","Career me aaj thodi bhaag-daud rahegi, meetings me vyast rahenge. Jaldbazi me galti na karein.","Aaj jodon me halka dard ho sakta hai, aaram karein. Subah ki dhoop aapke liye faydemand hai.","Aaj aarthik labh hoga, koi bonus ya gift mil sakta hai. Lekin kharch par niyantran rakhein.","11","Orange"
LEO,TODAY,7,"Aaj partner aapko surprise de sakta hai, prem me nayi urja aayegi. Saath me kuch naya try karein.","Aaj career me koi bada faisla lena pad sakta hai, savdhani se sochein. Kisi anubhavi se salah lein.","Aaj sehat achhi rahegi, bas subah ka nashta skip na karein. Fresh fruit khayein.","Aaj paisa aayega par kisi anavashyak cheez par kharch ho sakta hai. Ruk kar kharch karein.","17","Red"
LEO,TODAY,8,"Aaj partner se koi purani baat chubh sakti hai, khul kar baat karein. Chhoti baat ko bada na banayein.","Career me aaj koi rukavat aa sakti hai, par dhairya se kaam lein. Koi purana project pura hoga.","Aaj mansik tanav ho sakta hai, meditation karein. Neend poori karein.","Aaj kisi dost se udhaar dene se bachein, warna paisa wapas nahi milega. Apne paise sambhal kar rakhein.","23","Yellow"
LEO,TODAY,9,"Aaj prem jeevan me shanti rahegi, partner ka sahyog milega. Kisi shubh karyakram me shirkat karne ka mauka milega.","Aaj office me aapki yojana ko sarahna milegi. Team ke saath milkar kaam karein to safalta milegi.","Aaj pet aur digestion ka dhyan rakhein, ghar ka khana khayein. Paani adhik peeyein.","Aaj aarthik sthiti sudhregi, koi purana nivesh fal dega. Nayi yojana banayein.","5","Gold"
LEO,TODAY,10,"Aaj partner ke saath koi shubh samachar sunne ko milega. Rishta aur mazboot hoga.","Aaj career me naya mauka milega, interview ya meeting me safalta milegi. Confidence se baat karein.","Aaj sharir me halki sustee rahegi, vyayam karein. Bahar ka khana avoid karein.","Aaj paisa aayega par kharch bhi hoga. Kisi ko daan karein to punya milega.","13","Orange"
LEO,TODAY,11,"Aaj partner ki sehat ka dhyan rakhein, unke saath samay bitayein. Chhoti baat par jhagda na karein.","Aaj office me koi purana kaam pura hoga, senior khush honge. Naye project ki taiyari karein.","Aaj gale me halki kharish ho sakti hai, garm paani peekar rahat milegi. Zyada bolne se bachein.","Aaj koi purana lend wapas milega. Lekin naye nivesh se pehle achhi tarah soch lein.","22","Red"
LEO,TODAY,12,"Aaj prem jeevan me utar-chadhav rahega, partner se baat karke sab theek ho jayega. Sabr rakhein.","Aaj career me thodi deri ho sakti hai, par kaam poora hoga. Kisi colleague ki madad karein.","Aaj sir dard ho sakta hai, stress kam karein. Paani adhik peeyein aur aaram karein.","Aaj kharcha tez hoga, kisi bade nivesh se bachein. Budget banayein aur usi me rahein.","2","Yellow"
LEO,TODAY,13,"Aaj kisi purane rishte me nayi jaan aayegi, purane mitra se mulakat hogi. Dil ki baat kehne me jhijhak na karein.","Aaj office me aapki mehnat ki tareef hogi, promotion ke chances hain. Mehnat jaari rakhein.","Aaj sehat achhi rahegi, bas subah walk zaroor karein. Junk food avoid karein.","Aaj aarthik labh hoga, koi bonus ya gift mil sakta hai. Bachat par dhyan dein.","16","Gold"
LEO,TODAY,14,"Aaj partner ke saath koi naya plan banega, ghoomne ka mauka milega. Saath me samay bitayein.","Aaj career me koi naya mauka milega, turant haan na kahein. Soch samajh kar nirnay lein.","Aaj thodi thakan mehsoos hogi, aaram karein. Neend poori karein aur stress kam karein.","Aaj paisa aayega par kharch bhi hoga. Kisi zaruratmand ki madad karein, punya milega.","8","Orange"
LEO,TODAY,15,"Aaj prem jeevan me shanti rahegi, partner ka sahyog milega. Kisi shubh karyakram me shirkat karne ka mauka milega.","Aaj office me aapki yojana ko sarahna milegi. Team ke saath milkar kaam karein to safalta milegi.","Aaj pet aur digestion ka dhyan rakhein, ghar ka khana khayein. Paani adhik peeyein.","Aaj aarthik sthiti sudhregi, koi purana nivesh fal dega. Nayi yojana banayein.","19","Red"
LEO,TODAY,16,"Aaj partner ke saath koi shubh samachar sunne ko milega. Rishta aur mazboot hoga.","Aaj career me naya mauka milega, interview ya meeting me safalta milegi. Confidence se baat karein.","Aaj sharir me halki sustee rahegi, vyayam karein. Bahar ka khana avoid karein.","Aaj paisa aayega par kharch bhi hoga. Kisi ko daan karein to punya milega.","25","Yellow"
LEO,TODAY,17,"Aaj partner ki sehat ka dhyan rakhein, unke saath samay bitayein. Chhoti baat par jhagda na karein.","Aaj office me koi purana kaam pura hoga, senior khush honge. Naye project ki taiyari karein.","Aaj gale me halki kharish ho sakti hai, garm paani peekar rahat milegi. Zyada bolne se bachein.","Aaj koi purana lend wapas milega. Lekin naye nivesh se pehle achhi tarah soch lein.","4","Gold"
LEO,TODAY,18,"Aaj prem jeevan me utar-chadhav rahega, partner se baat karke sab theek ho jayega. Sabr rakhein.","Aaj career me thodi deri ho sakti hai, par kaam poora hoga. Kisi colleague ki madad karein.","Aaj sir dard ho sakta hai, stress kam karein. Paani adhik peeyein aur aaram karein.","Aaj kharcha tez hoga, kisi bade nivesh se bachein. Budget banayein aur usi me rahein.","12","Orange"
LEO,TODAY,19,"Aaj kisi purane rishte me nayi jaan aayegi, purane mitra se mulakat hogi. Dil ki baat kehne me jhijhak na karein.","Aaj office me aapki mehnat ki tareef hogi, promotion ke chances hain. Mehnat jaari rakhein.","Aaj sehat achhi rahegi, bas subah walk zaroor karein. Junk food avoid karein.","Aaj aarthik labh hoga, koi bonus ya gift mil sakta hai. Bachat par dhyan dein.","27","Red"
LEO,TODAY,20,"Aaj partner ke saath koi naya plan banega, ghoomne ka mauka milega. Saath me samay bitayein.","Aaj career me koi naya mauka milega, turant haan na kahein. Soch samajh kar nirnay lein.","Aaj thodi thakan mehsoos hogi, aaram karein. Neend poori karein aur stress kam karein.","Aaj paisa aayega par kharch bhi hoga. Kisi zaruratmand ki madad karein, punya milega.","6","Yellow"
LEO,TODAY,21,"Aaj prem jeevan me shanti rahegi, partner ka sahyog milega. Kisi shubh karyakram me shirkat karne ka mauka milega.","Aaj office me aapki yojana ko sarahna milegi. Team ke saath milkar kaam karein to safalta milegi.","Aaj pet aur digestion ka dhyan rakhein, ghar ka khana khayein. Paani adhik peeyein.","Aaj aarthik sthiti sudhregi, koi purana nivesh fal dega. Nayi yojana banayein.","15","Gold"
LEO,TODAY,22,"Aaj partner ke saath koi shubh samachar sunne ko milega. Rishta aur mazboot hoga.","Aaj career me naya mauka milega, interview ya meeting me safalta milegi. Confidence se baat karein.","Aaj sharir me halki sustee rahegi, vyayam karein. Bahar ka khana avoid karein.","Aaj paisa aayega par kharch bhi hoga. Kisi ko daan karein to punya milega.","24","Orange"
LEO,TODAY,23,"Aaj partner ki sehat ka dhyan rakhein, unke saath samay bitayein. Chhoti baat par jhagda na karein.","Aaj office me koi purana kaam pura hoga, senior khush honge. Naye project ki taiyari karein.","Aaj gale me halki kharish ho sakti hai, garm paani peekar rahat milegi. Zyada bolne se bachein.","Aaj koi purana lend wapas milega. Lekin naye nivesh se pehle achhi tarah soch lein.","29","Red"
LEO,TODAY,24,"Aaj prem jeevan me utar-chadhav rahega, partner se baat karke sab theek ho jayega. Sabr rakhein.","Aaj career me thodi deri ho sakti hai, par kaam poora hoga. Kisi colleague ki madad karein.","Aaj sir dard ho sakta hai, stress kam karein. Paani adhik peeyein aur aaram karein.","Aaj kharcha tez hoga, kisi bade nivesh se bachein. Budget banayein aur usi me rahein.","10","Yellow"
LEO,TODAY,25,"Aaj kisi purane rishte me nayi jaan aayegi, purane mitra se mulakat hogi. Dil ki baat kehne me jhijhak na karein.","Aaj office me aapki mehnat ki tareef hogi, promotion ke chances hain. Mehnat jaari rakhein.","Aaj sehat achhi rahegi, bas subah walk zaroor karein. Junk food avoid karein.","Aaj aarthik labh hoga, koi bonus ya gift mil sakta hai. Bachat par dhyan dein.","21","Gold"
LEO,TODAY,26,"Aaj partner ke saath koi naya plan banega, ghoomne ka mauka milega. Saath me samay bitayein.","Aaj career me koi naya mauka milega, turant haan na kahein. Soch samajh kar nirnay lein.","Aaj thodi thakan mehsoos hogi, aaram karein. Neend poori karein aur stress kam karein.","Aaj paisa aayega par kharch bhi hoga. Kisi zaruratmand ki madad karein, punya milega.","7","Orange"
LEO,TODAY,27,"Aaj prem jeevan me shanti rahegi, partner ka sahyog milega. Kisi shubh karyakram me shirkat karne ka mauka milega.","Aaj office me aapki yojana ko sarahna milegi. Team ke saath milkar kaam karein to safalta milegi.","Aaj pet aur digestion ka dhyan rakhein, ghar ka khana khayein. Paani adhik peeyein.","Aaj aarthik sthiti sudhregi, koi purana nivesh fal dega. Nayi yojana banayein.","18","Red"
LEO,TODAY,28,"Aaj partner ke saath koi shubh samachar sunne ko milega. Rishta aur mazboot hoga.","Aaj career me naya mauka milega, interview ya meeting me safalta milegi. Confidence se baat karein.","Aaj sharir me halki sustee rahegi, vyayam karein. Bahar ka khana avoid karein.","Aaj paisa aayega par kharch bhi hoga. Kisi ko daan karein to punya milega.","28","Yellow"
LEO,TODAY,29,"Aaj partner ki sehat ka dhyan rakhein, unke saath samay bitayein. Chhoti baat par jhagda na karein.","Aaj office me koi purana kaam pura hoga, senior khush honge. Naye project ki taiyari karein.","Aaj gale me halki kharish ho sakti hai, garm paani peekar rahat milegi. Zyada bolne se bachein.","Aaj koi purana lend wapas milega. Lekin naye nivesh se pehle achhi tarah soch lein.","30","Gold"
LEO,YESTERDAY,0,"Kal partner ke saath samay bitane ka mauka mila tha, purani galatfehmi door hui. Dil ki baat khul kar kehna rishte ko mazboot banata hai.","Kal career me koi naya kaam shuru karne ka mauka mila tha, senior ka sahyog mila. Jaldbazi na karna hi samajhdari hai.","Kal sehat achhi rahi, subah walk ka fayda mila. Thanda aur fried khane se bachna chahiye.","Kal paisa aaya, kisi purane lend ka paisa wapas mila. Lekin faltu kharch se bachna chahiye.","",""
LEO,YESTERDAY,1,"Kal prem jeevan me nayi urja aayi, koi purana mitra mila. Partner ki baat dhyan se sunni chahiye thi.","Kal office me mehnat ki tareef hui, promotion ke chances bane. Colleagues ke saath milkar kaam karna faydemand raha.","Kal thodi thakan mehsoos hui, aaram karna zaroori tha. Paani adhik peena aur stress kam karna chahiye.","Kal kharcha thoda zyada ho gaya, budget banane ki zarurat thi. Naye nivesh se pehle soch-vichar karna chahiye.","",""
LEO,YESTERDAY,2,"Kal partner ke saath koi purana mamla sulah hua. Rishte me vishwas badha aur madhurta aayi.","Kal career me koi rukavat aayi thi, dhairya rakhna zaroori tha. Kisi colleague se salah lena faydemand raha.","Kal gale aur sans me halki takleef hui. Garm kapde pehenna aur thanda na khana chahiye.","Kal paisa aaya par kharch bhi hua. Kisi zaruratmand ki madad karne se punya mila.","",""
LEO,YESTERDAY,3,"Kal kisi khaas insaan se mulaqat hui jo din bana gayi. Purane jhagde sulah ho gaye.","Kal office me raay ko mahatva mila. Kisi naye project ki zimmedari mili.","Kal sehat ke liye halka vyayam karna aur khub paani peena faydemand raha. Sir dard ho sakta tha.","Kal aarthik sthiti majboot rahi, koi purana karz chukane ka mauka mila.","",""
LEO,YESTERDAY,4,"Kal partner ke saath chhoti baat par takraar hui thi, shaant rehna chahiye tha. Raat ko sulah ho gayi.","Kal career me koi naya mauka mila, turant haan nahi kehna chahiye tha. Soch samajh kar nirnay lena chahiye.","Kal pet me halki gadbad hui, halka khana khana chahiye tha. Bahar ka khana avoid karna chahiye.","Kal paisa haath me aaya par kharch bhi tez hua. Bachat par dhyan dena chahiye tha.","",""
LEO,YESTERDAY,5,"Kal prem jeevan me madhurta rahi, partner ke saath ghoomne ka mauka mila. Kisi purane mitra se mulakat hui.","Kal office me mehnat ki sarahna hui. Senior ne baat maani, confidence rakhna chahiye tha.","Kal urja se bharpur rahe, vyayam karne ka mann kiya. Lekin zyada garmi se bachna chahiye tha.","Kal kisi naye kaam me nivesh karne ka mauka mila, soch samajh kar haan kehna chahiye tha.","",""
LEO,YESTERDAY,6,"Kal partner ke saath koi naya rishta shuru hua ya purana gahra hua. Dil ki baat kehne me jhijhak nahi karni chahiye thi.","Kal career me thodi bhaag-daud rahi, meetings me vyast rahe. Jaldbazi me galti nahi karni chahiye thi.","Kal jodon me halka dard hua, aaram karna chahiye tha. Subah ki dhoop faydemand rahi.","Kal aarthik labh hua, koi bonus ya gift mila. Lekin kharch par niyantran rakhna chahiye tha.","",""
LEO,YESTERDAY,7,"Kal partner ne surprise diya, prem me nayi urja aayi. Saath me kuch naya try karna chahiye tha.","Kal career me koi bada faisla lena pada, savdhani se sochna chahiye tha. Kisi anubhavi se salah leni chahiye thi.","Kal sehat achhi rahi, bas subah ka nashta skip nahi karna chahiye tha. Fresh fruit khane chahiye the.","Kal paisa aaya par kisi anavashyak cheez par kharch ho gaya. Ruk kar kharch karna chahiye tha.","",""
LEO,YESTERDAY,8,"Kal partner se koi purani baat chubhi thi, khul kar baat karni chahiye thi. Chhoti baat ko bada nahi banana chahiye tha.","Kal career me koi rukavat aayi, par dhairya se kaam liya. Koi purana project pura hua.","Kal mansik tanav hua, meditation karna chahiye tha. Neend poori karni chahiye thi.","Kal kisi dost se udhaar dena nahi chahiye tha, warna paisa wapas nahi milta. Apne paise sambhal kar rakhne chahiye the.","",""
LEO,YESTERDAY,9,"Kal prem jeevan me shanti rahi, partner ka sahyog mila. Kisi shubh karyakram me shirkat karne ka mauka mila.","Kal office me yojana ko sarahna mili. Team ke saath milkar kaam karne se safalta mili.","Kal pet aur digestion ka dhyan rakhna chahiye tha, ghar ka khana khana chahiye tha. Paani adhik peena chahiye tha.","Kal aarthik sthiti sudhri, koi purana nivesh fal diya. Nayi yojana banani chahiye thi.","",""
LEO,YESTERDAY,10,"Kal partner ke saath koi shubh samachar sunne ko mila. Rishta aur mazboot hua.","Kal career me naya mauka mila, interview ya meeting me safalta mili. Confidence se baat karni chahiye thi.","Kal sharir me halki sustee rahi, vyayam karna chahiye tha. Bahar ka khana avoid karna chahiye tha.","Kal paisa aaya par kharch bhi hua. Kisi ko daan karne se punya mila.","",""
LEO,YESTERDAY,11,"Kal partner ki sehat ka dhyan rakhna chahiye tha, unke saath samay bitana chahiye tha. Chhoti baat par jhagda nahi karna chahiye tha.","Kal office me koi purana kaam pura hua, senior khush hue. Naye project ki taiyari karni chahiye thi.","Kal gale me halki kharish hui, garm paani peekar rahat mili. Zyada bolne se bachna chahiye tha.","Kal koi purana lend wapas mila. Lekin naye nivesh se pehle achhi tarah sochna chahiye tha.","",""
LEO,YESTERDAY,12,"Kal prem jeevan me utar-chadhav raha, partner se baat karke sab theek ho gaya. Sabr rakhna chahiye tha.","Kal career me thodi deri hui, par kaam poora hua. Kisi colleague ki madad karni chahiye thi.","Kal sir dard hua, stress kam karna chahiye tha. Paani adhik peena aur aaram karna chahiye tha.","Kal kharcha tez hua, kisi bade nivesh se bachna chahiye tha. Budget banakar usi me rehna chahiye tha.","",""
LEO,YESTERDAY,13,"Kal kisi purane rishte me nayi jaan aayi, purane mitra se mulakat hui. Dil ki baat kehne me jhijhak nahi karni chahiye thi.","Kal office me mehnat ki tareef hui, promotion ke chances bane. Mehnat jaari rakhni chahiye thi.","Kal sehat achhi rahi, bas subah walk karni chahiye thi. Junk food avoid karna chahiye tha.","Kal aarthik labh hua, koi bonus ya gift mila. Bachat par dhyan dena chahiye tha.","",""
LEO,YESTERDAY,14,"Kal partner ke saath koi naya plan bana, ghoomne ka mauka mila. Saath me samay bitana chahiye tha.","Kal career me koi naya mauka mila, turant haan nahi kehna chahiye tha. Soch samajh kar nirnay lena chahiye tha.","Kal thodi thakan mehsoos hui, aaram karna chahiye tha. Neend poori karni chahiye thi aur stress kam karna chahiye tha.","Kal paisa aaya par kharch bhi hua. Kisi zaruratmand ki madad karne se punya mila.","",""
LEO,YESTERDAY,15,"Kal prem jeevan me shanti rahi, partner ka sahyog mila. Kisi shubh karyakram me shirkat karne ka mauka mila.","Kal office me yojana ko sarahna mili. Team ke saath milkar kaam karne se safalta mili.","Kal pet aur digestion ka dhyan rakhna chahiye tha, ghar ka khana khana chahiye tha. Paani adhik peena chahiye tha.","Kal aarthik sthiti sudhri, koi purana nivesh fal diya. Nayi yojana banani chahiye thi.","",""
LEO,YESTERDAY,16,"Kal partner ke saath koi shubh samachar sunne ko mila. Rishta aur mazboot hua.","Kal career me naya mauka mila, interview ya meeting me safalta mili. Confidence se baat karni chahiye thi.","Kal sharir me halki sustee rahi, vyayam karna chahiye tha. Bahar ka khana avoid karna chahiye tha.","Kal paisa aaya par kharch bhi hua. Kisi ko daan karne se punya mila.","",""
LEO,YESTERDAY,17,"Kal partner ki sehat ka dhyan rakhna chahiye tha, unke saath samay bitana chahiye tha. Chhoti baat par jhagda nahi karna chahiye tha.","Kal office me koi purana kaam pura hua, senior khush hue. Naye project ki taiyari karni chahiye thi.","Kal gale me halki kharish hui, garm paani peekar rahat mili. Zyada bolne se bachna chahiye tha.","Kal koi purana lend wapas mila. Lekin naye nivesh se pehle achhi tarah sochna chahiye tha.","",""
LEO,YESTERDAY,18,"Kal prem jeevan me utar-chadhav raha, partner se baat karke sab theek ho gaya. Sabr rakhna chahiye tha.","Kal career me thodi deri hui, par kaam poora hua. Kisi colleague ki madad karni chahiye thi.","Kal sir dard hua, stress kam karna chahiye tha. Paani adhik peena aur aaram karna chahiye tha.","Kal kharcha tez hua, kisi bade nivesh se bachna chahiye tha. Budget banakar usi me rehna chahiye tha.","",""
LEO,YESTERDAY,19,"Kal kisi purane rishte me nayi jaan aayi, purane mitra se mulakat hui. Dil ki baat kehne me jhijhak nahi karni chahiye thi.","Kal office me mehnat ki tareef hui, promotion ke chances bane. Mehnat jaari rakhni chahiye thi.","Kal sehat achhi rahi, bas subah walk karni chahiye thi. Junk food avoid karna chahiye tha.","Kal aarthik labh hua, koi bonus ya gift mila. Bachat par dhyan dena chahiye tha.","",""
LEO,YESTERDAY,20,"Kal partner ke saath koi naya plan bana, ghoomne ka mauka mila. Saath me samay bitana chahiye tha.","Kal career me koi naya mauka mila, turant haan nahi kehna chahiye tha. Soch samajh kar nirnay lena chahiye tha.","Kal thodi thakan mehsoos hui, aaram karna chahiye tha. Neend poori karni chahiye thi aur stress kam karna chahiye tha.","Kal paisa aaya par kharch bhi hua. Kisi zaruratmand ki madad karne se punya mila.","",""
LEO,YESTERDAY,21,"Kal prem jeevan me shanti rahi, partner ka sahyog mila. Kisi shubh karyakram me shirkat karne ka mauka mila.","Kal office me yojana ko sarahna mili. Team ke saath milkar kaam karne se safalta mili.","Kal pet aur digestion ka dhyan rakhna chahiye tha, ghar ka khana khana chahiye tha. Paani adhik peena chahiye tha.","Kal aarthik sthiti sudhri, koi purana nivesh fal diya. Nayi yojana banani chahiye thi.","",""
LEO,YESTERDAY,22,"Kal partner ke saath koi shubh samachar sunne ko mila. Rishta aur mazboot hua.","Kal career me naya mauka mila, interview ya meeting me safalta mili. Confidence se baat karni chahiye thi.","Kal sharir me halki sustee rahi, vyayam karna chahiye tha. Bahar ka khana avoid karna chahiye tha.","Kal paisa aaya par kharch bhi hua. Kisi ko daan karne se punya mila.","",""
LEO,YESTERDAY,23,"Kal partner ki sehat ka dhyan rakhna chahiye tha, unke saath samay bitana chahiye tha. Chhoti baat par jhagda nahi karna chahiye tha.","Kal office me koi purana kaam pura hua, senior khush hue. Naye project ki taiyari karni chahiye thi.","Kal gale me halki kharish hui, garm paani peekar rahat mili. Zyada bolne se bachna chahiye tha.","Kal koi purana lend wapas mila. Lekin naye nivesh se pehle achhi tarah sochna chahiye tha.","",""
LEO,YESTERDAY,24,"Kal prem jeevan me utar-chadhav raha, partner se baat karke sab theek ho gaya. Sabr rakhna chahiye tha.","Kal career me thodi deri hui, par kaam poora hua. Kisi colleague ki madad karni chahiye thi.","Kal sir dard hua, stress kam karna chahiye tha. Paani adhik peena aur aaram karna chahiye tha.","Kal kharcha tez hua, kisi bade nivesh se bachna chahiye tha. Budget banakar usi me rehna chahiye tha.","",""
LEO,YESTERDAY,25,"Kal kisi purane rishte me nayi jaan aayi, purane mitra se mulakat hui. Dil ki baat kehne me jhijhak nahi karni chahiye thi.","Kal office me mehnat ki tareef hui, promotion ke chances bane. Mehnat jaari rakhni chahiye thi.","Kal sehat achhi rahi, bas subah walk karni chahiye thi. Junk food avoid karna chahiye tha.","Kal aarthik labh hua, koi bonus ya gift mila. Bachat par dhyan dena chahiye tha.","",""
LEO,YESTERDAY,26,"Kal partner ke saath koi naya plan bana, ghoomne ka mauka mila. Saath me samay bitana chahiye tha.","Kal career me koi naya mauka mila, turant haan nahi kehna chahiye tha. Soch samajh kar nirnay lena chahiye tha.","Kal thodi thakan mehsoos hui, aaram karna chahiye tha. Neend poori karni chahiye thi aur stress kam karna chahiye tha.","Kal paisa aaya par kharch bhi hua. Kisi zaruratmand ki madad karne se punya mila.","",""
LEO,YESTERDAY,27,"Kal prem jeevan me shanti rahi, partner ka sahyog mila. Kisi shubh karyakram me shirkat karne ka mauka mila.","Kal office me yojana ko sarahna mili. Team ke saath milkar kaam karne se safalta mili.","Kal pet aur digestion ka dhyan rakhna chahiye tha, ghar ka khana khana chahiye tha. Paani adhik peena chahiye tha.","Kal aarthik sthiti sudhri, koi purana nivesh fal diya. Nayi yojana banani chahiye thi.","",""
LEO,YESTERDAY,28,"Kal partner ke saath koi shubh samachar sunne ko mila. Rishta aur mazboot hua.","Kal career me naya mauka mila, interview ya meeting me safalta mili. Confidence se baat karni chahiye thi.","Kal sharir me halki sustee rahi, vyayam karna chahiye tha. Bahar ka khana avoid karna chahiye tha.","Kal paisa aaya par kharch bhi hua. Kisi ko daan karne se punya mila.","",""
LEO,YESTERDAY,29,"Kal partner ki sehat ka dhyan rakhna chahiye tha, unke saath samay bitana chahiye tha. Chhoti baat par jhagda nahi karna chahiye tha.","Kal office me koi purana kaam pura hua, senior khush hue. Naye project ki taiyari karni chahiye thi.","Kal gale me halki kharish hui, garm paani peekar rahat mili. Zyada bolne se bachna chahiye tha.","Kal koi purana lend wapas mila. Lekin naye nivesh se pehle achhi tarah sochna chahiye tha.","",""
LEO,TOMORROW,0,"Kal partner ke saath samay bitane ka mauka milega, purani galatfehmi door hogi. Dil ki baat khul kar kehna rishte ko mazboot banayega.","Kal career me koi naya kaam shuru karne ka mauka mil sakta hai, senior ka sahyog milega. Jaldbazi na karein.","Kal sehat achhi rahegi, subah walk zaroor karein. Thanda aur fried khane se bachein.","Kal paisa aayega, kisi purane lend ka paisa wapas mil sakta hai. Lekin faltu kharch se bachein.","",""
LEO,TOMORROW,1,"Kal prem jeevan me nayi urja aayegi, koi purana mitra mil sakta hai. Partner ki baat dhyan se sunein.","Kal office me mehnat ki tareef hogi, promotion ke chances hain. Colleagues ke saath milkar kaam karein.","Kal thodi thakan mehsoos hogi, aaram karein. Paani adhik peeyein aur stress kam karein.","Kal kharcha thoda zyada ho sakta hai, budget banayein. Naye nivesh se pehle soch-vichar karein.","",""
LEO,TOMORROW,2,"Kal partner ke saath koi purana mamla sulah ho sakta hai. Rishte me vishwas badhega aur madhurta aayegi.","Kal career me koi rukavat aa sakti hai, dhairya rakhein. Kisi colleague se salah lein to fayda hoga.","Kal gale aur sans me halki takleef ho sakti hai. Garm kapde pehnein aur thanda na khayein.","Kal paisa aayega par kharch bhi hoga. Kisi zaruratmand ki madad karein, punya milega.","",""
LEO,TOMORROW,3,"Kal kisi khaas insaan se mulaqat hogi jo din bana degi. Purane jhagde sulah ho sakte hain.","Kal office me raay ko mahatva milega. Kisi naye project ki zimmedari mil sakti hai.","Kal sehat ke liye halka vyayam karein aur khub paani peeyein. Sir dard ho sakta hai.","Kal aarthik sthiti majboot rahegi, koi purana karz chukane ka mauka milega.","",""
LEO,TOMORROW,4,"Kal partner ke saath chhoti baat par takraar ho sakti hai, shaant rahein. Raat ko sulah ho jayegi.","Kal career me koi naya mauka milega, turant haan na kahein. Soch samajh kar nirnay lein.","Kal pet me halki gadbad ho sakti hai, halka khana khayein. Bahar ka khana avoid karein.","Kal paisa haath me aayega par kharch bhi tez hoga. Bachat par dhyan dein.","",""
LEO,TOMORROW,5,"Kal prem jeevan me madhurta rahegi, partner ke saath ghoomne ka mauka milega. Kisi purane mitra se mulakat hogi.","Kal office me mehnat ki sarahna hogi. Senior aapki baat maanenge, confidence rakhein.","Kal urja se bharpur rahenge, vyayam karne ka mann karega. Lekin zyada garmi se bachein.","Kal kisi naye kaam me nivesh karne ka mauka milega, soch samajh kar haan kahein.","",""
LEO,TOMORROW,6,"Kal partner ke saath koi naya rishta shuru ho sakta hai ya purana gahra ho sakta hai. Dil ki baat kehne me jhijhak na karein.","Kal career me thodi bhaag-daud rahegi, meetings me vyast rahenge. Jaldbazi me galti na karein.","Kal jodon me halka dard ho sakta hai, aaram karein. Subah ki dhoop faydemand hai.","Kal aarthik labh hoga, koi bonus ya gift mil sakta hai. Lekin kharch par niyantran rakhein.","",""
LEO,TOMORROW,7,"Kal partner aapko surprise de sakta hai, prem me nayi urja aayegi. Saath me kuch naya try karein.","Kal career me koi bada faisla lena pad sakta hai, savdhani se sochein. Kisi anubhavi se salah lein.","Kal sehat achhi rahegi, bas subah ka nashta skip na karein. Fresh fruit khayein.","Kal paisa aayega par kisi anavashyak cheez par kharch ho sakta hai. Ruk kar kharch karein.","",""
LEO,TOMORROW,8,"Kal partner se koi purani baat chubh sakti hai, khul kar baat karein. Chhoti baat ko bada na banayein.","Kal career me koi rukavat aa sakti hai, par dhairya se kaam lein. Koi purana project pura hoga.","Kal mansik tanav ho sakta hai, meditation karein. Neend poori karein.","Kal kisi dost se udhaar dene se bachein, warna paisa wapas nahi milega. Apne paise sambhal kar rakhein.","",""
LEO,TOMORROW,9,"Kal prem jeevan me shanti rahegi, partner ka sahyog milega. Kisi shubh karyakram me shirkat karne ka mauka milega.","Kal office me yojana ko sarahna milegi. Team ke saath milkar kaam karein to safalta milegi.","Kal pet aur digestion ka dhyan rakhein, ghar ka khana khayein. Paani adhik peeyein.","Kal aarthik sthiti sudhregi, koi purana nivesh fal dega. Nayi yojana banayein.","",""
LEO,TOMORROW,10,"Kal partner ke saath koi shubh samachar sunne ko milega. Rishta aur mazboot hoga.","Kal career me naya mauka milega, interview ya meeting me safalta milegi. Confidence se baat karein.","Kal sharir me halki sustee rahegi, vyayam karein. Bahar ka khana avoid karein.","Kal paisa aayega par kharch bhi hoga. Kisi ko daan karein to punya milega.","",""
LEO,TOMORROW,11,"Kal partner ki sehat ka dhyan rakhein, unke saath samay bitayein. Chhoti baat par jhagda na karein.","Kal office me koi purana kaam pura hoga, senior khush honge. Naye project ki taiyari karein.","Kal gale me halki kharish ho sakti hai, garm paani peekar rahat milegi. Zyada bolne se bachein.","Kal koi purana lend wapas milega. Lekin naye nivesh se pehle achhi tarah soch lein.","",""
LEO,TOMORROW,12,"Kal prem jeevan me utar-chadhav rahega, partner se baat karke sab theek ho jayega. Sabr rakhein.","Kal career me thodi deri ho sakti hai, par kaam poora hoga. Kisi colleague ki madad karein.","Kal sir dard ho sakta hai, stress kam karein. Paani adhik peeyein aur aaram karein.","Kal kharcha tez hoga, kisi bade nivesh se bachein. Budget banayein aur usi me rahein.","",""
LEO,TOMORROW,13,"Kal kisi purane rishte me nayi jaan aayegi, purane mitra se mulakat hogi. Dil ki baat kehne me jhijhak na karein.","Kal office me mehnat ki tareef hogi, promotion ke chances hain. Mehnat jaari rakhein.","Kal sehat achhi rahegi, bas subah walk zaroor karein. Junk food avoid karein.","Kal aarthik labh hoga, koi bonus ya gift mil sakta hai. Bachat par dhyan dein.","",""
LEO,TOMORROW,14,"Kal partner ke saath koi naya plan banega, ghoomne ka mauka milega. Saath me samay bitayein.","Kal career me koi naya mauka milega, turant haan na kahein. Soch samajh kar nirnay lein.","Kal thodi thakan mehsoos hogi, aaram karein. Neend poori karein aur stress kam karein.","Kal paisa aayega par kharch bhi hoga. Kisi zaruratmand ki madad karein, punya milega.","",""
LEO,TOMORROW,15,"Kal prem jeevan me shanti rahegi, partner ka sahyog milega. Kisi shubh karyakram me shirkat karne ka mauka milega.","Kal office me yojana ko sarahna milegi. Team ke saath milkar kaam karein to safalta milegi.","Kal pet aur digestion ka dhyan rakhein, ghar ka khana khayein. Paani adhik peeyein.","Kal aarthik sthiti sudhregi, koi purana nivesh fal dega. Nayi yojana banayein.","",""
LEO,TOMORROW,16,"Kal partner ke saath koi shubh samachar sunne ko milega. Rishta aur mazboot hoga.","Kal career me naya mauka milega, interview ya meeting me safalta milegi. Confidence se baat karein.","Kal sharir me halki sustee rahegi, vyayam karein. Bahar ka khana avoid karein.","Kal paisa aayega par kharch bhi hoga. Kisi ko daan karein to punya milega.","",""
LEO,TOMORROW,17,"Kal partner ki sehat ka dhyan rakhein, unke saath samay bitayein. Chhoti baat par jhagda na karein.","Kal office me koi purana kaam pura hoga, senior khush honge. Naye project ki taiyari karein.","Kal gale me halki kharish ho sakti hai, garm paani peekar rahat milegi. Zyada bolne se bachein.","Kal koi purana lend wapas milega. Lekin naye nivesh se pehle achhi tarah soch lein.","",""
LEO,TOMORROW,18,"Kal prem jeevan me utar-chadhav rahega, partner se baat karke sab theek ho jayega. Sabr rakhein.","Kal career me thodi deri ho sakti hai, par kaam poora hoga. Kisi colleague ki madad karein.","Kal sir dard ho sakta hai, stress kam karein. Paani adhik peeyein aur aaram karein.","Kal kharcha tez hoga, kisi bade nivesh se bachein. Budget banayein aur usi me rahein.","",""
LEO,TOMORROW,19,"Kal kisi purane rishte me nayi jaan aayegi, purane mitra se mulakat hogi. Dil ki baat kehne me jhijhak na karein.","Kal office me mehnat ki tareef hogi, promotion ke chances hain. Mehnat jaari rakhein.","Kal sehat achhi rahegi, bas subah walk zaroor karein. Junk food avoid karein.","Kal aarthik labh hoga, koi bonus ya gift mil sakta hai. Bachat par dhyan dein.","",""
LEO,TOMORROW,20,"Kal partner ke saath koi naya plan banega, ghoomne ka mauka milega. Saath me samay bitayein.","Kal career me koi naya mauka milega, turant haan na kahein. Soch samajh kar nirnay lein.","Kal thodi thakan mehsoos hogi, aaram karein. Neend poori karein aur stress kam karein.","Kal paisa aayega par kharch bhi hoga. Kisi zaruratmand ki madad karein, punya milega.","",""
LEO,TOMORROW,21,"Kal prem jeevan me shanti rahegi, partner ka sahyog milega. Kisi shubh karyakram me shirkat karne ka mauka milega.","Kal office me yojana ko sarahna milegi. Team ke saath milkar kaam karein to safalta milegi.","Kal pet aur digestion ka dhyan rakhein, ghar ka khana khayein. Paani adhik peeyein.","Kal aarthik sthiti sudhregi, koi purana nivesh fal dega. Nayi yojana banayein.","",""
LEO,TOMORROW,22,"Kal partner ke saath koi shubh samachar sunne ko milega. Rishta aur mazboot hoga.","Kal career me naya mauka milega, interview ya meeting me safalta milegi. Confidence se baat karein.","Kal sharir me halki sustee rahegi, vyayam karein. Bahar ka khana avoid karein.","Kal paisa aayega par kharch bhi hoga. Kisi ko daan karein to punya milega.","",""
LEO,TOMORROW,23,"Kal partner ki sehat ka dhyan rakhein, unke saath samay bitayein. Chhoti baat par jhagda na karein.","Kal office me koi purana kaam pura hoga, senior khush honge. Naye project ki taiyari karein.","Kal gale me halki kharish ho sakti hai, garm paani peekar rahat milegi. Zyada bolne se bachein.","Kal koi purana lend wapas milega. Lekin naye nivesh se pehle achhi tarah soch lein.","",""
LEO,TOMORROW,24,"Kal prem jeevan me utar-chadhav rahega, partner se baat karke sab theek ho jayega. Sabr rakhein.","Kal career me thodi deri ho sakti hai, par kaam poora hoga. Kisi colleague ki madad karein.","Kal sir dard ho sakta hai, stress kam karein. Paani adhik peeyein aur aaram karein.","Kal kharcha tez hoga, kisi bade nivesh se bachein. Budget banayein aur usi me rahein.","",""
LEO,TOMORROW,25,"Kal kisi purane rishte me nayi jaan aayegi, purane mitra se mulakat hogi. Dil ki baat kehne me jhijhak na karein.","Kal office me mehnat ki tareef hogi, promotion ke chances hain. Mehnat jaari rakhein.","Kal sehat achhi rahegi, bas subah walk zaroor karein. Junk food avoid karein.","Kal aarthik labh hoga, koi bonus ya gift mil sakta hai. Bachat par dhyan dein.","",""
LEO,TOMORROW,26,"Kal partner ke saath koi naya plan banega, ghoomne ka mauka milega. Saath me samay bitayein.","Kal career me koi naya mauka milega, turant haan na kahein. Soch samajh kar nirnay lein.","Kal thodi thakan mehsoos hogi, aaram karein. Neend poori karein aur stress kam karein.","Kal paisa aayega par kharch bhi hoga. Kisi zaruratmand ki madad karein, punya milega.","",""
LEO,TOMORROW,27,"Kal prem jeevan me shanti rahegi, partner ka sahyog milega. Kisi shubh karyakram me shirkat karne ka mauka milega.","Kal office me yojana ko sarahna milegi. Team ke saath milkar kaam karein to safalta milegi.","Kal pet aur digestion ka dhyan rakhein, ghar ka khana khayein. Paani adhik peeyein.","Kal aarthik sthiti sudhregi, koi purana nivesh fal dega. Nayi yojana banayein.","",""
LEO,TOMORROW,28,"Kal partner ke saath koi shubh samachar sunne ko milega. Rishta aur mazboot hoga.","Kal career me naya mauka milega, interview ya meeting me safalta milegi. Confidence se baat karein.","Kal sharir me halki sustee rahegi, vyayam karein. Bahar ka khana avoid karein.","Kal paisa aayega par kharch bhi hoga. Kisi ko daan karein to punya milega.","",""
LEO,TOMORROW,29,"Kal partner ki sehat ka dhyan rakhein, unke saath samay bitayein. Chhoti baat par jhagda na karein.","Kal office me koi purana kaam pura hoga, senior khush honge. Naye project ki taiyari karein.","Kal gale me halki kharish ho sakti hai, garm paani peekar rahat milegi. Zyada bolne se bachein.","Kal koi purana lend wapas milega. Lekin naye nivesh se pehle achhi tarah soch lein.","",""
LEO,WEEKLY,0,"Is hafte prem jeevan me madhurta rahegi, partner ke saath samay bitane ka mauka milega. Kisi purane mitra se mulakat hogi.","Is hafte career me naya project milega, senior ka sahyog rahega. Mehnat ka fal zaroor milega.","Is hafte sehat achhi rahegi, bas subah walk aur halka vyayam karein. Junk food avoid karein.","Is hafte aarthik labh hoga, koi purana lend wapas milega. Lekin budget banakar chalein.","",""
LEO,WEEKLY,1,"Is hafte partner ke saath koi purana mamla sulah ho sakta hai. Rishte me vishwas badhega aur prem gahra hoga.","Is hafte office me aapki mehnat ki tareef hogi, promotion ke chances hain. Team ke saath milkar kaam karein.","Is hafte thodi thakan mehsoos hogi, aaram karein aur neend poori karein. Paani adhik peeyein.","Is hafte kharcha thoda zyada hoga, savdhani rakhein. Kisi naye nivesh se pehle soch-vichar karein.","",""
LEO,WEEKLY,2,"Is hafte kisi khaas insaan se mulaqat hogi jo dil ko khush kar degi. Purane jhagde sulah ho sakte hain.","Is hafte career me koi rukavat aa sakti hai, dhairya rakhein. Kisi colleague se salah lena faydemand hoga.","Is hafte gale aur sans me halki takleef ho sakti hai. Garm kapde pehnein aur thanda na khayein.","Is hafte paisa aayega par kharch bhi hoga. Kisi zaruratmand ki madad karein, punya milega.","",""
LEO,WEEKLY,3,"Is hafte prem jeevan me shanti rahegi, partner ka sahyog milega. Kisi shubh karyakram me shirkat karne ka mauka milega.","Is hafte office me aapki yojana ko sarahna milegi. Naye project ki zimmedari mil sakti hai.","Is hafte sehat ke liye halka vyayam karein aur khub paani peeyein. Sir dard se bachein.","Is hafte aarthik sthiti majboot rahegi, koi purana karz chukane ka mauka milega.","",""
LEO,WEEKLY,4,"Is hafte partner ke saath chhoti baat par takraar ho sakti hai, shaant rahein. Hafte ke ant me sulah ho jayegi.","Is hafte career me koi naya mauka milega, turant haan na kahein. Soch samajh kar nirnay lein.","Is hafte pet me halki gadbad ho sakti hai, halka khana khayein. Bahar ka khana avoid karein.","Is hafte paisa haath me aayega par kharch bhi tez hoga. Bachat par dhyan dein.","",""
LEO,WEEKLY,5,"Is hafte prem jeevan me madhurta rahegi, partner ke saath ghoomne ka mauka milega. Kisi purane mitra se mulakat hogi.","Is hafte office me mehnat ki sarahna hogi. Senior aapki baat maanenge, confidence rakhein.","Is hafte urja se bharpur rahenge, vyayam karne ka mann karega. Lekin zyada garmi se bachein.","Is hafte kisi naye kaam me nivesh karne ka mauka milega, soch samajh kar haan kahein.","",""
LEO,WEEKLY,6,"Is hafte partner ke saath koi naya rishta shuru ho sakta hai ya purana gahra ho sakta hai. Dil ki baat kehne me jhijhak na karein.","Is hafte career me thodi bhaag-daud rahegi, meetings me vyast rahenge. Jaldbazi me galti na karein.","Is hafte jodon me halka dard ho sakta hai, aaram karein. Subah ki dhoop faydemand hai.","Is hafte aarthik labh hoga, koi bonus ya gift mil sakta hai. Lekin kharch par niyantran rakhein.","",""
LEO,WEEKLY,7,"Is hafte partner aapko surprise de sakta hai, prem me nayi urja aayegi. Saath me kuch naya try karein.","Is hafte career me koi bada faisla lena pad sakta hai, savdhani se sochein. Kisi anubhavi se salah lein.","Is hafte sehat achhi rahegi, bas subah ka nashta skip na karein. Fresh fruit khayein.","Is hafte paisa aayega par kisi anavashyak cheez par kharch ho sakta hai. Ruk kar kharch karein.","",""
LEO,WEEKLY,8,"Is hafte partner se koi purani baat chubh sakti hai, khul kar baat karein. Chhoti baat ko bada na banayein.","Is hafte career me koi rukavat aa sakti hai, par dhairya se kaam lein. Koi purana project pura hoga.","Is hafte mansik tanav ho sakta hai, meditation karein. Neend poori karein.","Is hafte kisi dost se udhaar dene se bachein, warna paisa wapas nahi milega. Apne paise sambhal kar rakhein.","",""
LEO,WEEKLY,9,"Is hafte prem jeevan me shanti rahegi, partner ka sahyog milega. Kisi shubh karyakram me shirkat karne ka mauka milega.","Is hafte office me yojana ko sarahna milegi. Team ke saath milkar kaam karein to safalta milegi.","Is hafte pet aur digestion ka dhyan rakhein, ghar ka khana khayein. Paani adhik peeyein.","Is hafte aarthik sthiti sudhregi, koi purana nivesh fal dega. Nayi yojana banayein.","",""
LEO,WEEKLY,10,"Is hafte partner ke saath koi shubh samachar sunne ko milega. Rishta aur mazboot hoga.","Is hafte career me naya mauka milega, interview ya meeting me safalta milegi. Confidence se baat karein.","Is hafte sharir me halki sustee rahegi, vyayam karein. Bahar ka khana avoid karein.","Is hafte paisa aayega par kharch bhi hoga. Kisi ko daan karein to punya milega.","",""
LEO,WEEKLY,11,"Is hafte partner ki sehat ka dhyan rakhein, unke saath samay bitayein. Chhoti baat par jhagda na karein.","Is hafte office me koi purana kaam pura hoga, senior khush honge. Naye project ki taiyari karein.","Is hafte gale me halki kharish ho sakti hai, garm paani peekar rahat milegi. Zyada bolne se bachein.","Is hafte koi purana lend wapas milega. Lekin naye nivesh se pehle achhi tarah soch lein.","",""
LEO,WEEKLY,12,"Is hafte prem jeevan me utar-chadhav rahega, partner se baat karke sab theek ho jayega. Sabr rakhein.","Is hafte career me thodi deri ho sakti hai, par kaam poora hoga. Kisi colleague ki madad karein.","Is hafte sir dard ho sakta hai, stress kam karein. Paani adhik peeyein aur aaram karein.","Is hafte kharcha tez hoga, kisi bade nivesh se bachein. Budget banayein aur usi me rahein.","",""
LEO,WEEKLY,13,"Is hafte kisi purane rishte me nayi jaan aayegi, purane mitra se mulakat hogi. Dil ki baat kehne me jhijhak na karein.","Is hafte office me mehnat ki tareef hogi, promotion ke chances hain. Mehnat jaari rakhein.","Is hafte sehat achhi rahegi, bas subah walk zaroor karein. Junk food avoid karein.","Is hafte aarthik labh hoga, koi bonus ya gift mil sakta hai. Bachat par dhyan dein.","",""
LEO,WEEKLY,14,"Is hafte partner ke saath koi naya plan banega, ghoomne ka mauka milega. Saath me samay bitayein.","Is hafte career me koi naya mauka milega, turant haan na kahein. Soch samajh kar nirnay lein.","Is hafte thodi thakan mehsoos hogi, aaram karein. Neend poori karein aur stress kam karein.","Is hafte paisa aayega par kharch bhi hoga. Kisi zaruratmand ki madad karein, punya milega.","",""
LEO,WEEKLY,15,"Is hafte prem jeevan me shanti rahegi, partner ka sahyog milega. Kisi shubh karyakram me shirkat karne ka mauka milega.","Is hafte office me yojana ko sarahna milegi. Team ke saath milkar kaam karein to safalta milegi.","Is hafte pet aur digestion ka dhyan rakhein, ghar ka khana khayein. Paani adhik peeyein.","Is hafte aarthik sthiti sudhregi, koi purana nivesh fal dega. Nayi yojana banayein.","",""
LEO,WEEKLY,16,"Is hafte partner ke saath koi shubh samachar sunne ko milega. Rishta aur mazboot hoga.","Is hafte career me naya mauka milega, interview ya meeting me safalta milegi. Confidence se baat karein.","Is hafte sharir me halki sustee rahegi, vyayam karein. Bahar ka khana avoid karein.","Is hafte paisa aayega par kharch bhi hoga. Kisi ko daan karein to punya milega.","",""
LEO,WEEKLY,17,"Is hafte partner ki sehat ka dhyan rakhein, unke saath samay bitayein. Chhoti baat par jhagda na karein.","Is hafte office me koi purana kaam pura hoga, senior khush honge. Naye project ki taiyari karein.","Is hafte gale me halki kharish ho sakti hai, garm paani peekar rahat milegi. Zyada bolne se bachein.","Is hafte koi purana lend wapas milega. Lekin naye nivesh se pehle achhi tarah soch lein.","",""
LEO,WEEKLY,18,"Is hafte prem jeevan me utar-chadhav rahega, partner se baat karke sab theek ho jayega. Sabr rakhein.","Is hafte career me thodi deri ho sakti hai, par kaam poora hoga. Kisi colleague ki madad karein.","Is hafte sir dard ho sakta hai, stress kam karein. Paani adhik peeyein aur aaram karein.","Is hafte kharcha tez hoga, kisi bade nivesh se bachein. Budget banayein aur usi me rahein.","",""
LEO,WEEKLY,19,"Is hafte kisi purane rishte me nayi jaan aayegi, purane mitra se mulakat hogi. Dil ki baat kehne me jhijhak na karein.","Is hafte office me mehnat ki tareef hogi, promotion ke chances hain. Mehnat jaari rakhein.","Is hafte sehat achhi rahegi, bas subah walk zaroor karein. Junk food avoid karein.","Is hafte aarthik labh hoga, koi bonus ya gift mil sakta hai. Bachat par dhyan dein.","",""
LEO,WEEKLY,20,"Is hafte partner ke saath koi naya plan banega, ghoomne ka mauka milega. Saath me samay bitayein.","Is hafte career me koi naya mauka milega, turant haan na kahein. Soch samajh kar nirnay lein.","Is hafte thodi thakan mehsoos hogi, aaram karein. Neend poori karein aur stress kam karein.","Is hafte paisa aayega par kharch bhi hoga. Kisi zaruratmand ki madad karein, punya milega.","",""
LEO,WEEKLY,21,"Is hafte prem jeevan me shanti rahegi, partner ka sahyog milega. Kisi shubh karyakram me shirkat karne ka mauka milega.","Is hafte office me yojana ko sarahna milegi. Team ke saath milkar kaam karein to safalta milegi.","Is hafte pet aur digestion ka dhyan rakhein, ghar ka khana khayein. Paani adhik peeyein.","Is hafte aarthik sthiti sudhregi, koi purana nivesh fal dega. Nayi yojana banayein.","",""
LEO,WEEKLY,22,"Is hafte partner ke saath koi shubh samachar sunne ko milega. Rishta aur mazboot hoga.","Is hafte career me naya mauka milega, interview ya meeting me safalta milegi. Confidence se baat karein.","Is hafte sharir me halki sustee rahegi, vyayam karein. Bahar ka khana avoid karein.","Is hafte paisa aayega par kharch bhi hoga. Kisi ko daan karein to punya milega.","",""
LEO,WEEKLY,23,"Is hafte partner ki sehat ka dhyan rakhein, unke saath samay bitayein. Chhoti baat par jhagda na karein.","Is hafte office me koi purana kaam pura hoga, senior khush honge. Naye project ki taiyari karein.","Is hafte gale me halki kharish ho sakti hai, garm paani peekar rahat milegi. Zyada bolne se bachein.","Is hafte koi purana lend wapas milega. Lekin naye nivesh se pehle achhi tarah soch lein.","",""
LEO,WEEKLY,24,"Is hafte prem jeevan me utar-chadhav rahega, partner se baat karke sab theek ho jayega. Sabr rakhein.","Is hafte career me thodi deri ho sakti hai, par kaam poora hoga. Kisi colleague ki madad karein.","Is hafte sir dard ho sakta hai, stress kam karein. Paani adhik peeyein aur aaram karein.","Is hafte kharcha tez hoga, kisi bade nivesh se bachein. Budget banayein aur usi me rahein.","",""
LEO,WEEKLY,25,"Is hafte kisi purane rishte me nayi jaan aayegi, purane mitra se mulakat hogi. Dil ki baat kehne me jhijhak na karein.","Is hafte office me mehnat ki tareef hogi, promotion ke chances hain. Mehnat jaari rakhein.","Is hafte sehat achhi rahegi, bas subah walk zaroor karein. Junk food avoid karein.","Is hafte aarthik labh hoga, koi bonus ya gift mil sakta hai. Bachat par dhyan dein.","",""
LEO,WEEKLY,26,"Is hafte partner ke saath koi naya plan banega, ghoomne ka mauka milega. Saath me samay bitayein.","Is hafte career me koi naya mauka milega, turant haan na kahein. Soch samajh kar nirnay lein.","Is hafte thodi thakan mehsoos hogi, aaram karein. Neend poori karein aur stress kam karein.","Is hafte paisa aayega par kharch bhi hoga. Kisi zaruratmand ki madad karein, punya milega.","",""
LEO,WEEKLY,27,"Is hafte prem jeevan me shanti rahegi, partner ka sahyog milega. Kisi shubh karyakram me shirkat karne ka mauka milega.","Is hafte office me yojana ko sarahna milegi. Team ke saath milkar kaam karein to safalta milegi.","Is hafte pet aur digestion ka dhyan rakhein, ghar ka khana khayein. Paani adhik peeyein.","Is hafte aarthik sthiti sudhregi, koi purana nivesh fal dega. Nayi yojana banayein.","",""
LEO,WEEKLY,28,"Is hafte partner ke saath koi shubh samachar sunne ko milega. Rishta aur mazboot hoga.","Is hafte career me naya mauka milega, interview ya meeting me safalta milegi. Confidence se baat karein.","Is hafte sharir me halki sustee rahegi, vyayam karein. Bahar ka khana avoid karein.","Is hafte paisa aayega par kharch bhi hoga. Kisi ko daan karein to punya milega.","",""
LEO,WEEKLY,29,"Is hafte partner ki sehat ka dhyan rakhein, unke saath samay bitayein. Chhoti baat par jhagda na karein.","Is hafte office me koi purana kaam pura hoga, senior khush honge. Naye project ki taiyari karein.","Is hafte gale me halki kharish ho sakti hai, garm paani peekar rahat milegi. Zyada bolne se bachein.","Is hafte koi purana lend wapas milega. Lekin naye nivesh se pehle achhi tarah soch lein.","",""
LEO,MONTHLY,0,"Is mahine prem jeevan me madhurta rahegi, partner ke saath samay bitane ka mauka milega. Kisi purane mitra se mulakat hogi.","Is mahine career me naya project milega, senior ka sahyog rahega. Mehnat ka fal zaroor milega.","Is mahine sehat achhi rahegi, bas subah walk aur halka vyayam karein. Junk food avoid karein.","Is mahine aarthik labh hoga, koi purana lend wapas milega. Lekin budget banakar chalein.","",""
LEO,MONTHLY,1,"Is mahine partner ke saath koi purana mamla sulah ho sakta hai. Rishte me vishwas badhega aur prem gahra hoga.","Is mahine office me aapki mehnat ki tareef hogi, promotion ke chances hain. Team ke saath milkar kaam karein.","Is mahine thodi thakan mehsoos hogi, aaram karein aur neend poori karein. Paani adhik peeyein.","Is mahine kharcha thoda zyada hoga, savdhani rakhein. Kisi naye nivesh se pehle soch-vichar karein.","",""
LEO,MONTHLY,2,"Is mahine kisi khaas insaan se mulaqat hogi jo dil ko khush kar degi. Purane jhagde sulah ho sakte hain.","Is mahine career me koi rukavat aa sakti hai, dhairya rakhein. Kisi colleague se salah lena faydemand hoga.","Is mahine gale aur sans me halki takleef ho sakti hai. Garm kapde pehnein aur thanda na khayein.","Is mahine paisa aayega par kharch bhi hoga. Kisi zaruratmand ki madad karein, punya milega.","",""
LEO,MONTHLY,3,"Is mahine prem jeevan me shanti rahegi, partner ka sahyog milega. Kisi shubh karyakram me shirkat karne ka mauka milega.","Is mahine office me aapki yojana ko sarahna milegi. Naye project ki zimmedari mil sakti hai.","Is mahine sehat ke liye halka vyayam karein aur khub paani peeyein. Sir dard se bachein.","Is mahine aarthik sthiti majboot rahegi, koi purana karz chukane ka mauka milega.","",""
LEO,MONTHLY,4,"Is mahine partner ke saath chhoti baat par takraar ho sakti hai, shaant rahein. Mahine ke ant me sulah ho jayegi.","Is mahine career me koi naya mauka milega, turant haan na kahein. Soch samajh kar nirnay lein.","Is mahine pet me halki gadbad ho sakti hai, halka khana khayein. Bahar ka khana avoid karein.","Is mahine paisa haath me aayega par kharch bhi tez hoga. Bachat par dhyan dein.","",""
LEO,MONTHLY,5,"Is mahine prem jeevan me madhurta rahegi, partner ke saath ghoomne ka mauka milega. Kisi purane mitra se mulakat hogi.","Is mahine office me mehnat ki sarahna hogi. Senior aapki baat maanenge, confidence rakhein.","Is mahine urja se bharpur rahenge, vyayam karne ka mann karega. Lekin zyada garmi se bachein.","Is mahine kisi naye kaam me nivesh karne ka mauka milega, soch samajh kar haan kahein.","",""
LEO,MONTHLY,6,"Is mahine partner ke saath koi naya rishta shuru ho sakta hai ya purana gahra ho sakta hai. Dil ki baat kehne me jhijhak na karein.","Is mahine career me thodi bhaag-daud rahegi, meetings me vyast rahenge. Jaldbazi me galti na karein.","Is mahine jodon me halka dard ho sakta hai, aaram karein. Subah ki dhoop faydemand hai.","Is mahine aarthik labh hoga, koi bonus ya gift mil sakta hai. Lekin kharch par niyantran rakhein.","",""
LEO,MONTHLY,7,"Is mahine partner aapko surprise de sakta hai, prem me nayi urja aayegi. Saath me kuch naya try karein.","Is mahine career me koi bada faisla lena pad sakta hai, savdhani se sochein. Kisi anubhavi se salah lein.","Is mahine sehat achhi rahegi, bas subah ka nashta skip na karein. Fresh fruit khayein.","Is mahine paisa aayega par kisi anavashyak cheez par kharch ho sakta hai. Ruk kar kharch karein.","",""
LEO,MONTHLY,8,"Is mahine partner se koi purani baat chubh sakti hai, khul kar baat karein. Chhoti baat ko bada na banayein.","Is mahine career me koi rukavat aa sakti hai, par dhairya se kaam lein. Koi purana project pura hoga.","Is mahine mansik tanav ho sakta hai, meditation karein. Neend poori karein.","Is mahine kisi dost se udhaar dene se bachein, warna paisa wapas nahi milega. Apne paise sambhal kar rakhein.","",""
LEO,MONTHLY,9,"Is mahine prem jeevan me shanti rahegi, partner ka sahyog milega. Kisi shubh karyakram me shirkat karne ka mauka milega.","Is mahine office me yojana ko sarahna milegi. Team ke saath milkar kaam karein to safalta milegi.","Is mahine pet aur digestion ka dhyan rakhein, ghar ka khana khayein. Paani adhik peeyein.","Is mahine aarthik sthiti sudhregi, koi purana nivesh fal dega. Nayi yojana banayein.","",""
LEO,MONTHLY,10,"Is mahine partner ke saath koi shubh samachar sunne ko milega. Rishta aur mazboot hoga.","Is mahine career me naya mauka milega, interview ya meeting me safalta milegi. Confidence se baat karein.","Is mahine sharir me halki sustee rahegi, vyayam karein. Bahar ka khana avoid karein.","Is mahine paisa aayega par kharch bhi hoga. Kisi ko daan karein to punya milega.","",""
LEO,MONTHLY,11,"Is mahine partner ki sehat ka dhyan rakhein, unke saath samay bitayein. Chhoti baat par jhagda na karein.","Is mahine office me koi purana kaam pura hoga, senior khush honge. Naye project ki taiyari karein.","Is mahine gale me halki kharish ho sakti hai, garm paani peekar rahat milegi. Zyada bolne se bachein.","Is mahine koi purana lend wapas milega. Lekin naye nivesh se pehle achhi tarah soch lein.","",""
LEO,MONTHLY,12,"Is mahine prem jeevan me utar-chadhav rahega, partner se baat karke sab theek ho jayega. Sabr rakhein.","Is mahine career me thodi deri ho sakti hai, par kaam poora hoga. Kisi colleague ki madad karein.","Is mahine sir dard ho sakta hai, stress kam karein. Paani adhik peeyein aur aaram karein.","Is mahine kharcha tez hoga, kisi bade nivesh se bachein. Budget banayein aur usi me rahein.","",""
LEO,MONTHLY,13,"Is mahine kisi purane rishte me nayi jaan aayegi, purane mitra se mulakat hogi. Dil ki baat kehne me jhijhak na karein.","Is mahine office me mehnat ki tareef hogi, promotion ke chances hain. Mehnat jaari rakhein.","Is mahine sehat achhi rahegi, bas subah walk zaroor karein. Junk food avoid karein.","Is mahine aarthik labh hoga, koi bonus ya gift mil sakta hai. Bachat par dhyan dein.","",""
LEO,MONTHLY,14,"Is mahine partner ke saath koi naya plan banega, ghoomne ka mauka milega. Saath me samay bitayein.","Is mahine career me koi naya mauka milega, turant haan na kahein. Soch samajh kar nirnay lein.","Is mahine thodi thakan mehsoos hogi, aaram karein. Neend poori karein aur stress kam karein.","Is mahine paisa aayega par kharch bhi hoga. Kisi zaruratmand ki madad karein, punya milega.","",""
LEO,MONTHLY,15,"Is mahine prem jeevan me shanti rahegi, partner ka sahyog milega. Kisi shubh karyakram me shirkat karne ka mauka milega.","Is mahine office me yojana ko sarahna milegi. Team ke saath milkar kaam karein to safalta milegi.","Is mahine pet aur digestion ka dhyan rakhein, ghar ka khana khayein. Paani adhik peeyein.","Is mahine aarthik sthiti sudhregi, koi purana nivesh fal dega. Nayi yojana banayein.","",""
LEO,MONTHLY,16,"Is mahine partner ke saath koi shubh samachar sunne ko milega. Rishta aur mazboot hoga.","Is mahine career me naya mauka milega, interview ya meeting me safalta milegi. Confidence se baat karein.","Is mahine sharir me halki sustee rahegi, vyayam karein. Bahar ka khana avoid karein.","Is mahine paisa aayega par kharch bhi hoga. Kisi ko daan karein to punya milega.","",""
LEO,MONTHLY,17,"Is mahine partner ki sehat ka dhyan rakhein, unke saath samay bitayein. Chhoti baat par jhagda na karein.","Is mahine office me koi purana kaam pura hoga, senior khush honge. Naye project ki taiyari karein.","Is mahine gale me halki kharish ho sakti hai, garm paani peekar rahat milegi. Zyada bolne se bachein.","Is mahine koi purana lend wapas milega. Lekin naye nivesh se pehle achhi tarah soch lein.","",""
LEO,MONTHLY,18,"Is mahine prem jeevan me utar-chadhav rahega, partner se baat karke sab theek ho jayega. Sabr rakhein.","Is mahine career me thodi deri ho sakti hai, par kaam poora hoga. Kisi colleague ki madad karein.","Is mahine sir dard ho sakta hai, stress kam karein. Paani adhik peeyein aur aaram karein.","Is mahine kharcha tez hoga, kisi bade nivesh se bachein. Budget banayein aur usi me rahein.","",""
LEO,MONTHLY,19,"Is mahine kisi purane rishte me nayi jaan aayegi, purane mitra se mulakat hogi. Dil ki baat kehne me jhijhak na karein.","Is mahine office me mehnat ki tareef hogi, promotion ke chances hain. Mehnat jaari rakhein.","Is mahine sehat achhi rahegi, bas subah walk zaroor karein. Junk food avoid karein.","Is mahine aarthik labh hoga, koi bonus ya gift mil sakta hai. Bachat par dhyan dein.","",""
LEO,MONTHLY,20,"Is mahine partner ke saath koi naya plan banega, ghoomne ka mauka milega. Saath me samay bitayein.","Is mahine career me koi naya mauka milega, turant haan na kahein. Soch samajh kar nirnay lein.","Is mahine thodi thakan mehsoos hogi, aaram karein. Neend poori karein aur stress kam karein.","Is mahine paisa aayega par kharch bhi hoga. Kisi zaruratmand ki madad karein, punya milega.","",""
LEO,MONTHLY,21,"Is mahine prem jeevan me shanti rahegi, partner ka sahyog milega. Kisi shubh karyakram me shirkat karne ka mauka milega.","Is mahine office me yojana ko sarahna milegi. Team ke saath milkar kaam karein to safalta milegi.","Is mahine pet aur digestion ka dhyan rakhein, ghar ka khana khayein. Paani adhik peeyein.","Is mahine aarthik sthiti sudhregi, koi purana nivesh fal dega. Nayi yojana banayein.","",""
LEO,MONTHLY,22,"Is mahine partner ke saath koi shubh samachar sunne ko milega. Rishta aur mazboot hoga.","Is mahine career me naya mauka milega, interview ya meeting me safalta milegi. Confidence se baat karein.","Is mahine sharir me halki sustee rahegi, vyayam karein. Bahar ka khana avoid karein.","Is mahine paisa aayega par kharch bhi hoga. Kisi ko daan karein to punya milega.","",""
LEO,MONTHLY,23,"Is mahine partner ki sehat ka dhyan rakhein, unke saath samay bitayein. Chhoti baat par jhagda na karein.","Is mahine office me koi purana kaam pura hoga, senior khush honge. Naye project ki taiyari karein.","Is mahine gale me halki kharish ho sakti hai, garm paani peekar rahat milegi. Zyada bolne se bachein.","Is mahine koi purana lend wapas milega. Lekin naye nivesh se pehle achhi tarah soch lein.","",""
LEO,MONTHLY,24,"Is mahine prem jeevan me utar-chadhav rahega, partner se baat karke sab theek ho jayega. Sabr rakhein.","Is mahine career me thodi deri ho sakti hai, par kaam poora hoga. Kisi colleague ki madad karein.","Is mahine sir dard ho sakta hai, stress kam karein. Paani adhik peeyein aur aaram karein.","Is mahine kharcha tez hoga, kisi bade nivesh se bachein. Budget banayein aur usi me rahein.","",""
LEO,MONTHLY,25,"Is mahine kisi purane rishte me nayi jaan aayegi, purane mitra se mulakat hogi. Dil ki baat kehne me jhijhak na karein.","Is mahine office me mehnat ki tareef hogi, promotion ke chances hain. Mehnat jaari rakhein.","Is mahine sehat achhi rahegi, bas subah walk zaroor karein. Junk food avoid karein.","Is mahine aarthik labh hoga, koi bonus ya gift mil sakta hai. Bachat par dhyan dein.","",""
LEO,MONTHLY,26,"Is mahine partner ke saath koi naya plan banega, ghoomne ka mauka milega. Saath me samay bitayein.","Is mahine career me koi naya mauka milega, turant haan na kahein. Soch samajh kar nirnay lein.","Is mahine thodi thakan mehsoos hogi, aaram karein. Neend poori karein aur stress kam karein.","Is mahine paisa aayega par kharch bhi hoga. Kisi zaruratmand ki madad karein, punya milega.","",""
LEO,MONTHLY,27,"Is mahine prem jeevan me shanti rahegi, partner ka sahyog milega. Kisi shubh karyakram me shirkat karne ka mauka milega.","Is mahine office me yojana ko sarahna milegi. Team ke saath milkar kaam karein to safalta milegi.","Is mahine pet aur digestion ka dhyan rakhein, ghar ka khana khayein. Paani adhik peeyein.","Is mahine aarthik sthiti sudhregi, koi purana nivesh fal dega. Nayi yojana banayein.","",""
LEO,MONTHLY,28,"Is mahine partner ke saath koi shubh samachar sunne ko milega. Rishta aur mazboot hoga.","Is mahine career me naya mauka milega, interview ya meeting me safalta milegi. Confidence se baat karein.","Is mahine sharir me halki sustee rahegi, vyayam karein. Bahar ka khana avoid karein.","Is mahine paisa aayega par kharch bhi hoga. Kisi ko daan karein to punya milega.","",""
LEO,MONTHLY,29,"Is mahine partner ki sehat ka dhyan rakhein, unke saath samay bitayein. Chhoti baat par jhagda na karein.","Is mahine office me koi purana kaam pura hoga, senior khush honge. Naye project ki taiyari karein.","Is mahine gale me halki kharish ho sakti hai, garm paani peekar rahat milegi. Zyada bolne se bachein.","Is mahine koi purana lend wapas milega. Lekin naye nivesh se pehle achhi tarah soch lein.","",""
LEO,YEARLY,0,"Is saal prem jeevan me badi urja aayegi, vivah ke yog ban sakte hain ya purana rishta gahra hoga. Partner ke saath samay bitane ka khoob mauka milega.","Is saal career me bada badlav sambhav hai, naukri badal sakti hai ya promotion milegi. Mehnat ka poora fal zaroor milega.","Is saal sehat achhi rahegi, bas niyamit vyayam aur santulit ahar apnayein. Stress kam karein aur neend poori karein.","Is saal aarthik sthiti majboot hogi, koi bada nivesh fal dega. Lekin faltu kharch se bachein aur bachat karein.","",""
VIRGO,TODAY,0,"Aaj partner ke saath samay bitane ka mauka milega, purani galatfehmi door hogi. Dil ki baat khul kar kehna aaj aapke rishte ko mazboot banayega.","Career me aaj koi naya kaam shuru karne ka mauka mil sakta hai, senior ka sahyog milega. Jaldbazi na karein, soch samajh kar kadam uthayein.","Aaj sehat achhi rahegi, bas subah walk zaroor karein. Zyada thanda aur fried khane se bachein.","Aaj paisa aayega, kisi purane lend ka paisa wapas mil sakta hai. Lekin faltu kharch se bachein.","5","Green"
VIRGO,TODAY,1,"Aaj prem jeevan me nayi urja aayegi, koi purana mitra mil sakta hai. Partner ki baat dhyan se sunein, jhagda ho sakta hai.","Office me aapki mehnat ki tareef hogi, promotion ke chances hain. Colleagues ke saath mil kar kaam karein.","Aaj thodi thakan mehsoos hogi, aaram karein. Paani adhik peeyein aur stress kam karein.","Aaj kharcha thoda zyada ho sakta hai, budget banayein. Kisi naye nivesh se pehle soch-vichar karein.","12","Yellow"
VIRGO,TODAY,2,"Aaj partner ke saath koi purana mamla sulah ho sakta hai. Rishte me vishwas badhega aur madhurta aayegi.","Career me aaj koi rukavat aa sakti hai, dhairya rakhein. Kisi colleague se salah lein to fayda hoga.","Aaj gale aur sans me halki takleef ho sakti hai. Garm kapde pehnein aur thanda na khayein.","Aaj paisa aayega par kharch bhi hoga. Kisi zaruratmand ki madad karein, punya milega.","18","Blue"
VIRGO,TODAY,3,"Aaj kisi khaas insaan se mulaqat hogi jo aapka din bana degi. Purane jhagde sulah ho sakte hain.","Aaj office me aapki raay ko mahatva milega. Kisi naye project ki zimmedari mil sakti hai.","Sehat ke liye aaj halka vyayam karein aur khub paani peeyein. Sir dard ho sakta hai.","Aaj aarthik sthiti majboot rahegi, koi purana karz chukane ka mauka milega.","23","Purple"
VIRGO,TODAY,4,"Aaj partner ke saath chhoti baat par takraar ho sakti hai, shaant rahein. Raat ko sulah ho jayegi.","Career me aaj koi naya mauka milega, turant haan na kahein. Soch samajh kar nirnay lein.","Aaj pet me halki gadbad ho sakti hai, halka khana khayein. Bahar ka khana avoid karein.","Aaj paisa haath me aayega par kharch bhi tez hoga. Bachat par dhyan dein.","27","Orange"
VIRGO,TODAY,5,"Aaj prem jeevan me madhurta rahegi, partner ke saath ghoomne ka mauka milega. Kisi purane mitra se mulakat hogi.","Aaj office me aapki mehnat ki sarahna hogi. Senior aapki baat maanenge, confidence rakhein.","Aaj urja se bharpur rahenge, vyayam karne ka mann karega. Lekin zyada garmi se bachein.","Aaj kisi naye kaam me nivesh karne ka mauka milega, soch samajh kar haan kahein.","3","White"
VIRGO,TODAY,6,"Aaj partner ke saath koi naya rishta shuru ho sakta hai ya purana gahra ho sakta hai. Dil ki baat kehne me jhijhak na karein.","Career me aaj thodi bhaag-daud rahegi, meetings me vyast rahenge. Jaldbazi me galti na karein.","Aaj jodon me halka dard ho sakta hai, aaram karein. Subah ki dhoop aapke liye faydemand hai.","Aaj aarthik labh hoga, koi bonus ya gift mil sakta hai. Lekin kharch par niyantran rakhein.","9","Pink"
VIRGO,TODAY,7,"Aaj partner aapko surprise de sakta hai, prem me nayi urja aayegi. Saath me kuch naya try karein.","Aaj career me koi bada faisla lena pad sakta hai, savdhani se sochein. Kisi anubhavi se salah lein.","Aaj sehat achhi rahegi, bas subah ka nashta skip na karein. Fresh fruit khayein.","Aaj paisa aayega par kisi anavashyak cheez par kharch ho sakta hai. Ruk kar kharch karein.","14","Maroon"
VIRGO,TODAY,8,"Aaj partner se koi purani baat chubh sakti hai, khul kar baat karein. Chhoti baat ko bada na banayein.","Career me aaj koi rukavat aa sakti hai, par dhairya se kaam lein. Koi purana project pura hoga.","Aaj mansik tanav ho sakta hai, meditation karein. Neend poori karein.","Aaj kisi dost se udhaar dene se bachein, warna paisa wapas nahi milega. Apne paise sambhal kar rakhein.","21","Grey"
VIRGO,TODAY,9,"Aaj prem jeevan me shanti rahegi, partner ka sahyog milega. Kisi shubh karyakram me shirkat karne ka mauka milega.","Aaj office me aapki yojana ko sarahna milegi. Team ke saath milkar kaam karein to safalta milegi.","Aaj pet aur digestion ka dhyan rakhein, ghar ka khana khayein. Paani adhik peeyein.","Aaj aarthik sthiti sudhregi, koi purana nivesh fal dega. Nayi yojana banayein.","7","Yellow"
VIRGO,TODAY,10,"Aaj partner ke saath koi shubh samachar sunne ko milega. Rishta aur mazboot hoga.","Aaj career me naya mauka milega, interview ya meeting me safalta milegi. Confidence se baat karein.","Aaj sharir me halki sustee rahegi, vyayam karein. Bahar ka khana avoid karein.","Aaj paisa aayega par kharch bhi hoga. Kisi ko daan karein to punya milega.","16","Red"
VIRGO,TODAY,11,"Aaj partner ki sehat ka dhyan rakhein, unke saath samay bitayein. Chhoti baat par jhagda na karein.","Aaj office me koi purana kaam pura hoga, senior khush honge. Naye project ki taiyari karein.","Aaj gale me halki kharish ho sakti hai, garm paani peekar rahat milegi. Zyada bolne se bachein.","Aaj koi purana lend wapas milega. Lekin naye nivesh se pehle achhi tarah soch lein.","25","Green"
VIRGO,TODAY,12,"Aaj prem jeevan me utar-chadhav rahega, partner se baat karke sab theek ho jayega. Sabr rakhein.","Aaj career me thodi deri ho sakti hai, par kaam poora hoga. Kisi colleague ki madad karein.","Aaj sir dard ho sakta hai, stress kam karein. Paani adhik peeyein aur aaram karein.","Aaj kharcha tez hoga, kisi bade nivesh se bachein. Budget banayein aur usi me rahein.","2","Yellow"
VIRGO,TODAY,13,"Aaj kisi purane rishte me nayi jaan aayegi, purane mitra se mulakat hogi. Dil ki baat kehne me jhijhak na karein.","Aaj office me aapki mehnat ki tareef hogi, promotion ke chances hain. Mehnat jaari rakhein.","Aaj sehat achhi rahegi, bas subah walk zaroor karein. Junk food avoid karein.","Aaj aarthik labh hoga, koi bonus ya gift mil sakta hai. Bachat par dhyan dein.","11","Blue"
VIRGO,TODAY,14,"Aaj partner ke saath koi naya plan banega, ghoomne ka mauka milega. Saath me samay bitayein.","Aaj career me koi naya mauka milega, turant haan na kahein. Soch samajh kar nirnay lein.","Aaj thodi thakan mehsoos hogi, aaram karein. Neend poori karein aur stress kam karein.","Aaj paisa aayega par kharch bhi hoga. Kisi zaruratmand ki madad karein, punya milega.","19","Pink"
VIRGO,TODAY,15,"Aaj prem jeevan me shanti rahegi, partner ka sahyog milega. Kisi shubh karyakram me shirkat karne ka mauka milega.","Aaj office me aapki yojana ko sarahna milegi. Team ke saath milkar kaam karein to safalta milegi.","Aaj pet aur digestion ka dhyan rakhein, ghar ka khana khayein. Paani adhik peeyein.","Aaj aarthik sthiti sudhregi, koi purana nivesh fal dega. Nayi yojana banayein.","4","White"
VIRGO,TODAY,16,"Aaj partner ke saath koi shubh samachar sunne ko milega. Rishta aur mazboot hoga.","Aaj career me naya mauka milega, interview ya meeting me safalta milegi. Confidence se baat karein.","Aaj sharir me halki sustee rahegi, vyayam karein. Bahar ka khana avoid karein.","Aaj paisa aayega par kharch bhi hoga. Kisi ko daan karein to punya milega.","28","Orange"
VIRGO,TODAY,17,"Aaj partner ki sehat ka dhyan rakhein, unke saath samay bitayein. Chhoti baat par jhagda na karein.","Aaj office me koi purana kaam pura hoga, senior khush honge. Naye project ki taiyari karein.","Aaj gale me halki kharish ho sakti hai, garm paani peekar rahat milegi. Zyada bolne se bachein.","Aaj koi purana lend wapas milega. Lekin naye nivesh se pehle achhi tarah soch lein.","6","Purple"
VIRGO,TODAY,18,"Aaj prem jeevan me utar-chadhav rahega, partner se baat karke sab theek ho jayega. Sabr rakhein.","Aaj career me thodi deri ho sakti hai, par kaam poora hoga. Kisi colleague ki madad karein.","Aaj sir dard ho sakta hai, stress kam karein. Paani adhik peeyein aur aaram karein.","Aaj kharcha tez hoga, kisi bade nivesh se bachein. Budget banayein aur usi me rahein.","13","Grey"
VIRGO,TODAY,19,"Aaj kisi purane rishte me nayi jaan aayegi, purane mitra se mulakat hogi. Dil ki baat kehne me jhijhak na karein.","Aaj office me aapki mehnat ki tareef hogi, promotion ke chances hain. Mehnat jaari rakhein.","Aaj sehat achhi rahegi, bas subah walk zaroor karein. Junk food avoid karein.","Aaj aarthik labh hoga, koi bonus ya gift mil sakta hai. Bachat par dhyan dein.","22","Yellow"
VIRGO,TODAY,20,"Aaj partner ke saath koi naya plan banega, ghoomne ka mauka milega. Saath me samay bitayein.","Aaj career me koi naya mauka milega, turant haan na kahein. Soch samajh kar nirnay lein.","Aaj thodi thakan mehsoos hogi, aaram karein. Neend poori karein aur stress kam karein.","Aaj paisa aayega par kharch bhi hoga. Kisi zaruratmand ki madad karein, punya milega.","8","Green"
VIRGO,TODAY,21,"Aaj prem jeevan me shanti rahegi, partner ka sahyog milega. Kisi shubh karyakram me shirkat karne ka mauka milega.","Aaj office me aapki yojana ko sarahna milegi. Team ke saath milkar kaam karein to safalta milegi.","Aaj pet aur digestion ka dhyan rakhein, ghar ka khana khayein. Paani adhik peeyein.","Aaj aarthik sthiti sudhregi, koi purana nivesh fal dega. Nayi yojana banayein.","17","Blue"
VIRGO,TODAY,22,"Aaj partner ke saath koi shubh samachar sunne ko milega. Rishta aur mazboot hoga.","Aaj career me naya mauka milega, interview ya meeting me safalta milegi. Confidence se baat karein.","Aaj sharir me halki sustee rahegi, vyayam karein. Bahar ka khana avoid karein.","Aaj paisa aayega par kharch bhi hoga. Kisi ko daan karein to punya milega.","26","Pink"
VIRGO,TODAY,23,"Aaj partner ki sehat ka dhyan rakhein, unke saath samay bitayein. Chhoti baat par jhagda na karein.","Aaj office me koi purana kaam pura hoga, senior khush honge. Naye project ki taiyari karein.","Aaj gale me halki kharish ho sakti hai, garm paani peekar rahat milegi. Zyada bolne se bachein.","Aaj koi purana lend wapas milega. Lekin naye nivesh se pehle achhi tarah soch lein.","1","White"
VIRGO,TODAY,24,"Aaj prem jeevan me utar-chadhav rahega, partner se baat karke sab theek ho jayega. Sabr rakhein.","Aaj career me thodi deri ho sakti hai, par kaam poora hoga. Kisi colleague ki madad karein.","Aaj sir dard ho sakta hai, stress kam karein. Paani adhik peeyein aur aaram karein.","Aaj kharcha tez hoga, kisi bade nivesh se bachein. Budget banayein aur usi me rahein.","15","Maroon"
VIRGO,TODAY,25,"Aaj kisi purane rishte me nayi jaan aayegi, purane mitra se mulakat hogi. Dil ki baat kehne me jhijhak na karein.","Aaj office me aapki mehnat ki tareef hogi, promotion ke chances hain. Mehnat jaari rakhein.","Aaj sehat achhi rahegi, bas subah walk zaroor karein. Junk food avoid karein.","Aaj aarthik labh hoga, koi bonus ya gift mil sakta hai. Bachat par dhyan dein.","24","Grey"
VIRGO,TODAY,26,"Aaj partner ke saath koi naya plan banega, ghoomne ka mauka milega. Saath me samay bitayein.","Aaj career me koi naya mauka milega, turant haan na kahein. Soch samajh kar nirnay lein.","Aaj thodi thakan mehsoos hogi, aaram karein. Neend poori karein aur stress kam karein.","Aaj paisa aayega par kharch bhi hoga. Kisi zaruratmand ki madad karein, punya milega.","10","Yellow"
VIRGO,TODAY,27,"Aaj prem jeevan me shanti rahegi, partner ka sahyog milega. Kisi shubh karyakram me shirkat karne ka mauka milega.","Aaj office me aapki yojana ko sarahna milegi. Team ke saath milkar kaam karein to safalta milegi.","Aaj pet aur digestion ka dhyan rakhein, ghar ka khana khayein. Paani adhik peeyein.","Aaj aarthik sthiti sudhregi, koi purana nivesh fal dega. Nayi yojana banayein.","29","Red"
VIRGO,TODAY,28,"Aaj partner ke saath koi shubh samachar sunne ko milega. Rishta aur mazboot hoga.","Aaj career me naya mauka milega, interview ya meeting me safalta milegi. Confidence se baat karein.","Aaj sharir me halki sustee rahegi, vyayam karein. Bahar ka khana avoid karein.","Aaj paisa aayega par kharch bhi hoga. Kisi ko daan karein to punya milega.","20","Green"
VIRGO,TODAY,29,"Aaj partner ki sehat ka dhyan rakhein, unke saath samay bitayein. Chhoti baat par jhagda na karein.","Aaj office me koi purana kaam pura hoga, senior khush honge. Naye project ki taiyari karein.","Aaj gale me halki kharish ho sakti hai, garm paani peekar rahat milegi. Zyada bolne se bachein.","Aaj koi purana lend wapas milega. Lekin naye nivesh se pehle achhi tarah soch lein.","30","Blue"
VIRGO,YESTERDAY,0,"Kal partner ke saath samay bitane ka mauka mila tha, purani galatfehmi door hui. Dil ki baat khul kar kehna rishte ko mazboot banata hai.","Kal career me koi naya kaam shuru karne ka mauka mila tha, senior ka sahyog mila. Jaldbazi na karna hi samajhdari hai.","Kal sehat achhi rahi, subah walk ka fayda mila. Thanda aur fried khane se bachna chahiye.","Kal paisa aaya, kisi purane lend ka paisa wapas mila. Lekin faltu kharch se bachna chahiye.","",""
VIRGO,YESTERDAY,1,"Kal prem jeevan me nayi urja aayi, koi purana mitra mila. Partner ki baat dhyan se sunni chahiye thi.","Kal office me mehnat ki tareef hui, promotion ke chances bane. Colleagues ke saath milkar kaam karna faydemand raha.","Kal thodi thakan mehsoos hui, aaram karna zaroori tha. Paani adhik peena aur stress kam karna chahiye.","Kal kharcha thoda zyada ho gaya, budget banane ki zarurat thi. Naye nivesh se pehle soch-vichar karna chahiye.","",""
VIRGO,YESTERDAY,2,"Kal partner ke saath koi purana mamla sulah hua. Rishte me vishwas badha aur madhurta aayi.","Kal career me koi rukavat aayi thi, dhairya rakhna zaroori tha. Kisi colleague se salah lena faydemand raha.","Kal gale aur sans me halki takleef hui. Garm kapde pehenna aur thanda na khana chahiye.","Kal paisa aaya par kharch bhi hua. Kisi zaruratmand ki madad karne se punya mila.","",""
VIRGO,YESTERDAY,3,"Kal kisi khaas insaan se mulaqat hui jo din bana gayi. Purane jhagde sulah ho gaye.","Kal office me raay ko mahatva mila. Kisi naye project ki zimmedari mili.","Kal sehat ke liye halka vyayam karna aur khub paani peena faydemand raha. Sir dard ho sakta tha.","Kal aarthik sthiti majboot rahi, koi purana karz chukane ka mauka mila.","",""
VIRGO,YESTERDAY,4,"Kal partner ke saath chhoti baat par takraar hui thi, shaant rehna chahiye tha. Raat ko sulah ho gayi.","Kal career me koi naya mauka mila, turant haan nahi kehna chahiye tha. Soch samajh kar nirnay lena chahiye.","Kal pet me halki gadbad hui, halka khana khana chahiye tha. Bahar ka khana avoid karna chahiye.","Kal paisa haath me aaya par kharch bhi tez hua. Bachat par dhyan dena chahiye tha.","",""
VIRGO,YESTERDAY,5,"Kal prem jeevan me madhurta rahi, partner ke saath ghoomne ka mauka mila. Kisi purane mitra se mulakat hui.","Kal office me mehnat ki sarahna hui. Senior ne baat maani, confidence rakhna chahiye tha.","Kal urja se bharpur rahe, vyayam karne ka mann kiya. Lekin zyada garmi se bachna chahiye tha.","Kal kisi naye kaam me nivesh karne ka mauka mila, soch samajh kar haan kehna chahiye tha.","",""
VIRGO,YESTERDAY,6,"Kal partner ke saath koi naya rishta shuru hua ya purana gahra hua. Dil ki baat kehne me jhijhak nahi karni chahiye thi.","Kal career me thodi bhaag-daud rahi, meetings me vyast rahe. Jaldbazi me galti nahi karni chahiye thi.","Kal jodon me halka dard hua, aaram karna chahiye tha. Subah ki dhoop faydemand rahi.","Kal aarthik labh hua, koi bonus ya gift mila. Lekin kharch par niyantran rakhna chahiye tha.","",""
VIRGO,YESTERDAY,7,"Kal partner ne surprise diya, prem me nayi urja aayi. Saath me kuch naya try karna chahiye tha.","Kal career me koi bada faisla lena pada, savdhani se sochna chahiye tha. Kisi anubhavi se salah leni chahiye thi.","Kal sehat achhi rahi, bas subah ka nashta skip nahi karna chahiye tha. Fresh fruit khane chahiye the.","Kal paisa aaya par kisi anavashyak cheez par kharch ho gaya. Ruk kar kharch karna chahiye tha.","",""
VIRGO,YESTERDAY,8,"Kal partner se koi purani baat chubhi thi, khul kar baat karni chahiye thi. Chhoti baat ko bada nahi banana chahiye tha.","Kal career me koi rukavat aayi, par dhairya se kaam liya. Koi purana project pura hua.","Kal mansik tanav hua, meditation karna chahiye tha. Neend poori karni chahiye thi.","Kal kisi dost se udhaar dena nahi chahiye tha, warna paisa wapas nahi milta. Apne paise sambhal kar rakhne chahiye the.","",""
VIRGO,YESTERDAY,9,"Kal prem jeevan me shanti rahi, partner ka sahyog mila. Kisi shubh karyakram me shirkat karne ka mauka mila.","Kal office me yojana ko sarahna mili. Team ke saath milkar kaam karne se safalta mili.","Kal pet aur digestion ka dhyan rakhna chahiye tha, ghar ka khana khana chahiye tha. Paani adhik peena chahiye tha.","Kal aarthik sthiti sudhri, koi purana nivesh fal diya. Nayi yojana banani chahiye thi.","",""
VIRGO,YESTERDAY,10,"Kal partner ke saath koi shubh samachar sunne ko mila. Rishta aur mazboot hua.","Kal career me naya mauka mila, interview ya meeting me safalta mili. Confidence se baat karni chahiye thi.","Kal sharir me halki sustee rahi, vyayam karna chahiye tha. Bahar ka khana avoid karna chahiye tha.","Kal paisa aaya par kharch bhi hua. Kisi ko daan karne se punya mila.","",""
VIRGO,YESTERDAY,11,"Kal partner ki sehat ka dhyan rakhna chahiye tha, unke saath samay bitana chahiye tha. Chhoti baat par jhagda nahi karna chahiye tha.","Kal office me koi purana kaam pura hua, senior khush hue. Naye project ki taiyari karni chahiye thi.","Kal gale me halki kharish hui, garm paani peekar rahat mili. Zyada bolne se bachna chahiye tha.","Kal koi purana lend wapas mila. Lekin naye nivesh se pehle achhi tarah sochna chahiye tha.","",""
VIRGO,YESTERDAY,12,"Kal prem jeevan me utar-chadhav raha, partner se baat karke sab theek ho gaya. Sabr rakhna chahiye tha.","Kal career me thodi deri hui, par kaam poora hua. Kisi colleague ki madad karni chahiye thi.","Kal sir dard hua, stress kam karna chahiye tha. Paani adhik peena aur aaram karna chahiye tha.","Kal kharcha tez hua, kisi bade nivesh se bachna chahiye tha. Budget banakar usi me rehna chahiye tha.","",""
VIRGO,YESTERDAY,13,"Kal kisi purane rishte me nayi jaan aayi, purane mitra se mulakat hui. Dil ki baat kehne me jhijhak nahi karni chahiye thi.","Kal office me mehnat ki tareef hui, promotion ke chances bane. Mehnat jaari rakhni chahiye thi.","Kal sehat achhi rahi, bas subah walk karni chahiye thi. Junk food avoid karna chahiye tha.","Kal aarthik labh hua, koi bonus ya gift mila. Bachat par dhyan dena chahiye tha.","",""
VIRGO,YESTERDAY,14,"Kal partner ke saath koi naya plan bana, ghoomne ka mauka mila. Saath me samay bitana chahiye tha.","Kal career me koi naya mauka mila, turant haan nahi kehna chahiye tha. Soch samajh kar nirnay lena chahiye tha.","Kal thodi thakan mehsoos hui, aaram karna chahiye tha. Neend poori karni chahiye thi aur stress kam karna chahiye tha.","Kal paisa aaya par kharch bhi hua. Kisi zaruratmand ki madad karne se punya mila.","",""
VIRGO,YESTERDAY,15,"Kal prem jeevan me shanti rahi, partner ka sahyog mila. Kisi shubh karyakram me shirkat karne ka mauka mila.","Kal office me yojana ko sarahna mili. Team ke saath milkar kaam karne se safalta mili.","Kal pet aur digestion ka dhyan rakhna chahiye tha, ghar ka khana khana chahiye tha. Paani adhik peena chahiye tha.","Kal aarthik sthiti sudhri, koi purana nivesh fal diya. Nayi yojana banani chahiye thi.","",""
VIRGO,YESTERDAY,16,"Kal partner ke saath koi shubh samachar sunne ko mila. Rishta aur mazboot hua.","Kal career me naya mauka mila, interview ya meeting me safalta mili. Confidence se baat karni chahiye thi.","Kal sharir me halki sustee rahi, vyayam karna chahiye tha. Bahar ka khana avoid karna chahiye tha.","Kal paisa aaya par kharch bhi hua. Kisi ko daan karne se punya mila.","",""
VIRGO,YESTERDAY,17,"Kal partner ki sehat ka dhyan rakhna chahiye tha, unke saath samay bitana chahiye tha. Chhoti baat par jhagda nahi karna chahiye tha.","Kal office me koi purana kaam pura hua, senior khush hue. Naye project ki taiyari karni chahiye thi.","Kal gale me halki kharish hui, garm paani peekar rahat mili. Zyada bolne se bachna chahiye tha.","Kal koi purana lend wapas mila. Lekin naye nivesh se pehle achhi tarah sochna chahiye tha.","",""
VIRGO,YESTERDAY,18,"Kal prem jeevan me utar-chadhav raha, partner se baat karke sab theek ho gaya. Sabr rakhna chahiye tha.","Kal career me thodi deri hui, par kaam poora hua. Kisi colleague ki madad karni chahiye thi.","Kal sir dard hua, stress kam karna chahiye tha. Paani adhik peena aur aaram karna chahiye tha.","Kal kharcha tez hua, kisi bade nivesh se bachna chahiye tha. Budget banakar usi me rehna chahiye tha.","",""
VIRGO,YESTERDAY,19,"Kal kisi purane rishte me nayi jaan aayi, purane mitra se mulakat hui. Dil ki baat kehne me jhijhak nahi karni chahiye thi.","Kal office me mehnat ki tareef hui, promotion ke chances bane. Mehnat jaari rakhni chahiye thi.","Kal sehat achhi rahi, bas subah walk karni chahiye thi. Junk food avoid karna chahiye tha.","Kal aarthik labh hua, koi bonus ya gift mila. Bachat par dhyan dena chahiye tha.","",""
VIRGO,YESTERDAY,20,"Kal partner ke saath koi naya plan bana, ghoomne ka mauka mila. Saath me samay bitana chahiye tha.","Kal career me koi naya mauka mila, turant haan nahi kehna chahiye tha. Soch samajh kar nirnay lena chahiye tha.","Kal thodi thakan mehsoos hui, aaram karna chahiye tha. Neend poori karni chahiye thi aur stress kam karna chahiye tha.","Kal paisa aaya par kharch bhi hua. Kisi zaruratmand ki madad karne se punya mila.","",""
VIRGO,YESTERDAY,21,"Kal prem jeevan me shanti rahi, partner ka sahyog mila. Kisi shubh karyakram me shirkat karne ka mauka mila.","Kal office me yojana ko sarahna mili. Team ke saath milkar kaam karne se safalta mili.","Kal pet aur digestion ka dhyan rakhna chahiye tha, ghar ka khana khana chahiye tha. Paani adhik peena chahiye tha.","Kal aarthik sthiti sudhri, koi purana nivesh fal diya. Nayi yojana banani chahiye thi.","",""
VIRGO,YESTERDAY,22,"Kal partner ke saath koi shubh samachar sunne ko mila. Rishta aur mazboot hua.","Kal career me naya mauka mila, interview ya meeting me safalta mili. Confidence se baat karni chahiye thi.","Kal sharir me halki sustee rahi, vyayam karna chahiye tha. Bahar ka khana avoid karna chahiye tha.","Kal paisa aaya par kharch bhi hua. Kisi ko daan karne se punya mila.","",""
VIRGO,YESTERDAY,23,"Kal partner ki sehat ka dhyan rakhna chahiye tha, unke saath samay bitana chahiye tha. Chhoti baat par jhagda nahi karna chahiye tha.","Kal office me koi purana kaam pura hua, senior khush hue. Naye project ki taiyari karni chahiye thi.","Kal gale me halki kharish hui, garm paani peekar rahat mili. Zyada bolne se bachna chahiye tha.","Kal koi purana lend wapas mila. Lekin naye nivesh se pehle achhi tarah sochna chahiye tha.","",""
VIRGO,YESTERDAY,24,"Kal prem jeevan me utar-chadhav raha, partner se baat karke sab theek ho gaya. Sabr rakhna chahiye tha.","Kal career me thodi deri hui, par kaam poora hua. Kisi colleague ki madad karni chahiye thi.","Kal sir dard hua, stress kam karna chahiye tha. Paani adhik peena aur aaram karna chahiye tha.","Kal kharcha tez hua, kisi bade nivesh se bachna chahiye tha. Budget banakar usi me rehna chahiye tha.","",""
VIRGO,YESTERDAY,25,"Kal kisi purane rishte me nayi jaan aayi, purane mitra se mulakat hui. Dil ki baat kehne me jhijhak nahi karni chahiye thi.","Kal office me mehnat ki tareef hui, promotion ke chances bane. Mehnat jaari rakhni chahiye thi.","Kal sehat achhi rahi, bas subah walk karni chahiye thi. Junk food avoid karna chahiye tha.","Kal aarthik labh hua, koi bonus ya gift mila. Bachat par dhyan dena chahiye tha.","",""
VIRGO,YESTERDAY,26,"Kal partner ke saath koi naya plan bana, ghoomne ka mauka mila. Saath me samay bitana chahiye tha.","Kal career me koi naya mauka mila, turant haan nahi kehna chahiye tha. Soch samajh kar nirnay lena chahiye tha.","Kal thodi thakan mehsoos hui, aaram karna chahiye tha. Neend poori karni chahiye thi aur stress kam karna chahiye tha.","Kal paisa aaya par kharch bhi hua. Kisi zaruratmand ki madad karne se punya mila.","",""
VIRGO,YESTERDAY,27,"Kal prem jeevan me shanti rahi, partner ka sahyog mila. Kisi shubh karyakram me shirkat karne ka mauka mila.","Kal office me yojana ko sarahna mili. Team ke saath milkar kaam karne se safalta mili.","Kal pet aur digestion ka dhyan rakhna chahiye tha, ghar ka khana khana chahiye tha. Paani adhik peena chahiye tha.","Kal aarthik sthiti sudhri, koi purana nivesh fal diya. Nayi yojana banani chahiye thi.","",""
VIRGO,YESTERDAY,28,"Kal partner ke saath koi shubh samachar sunne ko mila. Rishta aur mazboot hua.","Kal career me naya mauka mila, interview ya meeting me safalta mili. Confidence se baat karni chahiye thi.","Kal sharir me halki sustee rahi, vyayam karna chahiye tha. Bahar ka khana avoid karna chahiye tha.","Kal paisa aaya par kharch bhi hua. Kisi ko daan karne se punya mila.","",""
VIRGO,YESTERDAY,29,"Kal partner ki sehat ka dhyan rakhna chahiye tha, unke saath samay bitana chahiye tha. Chhoti baat par jhagda nahi karna chahiye tha.","Kal office me koi purana kaam pura hua, senior khush hue. Naye project ki taiyari karni chahiye thi.","Kal gale me halki kharish hui, garm paani peekar rahat mili. Zyada bolne se bachna chahiye tha.","Kal koi purana lend wapas mila. Lekin naye nivesh se pehle achhi tarah sochna chahiye tha.","",""
VIRGO,TOMORROW,0,"Kal partner ke saath samay bitane ka mauka milega, purani galatfehmi door hogi. Dil ki baat khul kar kehna rishte ko mazboot banayega.","Kal career me koi naya kaam shuru karne ka mauka mil sakta hai, senior ka sahyog milega. Jaldbazi na karein.","Kal sehat achhi rahegi, subah walk zaroor karein. Thanda aur fried khane se bachein.","Kal paisa aayega, kisi purane lend ka paisa wapas mil sakta hai. Lekin faltu kharch se bachein.","",""
VIRGO,TOMORROW,1,"Kal prem jeevan me nayi urja aayegi, koi purana mitra mil sakta hai. Partner ki baat dhyan se sunein.","Kal office me mehnat ki tareef hogi, promotion ke chances hain. Colleagues ke saath milkar kaam karein.","Kal thodi thakan mehsoos hogi, aaram karein. Paani adhik peeyein aur stress kam karein.","Kal kharcha thoda zyada ho sakta hai, budget banayein. Naye nivesh se pehle soch-vichar karein.","",""
VIRGO,TOMORROW,2,"Kal partner ke saath koi purana mamla sulah ho sakta hai. Rishte me vishwas badhega aur madhurta aayegi.","Kal career me koi rukavat aa sakti hai, dhairya rakhein. Kisi colleague se salah lein to fayda hoga.","Kal gale aur sans me halki takleef ho sakti hai. Garm kapde pehnein aur thanda na khayein.","Kal paisa aayega par kharch bhi hoga. Kisi zaruratmand ki madad karein, punya milega.","",""
VIRGO,TOMORROW,3,"Kal kisi khaas insaan se mulaqat hogi jo din bana degi. Purane jhagde sulah ho sakte hain.","Kal office me raay ko mahatva milega. Kisi naye project ki zimmedari mil sakti hai.","Kal sehat ke liye halka vyayam karein aur khub paani peeyein. Sir dard ho sakta hai.","Kal aarthik sthiti majboot rahegi, koi purana karz chukane ka mauka milega.","",""
VIRGO,TOMORROW,4,"Kal partner ke saath chhoti baat par takraar ho sakti hai, shaant rahein. Raat ko sulah ho jayegi.","Kal career me koi naya mauka milega, turant haan na kahein. Soch samajh kar nirnay lein.","Kal pet me halki gadbad ho sakti hai, halka khana khayein. Bahar ka khana avoid karein.","Kal paisa haath me aayega par kharch bhi tez hoga. Bachat par dhyan dein.","",""
VIRGO,TOMORROW,5,"Kal prem jeevan me madhurta rahegi, partner ke saath ghoomne ka mauka milega. Kisi purane mitra se mulakat hogi.","Kal office me mehnat ki sarahna hogi. Senior aapki baat maanenge, confidence rakhein.","Kal urja se bharpur rahenge, vyayam karne ka mann karega. Lekin zyada garmi se bachein.","Kal kisi naye kaam me nivesh karne ka mauka milega, soch samajh kar haan kahein.","",""
VIRGO,TOMORROW,6,"Kal partner ke saath koi naya rishta shuru ho sakta hai ya purana gahra ho sakta hai. Dil ki baat kehne me jhijhak na karein.","Kal career me thodi bhaag-daud rahegi, meetings me vyast rahenge. Jaldbazi me galti na karein.","Kal jodon me halka dard ho sakta hai, aaram karein. Subah ki dhoop faydemand hai.","Kal aarthik labh hoga, koi bonus ya gift mil sakta hai. Lekin kharch par niyantran rakhein.","",""
VIRGO,TOMORROW,7,"Kal partner aapko surprise de sakta hai, prem me nayi urja aayegi. Saath me kuch naya try karein.","Kal career me koi bada faisla lena pad sakta hai, savdhani se sochein. Kisi anubhavi se salah lein.","Kal sehat achhi rahegi, bas subah ka nashta skip na karein. Fresh fruit khayein.","Kal paisa aayega par kisi anavashyak cheez par kharch ho sakta hai. Ruk kar kharch karein.","",""
VIRGO,TOMORROW,8,"Kal partner se koi purani baat chubh sakti hai, khul kar baat karein. Chhoti baat ko bada na banayein.","Kal career me koi rukavat aa sakti hai, par dhairya se kaam lein. Koi purana project pura hoga.","Kal mansik tanav ho sakta hai, meditation karein. Neend poori karein.","Kal kisi dost se udhaar dene se bachein, warna paisa wapas nahi milega. Apne paise sambhal kar rakhein.","",""
VIRGO,TOMORROW,9,"Kal prem jeevan me shanti rahegi, partner ka sahyog milega. Kisi shubh karyakram me shirkat karne ka mauka milega.","Kal office me yojana ko sarahna milegi. Team ke saath milkar kaam karein to safalta milegi.","Kal pet aur digestion ka dhyan rakhein, ghar ka khana khayein. Paani adhik peeyein.","Kal aarthik sthiti sudhregi, koi purana nivesh fal dega. Nayi yojana banayein.","",""
VIRGO,TOMORROW,10,"Kal partner ke saath koi shubh samachar sunne ko milega. Rishta aur mazboot hoga.","Kal career me naya mauka milega, interview ya meeting me safalta milegi. Confidence se baat karein.","Kal sharir me halki sustee rahegi, vyayam karein. Bahar ka khana avoid karein.","Kal paisa aayega par kharch bhi hoga. Kisi ko daan karein to punya milega.","",""
VIRGO,TOMORROW,11,"Kal partner ki sehat ka dhyan rakhein, unke saath samay bitayein. Chhoti baat par jhagda na karein.","Kal office me koi purana kaam pura hoga, senior khush honge. Naye project ki taiyari karein.","Kal gale me halki kharish ho sakti hai, garm paani peekar rahat milegi. Zyada bolne se bachein.","Kal koi purana lend wapas milega. Lekin naye nivesh se pehle achhi tarah soch lein.","",""
VIRGO,TOMORROW,12,"Kal prem jeevan me utar-chadhav rahega, partner se baat karke sab theek ho jayega. Sabr rakhein.","Kal career me thodi deri ho sakti hai, par kaam poora hoga. Kisi colleague ki madad karein.","Kal sir dard ho sakta hai, stress kam karein. Paani adhik peeyein aur aaram karein.","Kal kharcha tez hoga, kisi bade nivesh se bachein. Budget banayein aur usi me rahein.","",""
VIRGO,TOMORROW,13,"Kal kisi purane rishte me nayi jaan aayegi, purane mitra se mulakat hogi. Dil ki baat kehne me jhijhak na karein.","Kal office me mehnat ki tareef hogi, promotion ke chances hain. Mehnat jaari rakhein.","Kal sehat achhi rahegi, bas subah walk zaroor karein. Junk food avoid karein.","Kal aarthik labh hoga, koi bonus ya gift mil sakta hai. Bachat par dhyan dein.","",""
VIRGO,TOMORROW,14,"Kal partner ke saath koi naya plan banega, ghoomne ka mauka milega. Saath me samay bitayein.","Kal career me koi naya mauka milega, turant haan na kahein. Soch samajh kar nirnay lein.","Kal thodi thakan mehsoos hogi, aaram karein. Neend poori karein aur stress kam karein.","Kal paisa aayega par kharch bhi hoga. Kisi zaruratmand ki madad karein, punya milega.","",""
VIRGO,TOMORROW,15,"Kal prem jeevan me shanti rahegi, partner ka sahyog milega. Kisi shubh karyakram me shirkat karne ka mauka milega.","Kal office me yojana ko sarahna milegi. Team ke saath milkar kaam karein to safalta milegi.","Kal pet aur digestion ka dhyan rakhein, ghar ka khana khayein. Paani adhik peeyein.","Kal aarthik sthiti sudhregi, koi purana nivesh fal dega. Nayi yojana banayein.","",""
VIRGO,TOMORROW,16,"Kal partner ke saath koi shubh samachar sunne ko milega. Rishta aur mazboot hoga.","Kal career me naya mauka milega, interview ya meeting me safalta milegi. Confidence se baat karein.","Kal sharir me halki sustee rahegi, vyayam karein. Bahar ka khana avoid karein.","Kal paisa aayega par kharch bhi hoga. Kisi ko daan karein to punya milega.","",""
VIRGO,TOMORROW,17,"Kal partner ki sehat ka dhyan rakhein, unke saath samay bitayein. Chhoti baat par jhagda na karein.","Kal office me koi purana kaam pura hoga, senior khush honge. Naye project ki taiyari karein.","Kal gale me halki kharish ho sakti hai, garm paani peekar rahat milegi. Zyada bolne se bachein.","Kal koi purana lend wapas milega. Lekin naye nivesh se pehle achhi tarah soch lein.","",""
VIRGO,TOMORROW,18,"Kal prem jeevan me utar-chadhav rahega, partner se baat karke sab theek ho jayega. Sabr rakhein.","Kal career me thodi deri ho sakti hai, par kaam poora hoga. Kisi colleague ki madad karein.","Kal sir dard ho sakta hai, stress kam karein. Paani adhik peeyein aur aaram karein.","Kal kharcha tez hoga, kisi bade nivesh se bachein. Budget banayein aur usi me rahein.","",""
VIRGO,TOMORROW,19,"Kal kisi purane rishte me nayi jaan aayegi, purane mitra se mulakat hogi. Dil ki baat kehne me jhijhak na karein.","Kal office me mehnat ki tareef hogi, promotion ke chances hain. Mehnat jaari rakhein.","Kal sehat achhi rahegi, bas subah walk zaroor karein. Junk food avoid karein.","Kal aarthik labh hoga, koi bonus ya gift mil sakta hai. Bachat par dhyan dein.","",""
VIRGO,TOMORROW,20,"Kal partner ke saath koi naya plan banega, ghoomne ka mauka milega. Saath me samay bitayein.","Kal career me koi naya mauka milega, turant haan na kahein. Soch samajh kar nirnay lein.","Kal thodi thakan mehsoos hogi, aaram karein. Neend poori karein aur stress kam karein.","Kal paisa aayega par kharch bhi hoga. Kisi zaruratmand ki madad karein, punya milega.","",""
VIRGO,TOMORROW,21,"Kal prem jeevan me shanti rahegi, partner ka sahyog milega. Kisi shubh karyakram me shirkat karne ka mauka milega.","Kal office me yojana ko sarahna milegi. Team ke saath milkar kaam karein to safalta milegi.","Kal pet aur digestion ka dhyan rakhein, ghar ka khana khayein. Paani adhik peeyein.","Kal aarthik sthiti sudhregi, koi purana nivesh fal dega. Nayi yojana banayein.","",""
VIRGO,TOMORROW,22,"Kal partner ke saath koi shubh samachar sunne ko milega. Rishta aur mazboot hoga.","Kal career me naya mauka milega, interview ya meeting me safalta milegi. Confidence se baat karein.","Kal sharir me halki sustee rahegi, vyayam karein. Bahar ka khana avoid karein.","Kal paisa aayega par kharch bhi hoga. Kisi ko daan karein to punya milega.","",""
VIRGO,TOMORROW,23,"Kal partner ki sehat ka dhyan rakhein, unke saath samay bitayein. Chhoti baat par jhagda na karein.","Kal office me koi purana kaam pura hoga, senior khush honge. Naye project ki taiyari karein.","Kal gale me halki kharish ho sakti hai, garm paani peekar rahat milegi. Zyada bolne se bachein.","Kal koi purana lend wapas milega. Lekin naye nivesh se pehle achhi tarah soch lein.","",""
VIRGO,TOMORROW,24,"Kal prem jeevan me utar-chadhav rahega, partner se baat karke sab theek ho jayega. Sabr rakhein.","Kal career me thodi deri ho sakti hai, par kaam poora hoga. Kisi colleague ki madad karein.","Kal sir dard ho sakta hai, stress kam karein. Paani adhik peeyein aur aaram karein.","Kal kharcha tez hoga, kisi bade nivesh se bachein. Budget banayein aur usi me rahein.","",""
VIRGO,TOMORROW,25,"Kal kisi purane rishte me nayi jaan aayegi, purane mitra se mulakat hogi. Dil ki baat kehne me jhijhak na karein.","Kal office me mehnat ki tareef hogi, promotion ke chances hain. Mehnat jaari rakhein.","Kal sehat achhi rahegi, bas subah walk zaroor karein. Junk food avoid karein.","Kal aarthik labh hoga, koi bonus ya gift mil sakta hai. Bachat par dhyan dein.","",""
VIRGO,TOMORROW,26,"Kal partner ke saath koi naya plan banega, ghoomne ka mauka milega. Saath me samay bitayein.","Kal career me koi naya mauka milega, turant haan na kahein. Soch samajh kar nirnay lein.","Kal thodi thakan mehsoos hogi, aaram karein. Neend poori karein aur stress kam karein.","Kal paisa aayega par kharch bhi hoga. Kisi zaruratmand ki madad karein, punya milega.","",""
VIRGO,TOMORROW,27,"Kal prem jeevan me shanti rahegi, partner ka sahyog milega. Kisi shubh karyakram me shirkat karne ka mauka milega.","Kal office me yojana ko sarahna milegi. Team ke saath milkar kaam karein to safalta milegi.","Kal pet aur digestion ka dhyan rakhein, ghar ka khana khayein. Paani adhik peeyein.","Kal aarthik sthiti sudhregi, koi purana nivesh fal dega. Nayi yojana banayein.","",""
VIRGO,TOMORROW,28,"Kal partner ke saath koi shubh samachar sunne ko milega. Rishta aur mazboot hoga.","Kal career me naya mauka milega, interview ya meeting me safalta milegi. Confidence se baat karein.","Kal sharir me halki sustee rahegi, vyayam karein. Bahar ka khana avoid karein.","Kal paisa aayega par kharch bhi hoga. Kisi ko daan karein to punya milega.","",""
VIRGO,TOMORROW,29,"Kal partner ki sehat ka dhyan rakhein, unke saath samay bitayein. Chhoti baat par jhagda na karein.","Kal office me koi purana kaam pura hoga, senior khush honge. Naye project ki taiyari karein.","Kal gale me halki kharish ho sakti hai, garm paani peekar rahat milegi. Zyada bolne se bachein.","Kal koi purana lend wapas milega. Lekin naye nivesh se pehle achhi tarah soch lein.","",""
VIRGO,WEEKLY,0,"Is hafte prem jeevan me madhurta rahegi, partner ke saath samay bitane ka mauka milega. Kisi purane mitra se mulakat hogi.","Is hafte career me naya project milega, senior ka sahyog rahega. Mehnat ka fal zaroor milega.","Is hafte sehat achhi rahegi, bas subah walk aur halka vyayam karein. Junk food avoid karein.","Is hafte aarthik labh hoga, koi purana lend wapas milega. Lekin budget banakar chalein.","",""
VIRGO,WEEKLY,1,"Is hafte partner ke saath koi purana mamla sulah ho sakta hai. Rishte me vishwas badhega aur prem gahra hoga.","Is hafte office me aapki mehnat ki tareef hogi, promotion ke chances hain. Team ke saath milkar kaam karein.","Is hafte thodi thakan mehsoos hogi, aaram karein aur neend poori karein. Paani adhik peeyein.","Is hafte kharcha thoda zyada hoga, savdhani rakhein. Kisi naye nivesh se pehle soch-vichar karein.","",""
VIRGO,WEEKLY,2,"Is hafte kisi khaas insaan se mulaqat hogi jo dil ko khush kar degi. Purane jhagde sulah ho sakte hain.","Is hafte career me koi rukavat aa sakti hai, dhairya rakhein. Kisi colleague se salah lena faydemand hoga.","Is hafte gale aur sans me halki takleef ho sakti hai. Garm kapde pehnein aur thanda na khayein.","Is hafte paisa aayega par kharch bhi hoga. Kisi zaruratmand ki madad karein, punya milega.","",""
VIRGO,WEEKLY,3,"Is hafte prem jeevan me shanti rahegi, partner ka sahyog milega. Kisi shubh karyakram me shirkat karne ka mauka milega.","Is hafte office me aapki yojana ko sarahna milegi. Naye project ki zimmedari mil sakti hai.","Is hafte sehat ke liye halka vyayam karein aur khub paani peeyein. Sir dard se bachein.","Is hafte aarthik sthiti majboot rahegi, koi purana karz chukane ka mauka milega.","",""
VIRGO,WEEKLY,4,"Is hafte partner ke saath chhoti baat par takraar ho sakti hai, shaant rahein. Hafte ke ant me sulah ho jayegi.","Is hafte career me koi naya mauka milega, turant haan na kahein. Soch samajh kar nirnay lein.","Is hafte pet me halki gadbad ho sakti hai, halka khana khayein. Bahar ka khana avoid karein.","Is hafte paisa haath me aayega par kharch bhi tez hoga. Bachat par dhyan dein.","",""
VIRGO,WEEKLY,5,"Is hafte prem jeevan me madhurta rahegi, partner ke saath ghoomne ka mauka milega. Kisi purane mitra se mulakat hogi.","Is hafte office me mehnat ki sarahna hogi. Senior aapki baat maanenge, confidence rakhein.","Is hafte urja se bharpur rahenge, vyayam karne ka mann karega. Lekin zyada garmi se bachein.","Is hafte kisi naye kaam me nivesh karne ka mauka milega, soch samajh kar haan kahein.","",""
VIRGO,WEEKLY,6,"Is hafte partner ke saath koi naya rishta shuru ho sakta hai ya purana gahra ho sakta hai. Dil ki baat kehne me jhijhak na karein.","Is hafte career me thodi bhaag-daud rahegi, meetings me vyast rahenge. Jaldbazi me galti na karein.","Is hafte jodon me halka dard ho sakta hai, aaram karein. Subah ki dhoop faydemand hai.","Is hafte aarthik labh hoga, koi bonus ya gift mil sakta hai. Lekin kharch par niyantran rakhein.","",""
VIRGO,WEEKLY,7,"Is hafte partner aapko surprise de sakta hai, prem me nayi urja aayegi. Saath me kuch naya try karein.","Is hafte career me koi bada faisla lena pad sakta hai, savdhani se sochein. Kisi anubhavi se salah lein.","Is hafte sehat achhi rahegi, bas subah ka nashta skip na karein. Fresh fruit khayein.","Is hafte paisa aayega par kisi anavashyak cheez par kharch ho sakta hai. Ruk kar kharch karein.","",""
VIRGO,WEEKLY,8,"Is hafte partner se koi purani baat chubh sakti hai, khul kar baat karein. Chhoti baat ko bada na banayein.","Is hafte career me koi rukavat aa sakti hai, par dhairya se kaam lein. Koi purana project pura hoga.","Is hafte mansik tanav ho sakta hai, meditation karein. Neend poori karein.","Is hafte kisi dost se udhaar dene se bachein, warna paisa wapas nahi milega. Apne paise sambhal kar rakhein.","",""
VIRGO,WEEKLY,9,"Is hafte prem jeevan me shanti rahegi, partner ka sahyog milega. Kisi shubh karyakram me shirkat karne ka mauka milega.","Is hafte office me yojana ko sarahna milegi. Team ke saath milkar kaam karein to safalta milegi.","Is hafte pet aur digestion ka dhyan rakhein, ghar ka khana khayein. Paani adhik peeyein.","Is hafte aarthik sthiti sudhregi, koi purana nivesh fal dega. Nayi yojana banayein.","",""
VIRGO,WEEKLY,10,"Is hafte partner ke saath koi shubh samachar sunne ko milega. Rishta aur mazboot hoga.","Is hafte career me naya mauka milega, interview ya meeting me safalta milegi. Confidence se baat karein.","Is hafte sharir me halki sustee rahegi, vyayam karein. Bahar ka khana avoid karein.","Is hafte paisa aayega par kharch bhi hoga. Kisi ko daan karein to punya milega.","",""
VIRGO,WEEKLY,11,"Is hafte partner ki sehat ka dhyan rakhein, unke saath samay bitayein. Chhoti baat par jhagda na karein.","Is hafte office me koi purana kaam pura hoga, senior khush honge. Naye project ki taiyari karein.","Is hafte gale me halki kharish ho sakti hai, garm paani peekar rahat milegi. Zyada bolne se bachein.","Is hafte koi purana lend wapas milega. Lekin naye nivesh se pehle achhi tarah soch lein.","",""
VIRGO,WEEKLY,12,"Is hafte prem jeevan me utar-chadhav rahega, partner se baat karke sab theek ho jayega. Sabr rakhein.","Is hafte career me thodi deri ho sakti hai, par kaam poora hoga. Kisi colleague ki madad karein.","Is hafte sir dard ho sakta hai, stress kam karein. Paani adhik peeyein aur aaram karein.","Is hafte kharcha tez hoga, kisi bade nivesh se bachein. Budget banayein aur usi me rahein.","",""
VIRGO,WEEKLY,13,"Is hafte kisi purane rishte me nayi jaan aayegi, purane mitra se mulakat hogi. Dil ki baat kehne me jhijhak na karein.","Is hafte office me mehnat ki tareef hogi, promotion ke chances hain. Mehnat jaari rakhein.","Is hafte sehat achhi rahegi, bas subah walk zaroor karein. Junk food avoid karein.","Is hafte aarthik labh hoga, koi bonus ya gift mil sakta hai. Bachat par dhyan dein.","",""
VIRGO,WEEKLY,14,"Is hafte partner ke saath koi naya plan banega, ghoomne ka mauka milega. Saath me samay bitayein.","Is hafte career me koi naya mauka milega, turant haan na kahein. Soch samajh kar nirnay lein.","Is hafte thodi thakan mehsoos hogi, aaram karein. Neend poori karein aur stress kam karein.","Is hafte paisa aayega par kharch bhi hoga. Kisi zaruratmand ki madad karein, punya milega.","",""
VIRGO,WEEKLY,15,"Is hafte prem jeevan me shanti rahegi, partner ka sahyog milega. Kisi shubh karyakram me shirkat karne ka mauka milega.","Is hafte office me yojana ko sarahna milegi. Team ke saath milkar kaam karein to safalta milegi.","Is hafte pet aur digestion ka dhyan rakhein, ghar ka khana khayein. Paani adhik peeyein.","Is hafte aarthik sthiti sudhregi, koi purana nivesh fal dega. Nayi yojana banayein.","",""
VIRGO,WEEKLY,16,"Is hafte partner ke saath koi shubh samachar sunne ko milega. Rishta aur mazboot hoga.","Is hafte career me naya mauka milega, interview ya meeting me safalta milegi. Confidence se baat karein.","Is hafte sharir me halki sustee rahegi, vyayam karein. Bahar ka khana avoid karein.","Is hafte paisa aayega par kharch bhi hoga. Kisi ko daan karein to punya milega.","",""
VIRGO,WEEKLY,17,"Is hafte partner ki sehat ka dhyan rakhein, unke saath samay bitayein. Chhoti baat par jhagda na karein.","Is hafte office me koi purana kaam pura hoga, senior khush honge. Naye project ki taiyari karein.","Is hafte gale me halki kharish ho sakti hai, garm paani peekar rahat milegi. Zyada bolne se bachein.","Is hafte koi purana lend wapas milega. Lekin naye nivesh se pehle achhi tarah soch lein.","",""
VIRGO,WEEKLY,18,"Is hafte prem jeevan me utar-chadhav rahega, partner se baat karke sab theek ho jayega. Sabr rakhein.","Is hafte career me thodi deri ho sakti hai, par kaam poora hoga. Kisi colleague ki madad karein.","Is hafte sir dard ho sakta hai, stress kam karein. Paani adhik peeyein aur aaram karein.","Is hafte kharcha tez hoga, kisi bade nivesh se bachein. Budget banayein aur usi me rahein.","",""
VIRGO,WEEKLY,19,"Is hafte kisi purane rishte me nayi jaan aayegi, purane mitra se mulakat hogi. Dil ki baat kehne me jhijhak na karein.","Is hafte office me mehnat ki tareef hogi, promotion ke chances hain. Mehnat jaari rakhein.","Is hafte sehat achhi rahegi, bas subah walk zaroor karein. Junk food avoid karein.","Is hafte aarthik labh hoga, koi bonus ya gift mil sakta hai. Bachat par dhyan dein.","",""
VIRGO,WEEKLY,20,"Is hafte partner ke saath koi naya plan banega, ghoomne ka mauka milega. Saath me samay bitayein.","Is hafte career me koi naya mauka milega, turant haan na kahein. Soch samajh kar nirnay lein.","Is hafte thodi thakan mehsoos hogi, aaram karein. Neend poori karein aur stress kam karein.","Is hafte paisa aayega par kharch bhi hoga. Kisi zaruratmand ki madad karein, punya milega.","",""
VIRGO,WEEKLY,21,"Is hafte prem jeevan me shanti rahegi, partner ka sahyog milega. Kisi shubh karyakram me shirkat karne ka mauka milega.","Is hafte office me yojana ko sarahna milegi. Team ke saath milkar kaam karein to safalta milegi.","Is hafte pet aur digestion ka dhyan rakhein, ghar ka khana khayein. Paani adhik peeyein.","Is hafte aarthik sthiti sudhregi, koi purana nivesh fal dega. Nayi yojana banayein.","",""
VIRGO,WEEKLY,22,"Is hafte partner ke saath koi shubh samachar sunne ko milega. Rishta aur mazboot hoga.","Is hafte career me naya mauka milega, interview ya meeting me safalta milegi. Confidence se baat karein.","Is hafte sharir me halki sustee rahegi, vyayam karein. Bahar ka khana avoid karein.","Is hafte paisa aayega par kharch bhi hoga. Kisi ko daan karein to punya milega.","",""
VIRGO,WEEKLY,23,"Is hafte partner ki sehat ka dhyan rakhein, unke saath samay bitayein. Chhoti baat par jhagda na karein.","Is hafte office me koi purana kaam pura hoga, senior khush honge. Naye project ki taiyari karein.","Is hafte gale me halki kharish ho sakti hai, garm paani peekar rahat milegi. Zyada bolne se bachein.","Is hafte koi purana lend wapas milega. Lekin naye nivesh se pehle achhi tarah soch lein.","",""
VIRGO,WEEKLY,24,"Is hafte prem jeevan me utar-chadhav rahega, partner se baat karke sab theek ho jayega. Sabr rakhein.","Is hafte career me thodi deri ho sakti hai, par kaam poora hoga. Kisi colleague ki madad karein.","Is hafte sir dard ho sakta hai, stress kam karein. Paani adhik peeyein aur aaram karein.","Is hafte kharcha tez hoga, kisi bade nivesh se bachein. Budget banayein aur usi me rahein.","",""
VIRGO,WEEKLY,25,"Is hafte kisi purane rishte me nayi jaan aayegi, purane mitra se mulakat hogi. Dil ki baat kehne me jhijhak na karein.","Is hafte office me mehnat ki tareef hogi, promotion ke chances hain. Mehnat jaari rakhein.","Is hafte sehat achhi rahegi, bas subah walk zaroor karein. Junk food avoid karein.","Is hafte aarthik labh hoga, koi bonus ya gift mil sakta hai. Bachat par dhyan dein.","",""
VIRGO,WEEKLY,26,"Is hafte partner ke saath koi naya plan banega, ghoomne ka mauka milega. Saath me samay bitayein.","Is hafte career me koi naya mauka milega, turant haan na kahein. Soch samajh kar nirnay lein.","Is hafte thodi thakan mehsoos hogi, aaram karein. Neend poori karein aur stress kam karein.","Is hafte paisa aayega par kharch bhi hoga. Kisi zaruratmand ki madad karein, punya milega.","",""
VIRGO,WEEKLY,27,"Is hafte prem jeevan me shanti rahegi, partner ka sahyog milega. Kisi shubh karyakram me shirkat karne ka mauka milega.","Is hafte office me yojana ko sarahna milegi. Team ke saath milkar kaam karein to safalta milegi.","Is hafte pet aur digestion ka dhyan rakhein, ghar ka khana khayein. Paani adhik peeyein.","Is hafte aarthik sthiti sudhregi, koi purana nivesh fal dega. Nayi yojana banayein.","",""
VIRGO,WEEKLY,28,"Is hafte partner ke saath koi shubh samachar sunne ko milega. Rishta aur mazboot hoga.","Is hafte career me naya mauka milega, interview ya meeting me safalta milegi. Confidence se baat karein.","Is hafte sharir me halki sustee rahegi, vyayam karein. Bahar ka khana avoid karein.","Is hafte paisa aayega par kharch bhi hoga. Kisi ko daan karein to punya milega.","",""
VIRGO,WEEKLY,29,"Is hafte partner ki sehat ka dhyan rakhein, unke saath samay bitayein. Chhoti baat par jhagda na karein.","Is hafte office me koi purana kaam pura hoga, senior khush honge. Naye project ki taiyari karein.","Is hafte gale me halki kharish ho sakti hai, garm paani peekar rahat milegi. Zyada bolne se bachein.","Is hafte koi purana lend wapas milega. Lekin naye nivesh se pehle achhi tarah soch lein.","",""
VIRGO,MONTHLY,0,"Is mahine prem jeevan me madhurta rahegi, partner ke saath samay bitane ka mauka milega. Kisi purane mitra se mulakat hogi.","Is mahine career me naya project milega, senior ka sahyog rahega. Mehnat ka fal zaroor milega.","Is mahine sehat achhi rahegi, bas subah walk aur halka vyayam karein. Junk food avoid karein.","Is mahine aarthik labh hoga, koi purana lend wapas milega. Lekin budget banakar chalein.","",""
VIRGO,MONTHLY,1,"Is mahine partner ke saath koi purana mamla sulah ho sakta hai. Rishte me vishwas badhega aur prem gahra hoga.","Is mahine office me aapki mehnat ki tareef hogi, promotion ke chances hain. Team ke saath milkar kaam karein.","Is mahine thodi thakan mehsoos hogi, aaram karein aur neend poori karein. Paani adhik peeyein.","Is mahine kharcha thoda zyada hoga, savdhani rakhein. Kisi naye nivesh se pehle soch-vichar karein.","",""
VIRGO,MONTHLY,2,"Is mahine kisi khaas insaan se mulaqat hogi jo dil ko khush kar degi. Purane jhagde sulah ho sakte hain.","Is mahine career me koi rukavat aa sakti hai, dhairya rakhein. Kisi colleague se salah lena faydemand hoga.","Is mahine gale aur sans me halki takleef ho sakti hai. Garm kapde pehnein aur thanda na khayein.","Is mahine paisa aayega par kharch bhi hoga. Kisi zaruratmand ki madad karein, punya milega.","",""
VIRGO,MONTHLY,3,"Is mahine prem jeevan me shanti rahegi, partner ka sahyog milega. Kisi shubh karyakram me shirkat karne ka mauka milega.","Is mahine office me aapki yojana ko sarahna milegi. Naye project ki zimmedari mil sakti hai.","Is mahine sehat ke liye halka vyayam karein aur khub paani peeyein. Sir dard se bachein.","Is mahine aarthik sthiti majboot rahegi, koi purana karz chukane ka mauka milega.","",""
VIRGO,MONTHLY,4,"Is mahine partner ke saath chhoti baat par takraar ho sakti hai, shaant rahein. Mahine ke ant me sulah ho jayegi.","Is mahine career me koi naya mauka milega, turant haan na kahein. Soch samajh kar nirnay lein.","Is mahine pet me halki gadbad ho sakti hai, halka khana khayein. Bahar ka khana avoid karein.","Is mahine paisa haath me aayega par kharch bhi tez hoga. Bachat par dhyan dein.","",""
VIRGO,MONTHLY,5,"Is mahine prem jeevan me madhurta rahegi, partner ke saath ghoomne ka mauka milega. Kisi purane mitra se mulakat hogi.","Is mahine office me mehnat ki sarahna hogi. Senior aapki baat maanenge, confidence rakhein.","Is mahine urja se bharpur rahenge, vyayam karne ka mann karega. Lekin zyada garmi se bachein.","Is mahine kisi naye kaam me nivesh karne ka mauka milega, soch samajh kar haan kahein.","",""
VIRGO,MONTHLY,6,"Is mahine partner ke saath koi naya rishta shuru ho sakta hai ya purana gahra ho sakta hai. Dil ki baat kehne me jhijhak na karein.","Is mahine career me thodi bhaag-daud rahegi, meetings me vyast rahenge. Jaldbazi me galti na karein.","Is mahine jodon me halka dard ho sakta hai, aaram karein. Subah ki dhoop faydemand hai.","Is mahine aarthik labh hoga, koi bonus ya gift mil sakta hai. Lekin kharch par niyantran rakhein.","",""
VIRGO,MONTHLY,7,"Is mahine partner aapko surprise de sakta hai, prem me nayi urja aayegi. Saath me kuch naya try karein.","Is mahine career me koi bada faisla lena pad sakta hai, savdhani se sochein. Kisi anubhavi se salah lein.","Is mahine sehat achhi rahegi, bas subah ka nashta skip na karein. Fresh fruit khayein.","Is mahine paisa aayega par kisi anavashyak cheez par kharch ho sakta hai. Ruk kar kharch karein.","",""
VIRGO,MONTHLY,8,"Is mahine partner se koi purani baat chubh sakti hai, khul kar baat karein. Chhoti baat ko bada na banayein.","Is mahine career me koi rukavat aa sakti hai, par dhairya se kaam lein. Koi purana project pura hoga.","Is mahine mansik tanav ho sakta hai, meditation karein. Neend poori karein.","Is mahine kisi dost se udhaar dene se bachein, warna paisa wapas nahi milega. Apne paise sambhal kar rakhein.","",""
VIRGO,MONTHLY,9,"Is mahine prem jeevan me shanti rahegi, partner ka sahyog milega. Kisi shubh karyakram me shirkat karne ka mauka milega.","Is mahine office me yojana ko sarahna milegi. Team ke saath milkar kaam karein to safalta milegi.","Is mahine pet aur digestion ka dhyan rakhein, ghar ka khana khayein. Paani adhik peeyein.","Is mahine aarthik sthiti sudhregi, koi purana nivesh fal dega. Nayi yojana banayein.","",""
VIRGO,MONTHLY,10,"Is mahine partner ke saath koi shubh samachar sunne ko milega. Rishta aur mazboot hoga.","Is mahine career me naya mauka milega, interview ya meeting me safalta milegi. Confidence se baat karein.","Is mahine sharir me halki sustee rahegi, vyayam karein. Bahar ka khana avoid karein.","Is mahine paisa aayega par kharch bhi hoga. Kisi ko daan karein to punya milega.","",""
VIRGO,MONTHLY,11,"Is mahine partner ki sehat ka dhyan rakhein, unke saath samay bitayein. Chhoti baat par jhagda na karein.","Is mahine office me koi purana kaam pura hoga, senior khush honge. Naye project ki taiyari karein.","Is mahine gale me halki kharish ho sakti hai, garm paani peekar rahat milegi. Zyada bolne se bachein.","Is mahine koi purana lend wapas milega. Lekin naye nivesh se pehle achhi tarah soch lein.","",""
VIRGO,MONTHLY,12,"Is mahine prem jeevan me utar-chadhav rahega, partner se baat karke sab theek ho jayega. Sabr rakhein.","Is mahine career me thodi deri ho sakti hai, par kaam poora hoga. Kisi colleague ki madad karein.","Is mahine sir dard ho sakta hai, stress kam karein. Paani adhik peeyein aur aaram karein.","Is mahine kharcha tez hoga, kisi bade nivesh se bachein. Budget banayein aur usi me rahein.","",""
VIRGO,MONTHLY,13,"Is mahine kisi purane rishte me nayi jaan aayegi, purane mitra se mulakat hogi. Dil ki baat kehne me jhijhak na karein.","Is mahine office me mehnat ki tareef hogi, promotion ke chances hain. Mehnat jaari rakhein.","Is mahine sehat achhi rahegi, bas subah walk zaroor karein. Junk food avoid karein.","Is mahine aarthik labh hoga, koi bonus ya gift mil sakta hai. Bachat par dhyan dein.","",""
VIRGO,MONTHLY,14,"Is mahine partner ke saath koi naya plan banega, ghoomne ka mauka milega. Saath me samay bitayein.","Is mahine career me koi naya mauka milega, turant haan na kahein. Soch samajh kar nirnay lein.","Is mahine thodi thakan mehsoos hogi, aaram karein. Neend poori karein aur stress kam karein.","Is mahine paisa aayega par kharch bhi hoga. Kisi zaruratmand ki madad karein, punya milega.","",""
VIRGO,MONTHLY,15,"Is mahine prem jeevan me shanti rahegi, partner ka sahyog milega. Kisi shubh karyakram me shirkat karne ka mauka milega.","Is mahine office me yojana ko sarahna milegi. Team ke saath milkar kaam karein to safalta milegi.","Is mahine pet aur digestion ka dhyan rakhein, ghar ka khana khayein. Paani adhik peeyein.","Is mahine aarthik sthiti sudhregi, koi purana nivesh fal dega. Nayi yojana banayein.","",""
VIRGO,MONTHLY,16,"Is mahine partner ke saath koi shubh samachar sunne ko milega. Rishta aur mazboot hoga.","Is mahine career me naya mauka milega, interview ya meeting me safalta milegi. Confidence se baat karein.","Is mahine sharir me halki sustee rahegi, vyayam karein. Bahar ka khana avoid karein.","Is mahine paisa aayega par kharch bhi hoga. Kisi ko daan karein to punya milega.","",""
VIRGO,MONTHLY,17,"Is mahine partner ki sehat ka dhyan rakhein, unke saath samay bitayein. Chhoti baat par jhagda na karein.","Is mahine office me koi purana kaam pura hoga, senior khush honge. Naye project ki taiyari karein.","Is mahine gale me halki kharish ho sakti hai, garm paani peekar rahat milegi. Zyada bolne se bachein.","Is mahine koi purana lend wapas milega. Lekin naye nivesh se pehle achhi tarah soch lein.","",""
VIRGO,MONTHLY,18,"Is mahine prem jeevan me utar-chadhav rahega, partner se baat karke sab theek ho jayega. Sabr rakhein.","Is mahine career me thodi deri ho sakti hai, par kaam poora hoga. Kisi colleague ki madad karein.","Is mahine sir dard ho sakta hai, stress kam karein. Paani adhik peeyein aur aaram karein.","Is mahine kharcha tez hoga, kisi bade nivesh se bachein. Budget banayein aur usi me rahein.","",""
VIRGO,MONTHLY,19,"Is mahine kisi purane rishte me nayi jaan aayegi, purane mitra se mulakat hogi. Dil ki baat kehne me jhijhak na karein.","Is mahine office me mehnat ki tareef hogi, promotion ke chances hain. Mehnat jaari rakhein.","Is mahine sehat achhi rahegi, bas subah walk zaroor karein. Junk food avoid karein.","Is mahine aarthik labh hoga, koi bonus ya gift mil sakta hai. Bachat par dhyan dein.","",""
VIRGO,MONTHLY,20,"Is mahine partner ke saath koi naya plan banega, ghoomne ka mauka milega. Saath me samay bitayein.","Is mahine career me koi naya mauka milega, turant haan na kahein. Soch samajh kar nirnay lein.","Is mahine thodi thakan mehsoos hogi, aaram karein. Neend poori karein aur stress kam karein.","Is mahine paisa aayega par kharch bhi hoga. Kisi zaruratmand ki madad karein, punya milega.","",""
VIRGO,MONTHLY,21,"Is mahine prem jeevan me shanti rahegi, partner ka sahyog milega. Kisi shubh karyakram me shirkat karne ka mauka milega.","Is mahine office me yojana ko sarahna milegi. Team ke saath milkar kaam karein to safalta milegi.","Is mahine pet aur digestion ka dhyan rakhein, ghar ka khana khayein. Paani adhik peeyein.","Is mahine aarthik sthiti sudhregi, koi purana nivesh fal dega. Nayi yojana banayein.","",""
VIRGO,MONTHLY,22,"Is mahine partner ke saath koi shubh samachar sunne ko milega. Rishta aur mazboot hoga.","Is mahine career me naya mauka milega, interview ya meeting me safalta milegi. Confidence se baat karein.","Is mahine sharir me halki sustee rahegi, vyayam karein. Bahar ka khana avoid karein.","Is mahine paisa aayega par kharch bhi hoga. Kisi ko daan karein to punya milega.","",""
VIRGO,MONTHLY,23,"Is mahine partner ki sehat ka dhyan rakhein, unke saath samay bitayein. Chhoti baat par jhagda na karein.","Is mahine office me koi purana kaam pura hoga, senior khush honge. Naye project ki taiyari karein.","Is mahine gale me halki kharish ho sakti hai, garm paani peekar rahat milegi. Zyada bolne se bachein.","Is mahine koi purana lend wapas milega. Lekin naye nivesh se pehle achhi tarah soch lein.","",""
VIRGO,MONTHLY,24,"Is mahine prem jeevan me utar-chadhav rahega, partner se baat karke sab theek ho jayega. Sabr rakhein.","Is mahine career me thodi deri ho sakti hai, par kaam poora hoga. Kisi colleague ki madad karein.","Is mahine sir dard ho sakta hai, stress kam karein. Paani adhik peeyein aur aaram karein.","Is mahine kharcha tez hoga, kisi bade nivesh se bachein. Budget banayein aur usi me rahein.","",""
VIRGO,MONTHLY,25,"Is mahine kisi purane rishte me nayi jaan aayegi, purane mitra se mulakat hogi. Dil ki baat kehne me jhijhak na karein.","Is mahine office me mehnat ki tareef hogi, promotion ke chances hain. Mehnat jaari rakhein.","Is mahine sehat achhi rahegi, bas subah walk zaroor karein. Junk food avoid karein.","Is mahine aarthik labh hoga, koi bonus ya gift mil sakta hai. Bachat par dhyan dein.","",""
VIRGO,MONTHLY,26,"Is mahine partner ke saath koi naya plan banega, ghoomne ka mauka milega. Saath me samay bitayein.","Is mahine career me koi naya mauka milega, turant haan na kahein. Soch samajh kar nirnay lein.","Is mahine thodi thakan mehsoos hogi, aaram karein. Neend poori karein aur stress kam karein.","Is mahine paisa aayega par kharch bhi hoga. Kisi zaruratmand ki madad karein, punya milega.","",""
VIRGO,MONTHLY,27,"Is mahine prem jeevan me shanti rahegi, partner ka sahyog milega. Kisi shubh karyakram me shirkat karne ka mauka milega.","Is mahine office me yojana ko sarahna milegi. Team ke saath milkar kaam karein to safalta milegi.","Is mahine pet aur digestion ka dhyan rakhein, ghar ka khana khayein. Paani adhik peeyein.","Is mahine aarthik sthiti sudhregi, koi purana nivesh fal dega. Nayi yojana banayein.","",""
VIRGO,MONTHLY,28,"Is mahine partner ke saath koi shubh samachar sunne ko milega. Rishta aur mazboot hoga.","Is mahine career me naya mauka milega, interview ya meeting me safalta milegi. Confidence se baat karein.","Is mahine sharir me halki sustee rahegi, vyayam karein. Bahar ka khana avoid karein.","Is mahine paisa aayega par kharch bhi hoga. Kisi ko daan karein to punya milega.","",""
VIRGO,MONTHLY,29,"Is mahine partner ki sehat ka dhyan rakhein, unke saath samay bitayein. Chhoti baat par jhagda na karein.","Is mahine office me koi purana kaam pura hoga, senior khush honge. Naye project ki taiyari karein.","Is mahine gale me halki kharish ho sakti hai, garm paani peekar rahat milegi. Zyada bolne se bachein.","Is mahine koi purana lend wapas milega. Lekin naye nivesh se pehle achhi tarah soch lein.","",""
VIRGO,YEARLY,0,"Is saal prem jeevan me badi urja aayegi, vivah ke yog ban sakte hain ya purana rishta gahra hoga. Partner ke saath samay bitane ka khoob mauka milega.","Is saal career me bada badlav sambhav hai, naukri badal sakti hai ya promotion milegi. Mehnat ka poora fal zaroor milega.","Is saal sehat achhi rahegi, bas niyamit vyayam aur santulit ahar apnayein. Stress kam karein aur neend poori karein.","Is saal aarthik sthiti majboot hogi, koi bada nivesh fal dega. Lekin faltu kharch se bachein aur bachat karein.","",""
LIBRA,TODAY,0,"Aaj partner ke saath samay bitane ka mauka milega, purani galatfehmi door hogi. Dil ki baat khul kar kehna aaj aapke rishte ko mazboot banayega.","Career me aaj koi naya kaam shuru karne ka mauka mil sakta hai, senior ka sahyog milega. Jaldbazi na karein, soch samajh kar kadam uthayein.","Aaj sehat achhi rahegi, bas subah walk zaroor karein. Zyada thanda aur fried khane se bachein.","Aaj paisa aayega, kisi purane lend ka paisa wapas mil sakta hai. Lekin faltu kharch se bachein.","6","Pink"
LIBRA,TODAY,1,"Aaj prem jeevan me nayi urja aayegi, koi purana mitra mil sakta hai. Partner ki baat dhyan se sunein, jhagda ho sakta hai.","Office me aapki mehnat ki tareef hogi, promotion ke chances hain. Colleagues ke saath mil kar kaam karein.","Aaj thodi thakan mehsoos hogi, aaram karein. Paani adhik peeyein aur stress kam karein.","Aaj kharcha thoda zyada ho sakta hai, budget banayein. Kisi naye nivesh se pehle soch-vichar karein.","13","White"
LIBRA,TODAY,2,"Aaj partner ke saath koi purana mamla sulah ho sakta hai. Rishte me vishwas badhega aur madhurta aayegi.","Career me aaj koi rukavat aa sakti hai, dhairya rakhein. Kisi colleague se salah lein to fayda hoga.","Aaj gale aur sans me halki takleef ho sakti hai. Garm kapde pehnein aur thanda na khayein.","Aaj paisa aayega par kharch bhi hoga. Kisi zaruratmand ki madad karein, punya milega.","19","Blue"
LIBRA,TODAY,3,"Aaj kisi khaas insaan se mulaqat hogi jo aapka din bana degi. Purane jhagde sulah ho sakte hain.","Aaj office me aapki raay ko mahatva milega. Kisi naye project ki zimmedari mil sakti hai.","Sehat ke liye aaj halka vyayam karein aur khub paani peeyein. Sir dard ho sakta hai.","Aaj aarthik sthiti majboot rahegi, koi purana karz chukane ka mauka milega.","24","Purple"
LIBRA,TODAY,4,"Aaj partner ke saath chhoti baat par takraar ho sakti hai, shaant rahein. Raat ko sulah ho jayegi.","Career me aaj koi naya mauka milega, turant haan na kahein. Soch samajh kar nirnay lein.","Aaj pet me halki gadbad ho sakti hai, halka khana khayein. Bahar ka khana avoid karein.","Aaj paisa haath me aayega par kharch bhi tez hoga. Bachat par dhyan dein.","28","Orange"
LIBRA,TODAY,5,"Aaj prem jeevan me madhurta rahegi, partner ke saath ghoomne ka mauka milega. Kisi purane mitra se mulakat hogi.","Aaj office me aapki mehnat ki sarahna hogi. Senior aapki baat maanenge, confidence rakhein.","Aaj urja se bharpur rahenge, vyayam karne ka mann karega. Lekin zyada garmi se bachein.","Aaj kisi naye kaam me nivesh karne ka mauka milega, soch samajh kar haan kahein.","4","Pink"
LIBRA,TODAY,6,"Aaj partner ke saath koi naya rishta shuru ho sakta hai ya purana gahra ho sakta hai. Dil ki baat kehne me jhijhak na karein.","Career me aaj thodi bhaag-daud rahegi, meetings me vyast rahenge. Jaldbazi me galti na karein.","Aaj jodon me halka dard ho sakta hai, aaram karein. Subah ki dhoop aapke liye faydemand hai.","Aaj aarthik labh hoga, koi bonus ya gift mil sakta hai. Lekin kharch par niyantran rakhein.","10","White"
LIBRA,TODAY,7,"Aaj partner aapko surprise de sakta hai, prem me nayi urja aayegi. Saath me kuch naya try karein.","Aaj career me koi bada faisla lena pad sakta hai, savdhani se sochein. Kisi anubhavi se salah lein.","Aaj sehat achhi rahegi, bas subah ka nashta skip na karein. Fresh fruit khayein.","Aaj paisa aayega par kisi anavashyak cheez par kharch ho sakta hai. Ruk kar kharch karein.","15","Blue"
LIBRA,TODAY,8,"Aaj partner se koi purani baat chubh sakti hai, khul kar baat karein. Chhoti baat ko bada na banayein.","Career me aaj koi rukavat aa sakti hai, par dhairya se kaam lein. Koi purana project pura hoga.","Aaj mansik tanav ho sakta hai, meditation karein. Neend poori karein.","Aaj kisi dost se udhaar dene se bachein, warna paisa wapas nahi milega. Apne paise sambhal kar rakhein.","22","Purple"
LIBRA,TODAY,9,"Aaj prem jeevan me shanti rahegi, partner ka sahyog milega. Kisi shubh karyakram me shirkat karne ka mauka milega.","Aaj office me aapki yojana ko sarahna milegi. Team ke saath milkar kaam karein to safalta milegi.","Aaj pet aur digestion ka dhyan rakhein, ghar ka khana khayein. Paani adhik peeyein.","Aaj aarthik sthiti sudhregi, koi purana nivesh fal dega. Nayi yojana banayein.","8","Pink"
LIBRA,TODAY,10,"Aaj partner ke saath koi shubh samachar sunne ko milega. Rishta aur mazboot hoga.","Aaj career me naya mauka milega, interview ya meeting me safalta milegi. Confidence se baat karein.","Aaj sharir me halki sustee rahegi, vyayam karein. Bahar ka khana avoid karein.","Aaj paisa aayega par kharch bhi hoga. Kisi ko daan karein to punya milega.","17","White"
LIBRA,TODAY,11,"Aaj partner ki sehat ka dhyan rakhein, unke saath samay bitayein. Chhoti baat par jhagda na karein.","Aaj office me koi purana kaam pura hoga, senior khush honge. Naye project ki taiyari karein.","Aaj gale me halki kharish ho sakti hai, garm paani peekar rahat milegi. Zyada bolne se bachein.","Aaj koi purana lend wapas milega. Lekin naye nivesh se pehle achhi tarah soch lein.","26","Blue"
LIBRA,TODAY,12,"Aaj prem jeevan me utar-chadhav rahega, partner se baat karke sab theek ho jayega. Sabr rakhein.","Aaj career me thodi deri ho sakti hai, par kaam poora hoga. Kisi colleague ki madad karein.","Aaj sir dard ho sakta hai, stress kam karein. Paani adhik peeyein aur aaram karein.","Aaj kharcha tez hoga, kisi bade nivesh se bachein. Budget banayein aur usi me rahein.","3","Pink"
LIBRA,TODAY,13,"Aaj kisi purane rishte me nayi jaan aayegi, purane mitra se mulakat hogi. Dil ki baat kehne me jhijhak na karein.","Aaj office me aapki mehnat ki tareef hogi, promotion ke chances hain. Mehnat jaari rakhein.","Aaj sehat achhi rahegi, bas subah walk zaroor karein. Junk food avoid karein.","Aaj aarthik labh hoga, koi bonus ya gift mil sakta hai. Bachat par dhyan dein.","12","White"
LIBRA,TODAY,14,"Aaj partner ke saath koi naya plan banega, ghoomne ka mauka milega. Saath me samay bitayein.","Aaj career me koi naya mauka milega, turant haan na kahein. Soch samajh kar nirnay lein.","Aaj thodi thakan mehsoos hogi, aaram karein. Neend poori karein aur stress kam karein.","Aaj paisa aayega par kharch bhi hoga. Kisi zaruratmand ki madad karein, punya milega.","20","Blue"
LIBRA,TODAY,15,"Aaj prem jeevan me shanti rahegi, partner ka sahyog milega. Kisi shubh karyakram me shirkat karne ka mauka milega.","Aaj office me aapki yojana ko sarahna milegi. Team ke saath milkar kaam karein to safalta milegi.","Aaj pet aur digestion ka dhyan rakhein, ghar ka khana khayein. Paani adhik peeyein.","Aaj aarthik sthiti sudhregi, koi purana nivesh fal dega. Nayi yojana banayein.","5","Purple"
LIBRA,TODAY,16,"Aaj partner ke saath koi shubh samachar sunne ko milega. Rishta aur mazboot hoga.","Aaj career me naya mauka milega, interview ya meeting me safalta milegi. Confidence se baat karein.","Aaj sharir me halki sustee rahegi, vyayam karein. Bahar ka khana avoid karein.","Aaj paisa aayega par kharch bhi hoga. Kisi ko daan karein to punya milega.","29","Pink"
LIBRA,TODAY,17,"Aaj partner ki sehat ka dhyan rakhein, unke saath samay bitayein. Chhoti baat par jhagda na karein.","Aaj office me koi purana kaam pura hoga, senior khush honge. Naye project ki taiyari karein.","Aaj gale me halki kharish ho sakti hai, garm paani peekar rahat milegi. Zyada bolne se bachein.","Aaj koi purana lend wapas milega. Lekin naye nivesh se pehle achhi tarah soch lein.","7","White"
LIBRA,TODAY,18,"Aaj prem jeevan me utar-chadhav rahega, partner se baat karke sab theek ho jayega. Sabr rakhein.","Aaj career me thodi deri ho sakti hai, par kaam poora hoga. Kisi colleague ki madad karein.","Aaj sir dard ho sakta hai, stress kam karein. Paani adhik peeyein aur aaram karein.","Aaj kharcha tez hoga, kisi bade nivesh se bachein. Budget banayein aur usi me rahein.","14","Blue"
LIBRA,TODAY,19,"Aaj kisi purane rishte me nayi jaan aayegi, purane mitra se mulakat hogi. Dil ki baat kehne me jhijhak na karein.","Aaj office me aapki mehnat ki tareef hogi, promotion ke chances hain. Mehnat jaari rakhein.","Aaj sehat achhi rahegi, bas subah walk zaroor karein. Junk food avoid karein.","Aaj aarthik labh hoga, koi bonus ya gift mil sakta hai. Bachat par dhyan dein.","23","Purple"
LIBRA,TODAY,20,"Aaj partner ke saath koi naya plan banega, ghoomne ka mauka milega. Saath me samay bitayein.","Aaj career me koi naya mauka milega, turant haan na kahein. Soch samajh kar nirnay lein.","Aaj thodi thakan mehsoos hogi, aaram karein. Neend poori karein aur stress kam karein.","Aaj paisa aayega par kharch bhi hoga. Kisi zaruratmand ki madad karein, punya milega.","9","Pink"
LIBRA,TODAY,21,"Aaj prem jeevan me shanti rahegi, partner ka sahyog milega. Kisi shubh karyakram me shirkat karne ka mauka milega.","Aaj office me aapki yojana ko sarahna milegi. Team ke saath milkar kaam karein to safalta milegi.","Aaj pet aur digestion ka dhyan rakhein, ghar ka khana khayein. Paani adhik peeyein.","Aaj aarthik sthiti sudhregi, koi purana nivesh fal dega. Nayi yojana banayein.","18","White"
LIBRA,TODAY,22,"Aaj partner ke saath koi shubh samachar sunne ko milega. Rishta aur mazboot hoga.","Aaj career me naya mauka milega, interview ya meeting me safalta milegi. Confidence se baat karein.","Aaj sharir me halki sustee rahegi, vyayam karein. Bahar ka khana avoid karein.","Aaj paisa aayega par kharch bhi hoga. Kisi ko daan karein to punya milega.","27","Blue"
LIBRA,TODAY,23,"Aaj partner ki sehat ka dhyan rakhein, unke saath samay bitayein. Chhoti baat par jhagda na karein.","Aaj office me koi purana kaam pura hoga, senior khush honge. Naye project ki taiyari karein.","Aaj gale me halki kharish ho sakti hai, garm paani peekar rahat milegi. Zyada bolne se bachein.","Aaj koi purana lend wapas milega. Lekin naye nivesh se pehle achhi tarah soch lein.","2","Purple"
LIBRA,TODAY,24,"Aaj prem jeevan me utar-chadhav rahega, partner se baat karke sab theek ho jayega. Sabr rakhein.","Aaj career me thodi deri ho sakti hai, par kaam poora hoga. Kisi colleague ki madad karein.","Aaj sir dard ho sakta hai, stress kam karein. Paani adhik peeyein aur aaram karein.","Aaj kharcha tez hoga, kisi bade nivesh se bachein. Budget banayein aur usi me rahein.","16","Pink"
LIBRA,TODAY,25,"Aaj kisi purane rishte me nayi jaan aayegi, purane mitra se mulakat hogi. Dil ki baat kehne me jhijhak na karein.","Aaj office me aapki mehnat ki tareef hogi, promotion ke chances hain. Mehnat jaari rakhein.","Aaj sehat achhi rahegi, bas subah walk zaroor karein. Junk food avoid karein.","Aaj aarthik labh hoga, koi bonus ya gift mil sakta hai. Bachat par dhyan dein.","25","White"
LIBRA,TODAY,26,"Aaj partner ke saath koi naya plan banega, ghoomne ka mauka milega. Saath me samay bitayein.","Aaj career me koi naya mauka milega, turant haan na kahein. Soch samajh kar nirnay lein.","Aaj thodi thakan mehsoos hogi, aaram karein. Neend poori karein aur stress kam karein.","Aaj paisa aayega par kharch bhi hoga. Kisi zaruratmand ki madad karein, punya milega.","11","Blue"
LIBRA,TODAY,27,"Aaj prem jeevan me shanti rahegi, partner ka sahyog milega. Kisi shubh karyakram me shirkat karne ka mauka milega.","Aaj office me aapki yojana ko sarahna milegi. Team ke saath milkar kaam karein to safalta milegi.","Aaj pet aur digestion ka dhyan rakhein, ghar ka khana khayein. Paani adhik peeyein.","Aaj aarthik sthiti sudhregi, koi purana nivesh fal dega. Nayi yojana banayein.","30","Purple"
LIBRA,TODAY,28,"Aaj partner ke saath koi shubh samachar sunne ko milega. Rishta aur mazboot hoga.","Aaj career me naya mauka milega, interview ya meeting me safalta milegi. Confidence se baat karein.","Aaj sharir me halki sustee rahegi, vyayam karein. Bahar ka khana avoid karein.","Aaj paisa aayega par kharch bhi hoga. Kisi ko daan karein to punya milega.","21","Pink"
LIBRA,TODAY,29,"Aaj partner ki sehat ka dhyan rakhein, unke saath samay bitayein. Chhoti baat par jhagda na karein.","Aaj office me koi purana kaam pura hoga, senior khush honge. Naye project ki taiyari karein.","Aaj gale me halki kharish ho sakti hai, garm paani peekar rahat milegi. Zyada bolne se bachein.","Aaj koi purana lend wapas milega. Lekin naye nivesh se pehle achhi tarah soch lein.","1","White"
LIBRA,YESTERDAY,0,"Kal partner ke saath samay bitane ka mauka mila tha, purani galatfehmi door hui. Dil ki baat khul kar kehna rishte ko mazboot banata hai.","Kal career me koi naya kaam shuru karne ka mauka mila tha, senior ka sahyog mila. Jaldbazi na karna hi samajhdari hai.","Kal sehat achhi rahi, subah walk ka fayda mila. Thanda aur fried khane se bachna chahiye.","Kal paisa aaya, kisi purane lend ka paisa wapas mila. Lekin faltu kharch se bachna chahiye.","",""
LIBRA,YESTERDAY,1,"Kal prem jeevan me nayi urja aayi, koi purana mitra mila. Partner ki baat dhyan se sunni chahiye thi.","Kal office me mehnat ki tareef hui, promotion ke chances bane. Colleagues ke saath milkar kaam karna faydemand raha.","Kal thodi thakan mehsoos hui, aaram karna zaroori tha. Paani adhik peena aur stress kam karna chahiye.","Kal kharcha thoda zyada ho gaya, budget banane ki zarurat thi. Naye nivesh se pehle soch-vichar karna chahiye.","",""
LIBRA,YESTERDAY,2,"Kal partner ke saath koi purana mamla sulah hua. Rishte me vishwas badha aur madhurta aayi.","Kal career me koi rukavat aayi thi, dhairya rakhna zaroori tha. Kisi colleague se salah lena faydemand raha.","Kal gale aur sans me halki takleef hui. Garm kapde pehenna aur thanda na khana chahiye.","Kal paisa aaya par kharch bhi hua. Kisi zaruratmand ki madad karne se punya mila.","",""
LIBRA,YESTERDAY,3,"Kal kisi khaas insaan se mulaqat hui jo din bana gayi. Purane jhagde sulah ho gaye.","Kal office me raay ko mahatva mila. Kisi naye project ki zimmedari mili.","Kal sehat ke liye halka vyayam karna aur khub paani peena faydemand raha. Sir dard ho sakta tha.","Kal aarthik sthiti majboot rahi, koi purana karz chukane ka mauka mila.","",""
LIBRA,YESTERDAY,4,"Kal partner ke saath chhoti baat par takraar hui thi, shaant rehna chahiye tha. Raat ko sulah ho gayi.","Kal career me koi naya mauka mila, turant haan nahi kehna chahiye tha. Soch samajh kar nirnay lena chahiye.","Kal pet me halki gadbad hui, halka khana khana chahiye tha. Bahar ka khana avoid karna chahiye.","Kal paisa haath me aaya par kharch bhi tez hua. Bachat par dhyan dena chahiye tha.","",""
LIBRA,YESTERDAY,5,"Kal prem jeevan me madhurta rahi, partner ke saath ghoomne ka mauka mila. Kisi purane mitra se mulakat hui.","Kal office me mehnat ki sarahna hui. Senior ne baat maani, confidence rakhna chahiye tha.","Kal urja se bharpur rahe, vyayam karne ka mann kiya. Lekin zyada garmi se bachna chahiye tha.","Kal kisi naye kaam me nivesh karne ka mauka mila, soch samajh kar haan kehna chahiye tha.","",""
LIBRA,YESTERDAY,6,"Kal partner ke saath koi naya rishta shuru hua ya purana gahra hua. Dil ki baat kehne me jhijhak nahi karni chahiye thi.","Kal career me thodi bhaag-daud rahi, meetings me vyast rahe. Jaldbazi me galti nahi karni chahiye thi.","Kal jodon me halka dard hua, aaram karna chahiye tha. Subah ki dhoop faydemand rahi.","Kal aarthik labh hua, koi bonus ya gift mila. Lekin kharch par niyantran rakhna chahiye tha.","",""
LIBRA,YESTERDAY,7,"Kal partner ne surprise diya, prem me nayi urja aayi. Saath me kuch naya try karna chahiye tha.","Kal career me koi bada faisla lena pada, savdhani se sochna chahiye tha. Kisi anubhavi se salah leni chahiye thi.","Kal sehat achhi rahi, bas subah ka nashta skip nahi karna chahiye tha. Fresh fruit khane chahiye the.","Kal paisa aaya par kisi anavashyak cheez par kharch ho gaya. Ruk kar kharch karna chahiye tha.","",""
LIBRA,YESTERDAY,8,"Kal partner se koi purani baat chubhi thi, khul kar baat karni chahiye thi. Chhoti baat ko bada nahi banana chahiye tha.","Kal career me koi rukavat aayi, par dhairya se kaam liya. Koi purana project pura hua.","Kal mansik tanav hua, meditation karna chahiye tha. Neend poori karni chahiye thi.","Kal kisi dost se udhaar dena nahi chahiye tha, warna paisa wapas nahi milta. Apne paise sambhal kar rakhne chahiye the.","",""
LIBRA,YESTERDAY,9,"Kal prem jeevan me shanti rahi, partner ka sahyog mila. Kisi shubh karyakram me shirkat karne ka mauka mila.","Kal office me yojana ko sarahna mili. Team ke saath milkar kaam karne se safalta mili.","Kal pet aur digestion ka dhyan rakhna chahiye tha, ghar ka khana khana chahiye tha. Paani adhik peena chahiye tha.","Kal aarthik sthiti sudhri, koi purana nivesh fal diya. Nayi yojana banani chahiye thi.","",""
LIBRA,YESTERDAY,10,"Kal partner ke saath koi shubh samachar sunne ko mila. Rishta aur mazboot hua.","Kal career me naya mauka mila, interview ya meeting me safalta mili. Confidence se baat karni chahiye thi.","Kal sharir me halki sustee rahi, vyayam karna chahiye tha. Bahar ka khana avoid karna chahiye tha.","Kal paisa aaya par kharch bhi hua. Kisi ko daan karne se punya mila.","",""
LIBRA,YESTERDAY,11,"Kal partner ki sehat ka dhyan rakhna chahiye tha, unke saath samay bitana chahiye tha. Chhoti baat par jhagda nahi karna chahiye tha.","Kal office me koi purana kaam pura hua, senior khush hue. Naye project ki taiyari karni chahiye thi.","Kal gale me halki kharish hui, garm paani peekar rahat mili. Zyada bolne se bachna chahiye tha.","Kal koi purana lend wapas mila. Lekin naye nivesh se pehle achhi tarah sochna chahiye tha.","",""
LIBRA,YESTERDAY,12,"Kal prem jeevan me utar-chadhav raha, partner se baat karke sab theek ho gaya. Sabr rakhna chahiye tha.","Kal career me thodi deri hui, par kaam poora hua. Kisi colleague ki madad karni chahiye thi.","Kal sir dard hua, stress kam karna chahiye tha. Paani adhik peena aur aaram karna chahiye tha.","Kal kharcha tez hua, kisi bade nivesh se bachna chahiye tha. Budget banakar usi me rehna chahiye tha.","",""
LIBRA,YESTERDAY,13,"Kal kisi purane rishte me nayi jaan aayi, purane mitra se mulakat hui. Dil ki baat kehne me jhijhak nahi karni chahiye thi.","Kal office me mehnat ki tareef hui, promotion ke chances bane. Mehnat jaari rakhni chahiye thi.","Kal sehat achhi rahi, bas subah walk karni chahiye thi. Junk food avoid karna chahiye tha.","Kal aarthik labh hua, koi bonus ya gift mila. Bachat par dhyan dena chahiye tha.","",""
LIBRA,YESTERDAY,14,"Kal partner ke saath koi naya plan bana, ghoomne ka mauka mila. Saath me samay bitana chahiye tha.","Kal career me koi naya mauka mila, turant haan nahi kehna chahiye tha. Soch samajh kar nirnay lena chahiye tha.","Kal thodi thakan mehsoos hui, aaram karna chahiye tha. Neend poori karni chahiye thi aur stress kam karna chahiye tha.","Kal paisa aaya par kharch bhi hua. Kisi zaruratmand ki madad karne se punya mila.","",""
LIBRA,YESTERDAY,15,"Kal prem jeevan me shanti rahi, partner ka sahyog mila. Kisi shubh karyakram me shirkat karne ka mauka mila.","Kal office me yojana ko sarahna mili. Team ke saath milkar kaam karne se safalta mili.","Kal pet aur digestion ka dhyan rakhna chahiye tha, ghar ka khana khana chahiye tha. Paani adhik peena chahiye tha.","Kal aarthik sthiti sudhri, koi purana nivesh fal diya. Nayi yojana banani chahiye thi.","",""
LIBRA,YESTERDAY,16,"Kal partner ke saath koi shubh samachar sunne ko mila. Rishta aur mazboot hua.","Kal career me naya mauka mila, interview ya meeting me safalta mili. Confidence se baat karni chahiye thi.","Kal sharir me halki sustee rahi, vyayam karna chahiye tha. Bahar ka khana avoid karna chahiye tha.","Kal paisa aaya par kharch bhi hua. Kisi ko daan karne se punya mila.","",""
LIBRA,YESTERDAY,17,"Kal partner ki sehat ka dhyan rakhna chahiye tha, unke saath samay bitana chahiye tha. Chhoti baat par jhagda nahi karna chahiye tha.","Kal office me koi purana kaam pura hua, senior khush hue. Naye project ki taiyari karni chahiye thi.","Kal gale me halki kharish hui, garm paani peekar rahat mili. Zyada bolne se bachna chahiye tha.","Kal koi purana lend wapas mila. Lekin naye nivesh se pehle achhi tarah sochna chahiye tha.","",""
LIBRA,YESTERDAY,18,"Kal prem jeevan me utar-chadhav raha, partner se baat karke sab theek ho gaya. Sabr rakhna chahiye tha.","Kal career me thodi deri hui, par kaam poora hua. Kisi colleague ki madad karni chahiye thi.","Kal sir dard hua, stress kam karna chahiye tha. Paani adhik peena aur aaram karna chahiye tha.","Kal kharcha tez hua, kisi bade nivesh se bachna chahiye tha. Budget banakar usi me rehna chahiye tha.","",""
LIBRA,YESTERDAY,19,"Kal kisi purane rishte me nayi jaan aayi, purane mitra se mulakat hui. Dil ki baat kehne me jhijhak nahi karni chahiye thi.","Kal office me mehnat ki tareef hui, promotion ke chances bane. Mehnat jaari rakhni chahiye thi.","Kal sehat achhi rahi, bas subah walk karni chahiye thi. Junk food avoid karna chahiye tha.","Kal aarthik labh hua, koi bonus ya gift mila. Bachat par dhyan dena chahiye tha.","",""
LIBRA,YESTERDAY,20,"Kal partner ke saath koi naya plan bana, ghoomne ka mauka mila. Saath me samay bitana chahiye tha.","Kal career me koi naya mauka mila, turant haan nahi kehna chahiye tha. Soch samajh kar nirnay lena chahiye tha.","Kal thodi thakan mehsoos hui, aaram karna chahiye tha. Neend poori karni chahiye thi aur stress kam karna chahiye tha.","Kal paisa aaya par kharch bhi hua. Kisi zaruratmand ki madad karne se punya mila.","",""
LIBRA,YESTERDAY,21,"Kal prem jeevan me shanti rahi, partner ka sahyog mila. Kisi shubh karyakram me shirkat karne ka mauka mila.","Kal office me yojana ko sarahna mili. Team ke saath milkar kaam karne se safalta mili.","Kal pet aur digestion ka dhyan rakhna chahiye tha, ghar ka khana khana chahiye tha. Paani adhik peena chahiye tha.","Kal aarthik sthiti sudhri, koi purana nivesh fal diya. Nayi yojana banani chahiye thi.","",""
LIBRA,YESTERDAY,22,"Kal partner ke saath koi shubh samachar sunne ko mila. Rishta aur mazboot hua.","Kal career me naya mauka mila, interview ya meeting me safalta mili. Confidence se baat karni chahiye thi.","Kal sharir me halki sustee rahi, vyayam karna chahiye tha. Bahar ka khana avoid karna chahiye tha.","Kal paisa aaya par kharch bhi hua. Kisi ko daan karne se punya mila.","",""
LIBRA,YESTERDAY,23,"Kal partner ki sehat ka dhyan rakhna chahiye tha, unke saath samay bitana chahiye tha. Chhoti baat par jhagda nahi karna chahiye tha.","Kal office me koi purana kaam pura hua, senior khush hue. Naye project ki taiyari karni chahiye thi.","Kal gale me halki kharish hui, garm paani peekar rahat mili. Zyada bolne se bachna chahiye tha.","Kal koi purana lend wapas mila. Lekin naye nivesh se pehle achhi tarah sochna chahiye tha.","",""
LIBRA,YESTERDAY,24,"Kal prem jeevan me utar-chadhav raha, partner se baat karke sab theek ho gaya. Sabr rakhna chahiye tha.","Kal career me thodi deri hui, par kaam poora hua. Kisi colleague ki madad karni chahiye thi.","Kal sir dard hua, stress kam karna chahiye tha. Paani adhik peena aur aaram karna chahiye tha.","Kal kharcha tez hua, kisi bade nivesh se bachna chahiye tha. Budget banakar usi me rehna chahiye tha.","",""
LIBRA,YESTERDAY,25,"Kal kisi purane rishte me nayi jaan aayi, purane mitra se mulakat hui. Dil ki baat kehne me jhijhak nahi karni chahiye thi.","Kal office me mehnat ki tareef hui, promotion ke chances bane. Mehnat jaari rakhni chahiye thi.","Kal sehat achhi rahi, bas subah walk karni chahiye thi. Junk food avoid karna chahiye tha.","Kal aarthik labh hua, koi bonus ya gift mila. Bachat par dhyan dena chahiye tha.","",""
LIBRA,YESTERDAY,26,"Kal partner ke saath koi naya plan bana, ghoomne ka mauka mila. Saath me samay bitana chahiye tha.","Kal career me koi naya mauka mila, turant haan nahi kehna chahiye tha. Soch samajh kar nirnay lena chahiye tha.","Kal thodi thakan mehsoos hui, aaram karna chahiye tha. Neend poori karni chahiye thi aur stress kam karna chahiye tha.","Kal paisa aaya par kharch bhi hua. Kisi zaruratmand ki madad karne se punya mila.","",""
LIBRA,YESTERDAY,27,"Kal prem jeevan me shanti rahi, partner ka sahyog mila. Kisi shubh karyakram me shirkat karne ka mauka mila.","Kal office me yojana ko sarahna mili. Team ke saath milkar kaam karne se safalta mili.","Kal pet aur digestion ka dhyan rakhna chahiye tha, ghar ka khana khana chahiye tha. Paani adhik peena chahiye tha.","Kal aarthik sthiti sudhri, koi purana nivesh fal diya. Nayi yojana banani chahiye thi.","",""
LIBRA,YESTERDAY,28,"Kal partner ke saath koi shubh samachar sunne ko mila. Rishta aur mazboot hua.","Kal career me naya mauka mila, interview ya meeting me safalta mili. Confidence se baat karni chahiye thi.","Kal sharir me halki sustee rahi, vyayam karna chahiye tha. Bahar ka khana avoid karna chahiye tha.","Kal paisa aaya par kharch bhi hua. Kisi ko daan karne se punya mila.","",""
LIBRA,YESTERDAY,29,"Kal partner ki sehat ka dhyan rakhna chahiye tha, unke saath samay bitana chahiye tha. Chhoti baat par jhagda nahi karna chahiye tha.","Kal office me koi purana kaam pura hua, senior khush hue. Naye project ki taiyari karni chahiye thi.","Kal gale me halki kharish hui, garm paani peekar rahat mili. Zyada bolne se bachna chahiye tha.","Kal koi purana lend wapas mila. Lekin naye nivesh se pehle achhi tarah sochna chahiye tha.","",""
LIBRA,TOMORROW,0,"Kal partner ke saath samay bitane ka mauka milega, purani galatfehmi door hogi. Dil ki baat khul kar kehna rishte ko mazboot banayega.","Kal career me koi naya kaam shuru karne ka mauka mil sakta hai, senior ka sahyog milega. Jaldbazi na karein.","Kal sehat achhi rahegi, subah walk zaroor karein. Thanda aur fried khane se bachein.","Kal paisa aayega, kisi purane lend ka paisa wapas mil sakta hai. Lekin faltu kharch se bachein.","",""
LIBRA,TOMORROW,1,"Kal prem jeevan me nayi urja aayegi, koi purana mitra mil sakta hai. Partner ki baat dhyan se sunein.","Kal office me mehnat ki tareef hogi, promotion ke chances hain. Colleagues ke saath milkar kaam karein.","Kal thodi thakan mehsoos hogi, aaram karein. Paani adhik peeyein aur stress kam karein.","Kal kharcha thoda zyada ho sakta hai, budget banayein. Naye nivesh se pehle soch-vichar karein.","",""
LIBRA,TOMORROW,2,"Kal partner ke saath koi purana mamla sulah ho sakta hai. Rishte me vishwas badhega aur madhurta aayegi.","Kal career me koi rukavat aa sakti hai, dhairya rakhein. Kisi colleague se salah lein to fayda hoga.","Kal gale aur sans me halki takleef ho sakti hai. Garm kapde pehnein aur thanda na khayein.","Kal paisa aayega par kharch bhi hoga. Kisi zaruratmand ki madad karein, punya milega.","",""
LIBRA,TOMORROW,3,"Kal kisi khaas insaan se mulaqat hogi jo din bana degi. Purane jhagde sulah ho sakte hain.","Kal office me raay ko mahatva milega. Kisi naye project ki zimmedari mil sakti hai.","Kal sehat ke liye halka vyayam karein aur khub paani peeyein. Sir dard ho sakta hai.","Kal aarthik sthiti majboot rahegi, koi purana karz chukane ka mauka milega.","",""
LIBRA,TOMORROW,4,"Kal partner ke saath chhoti baat par takraar ho sakti hai, shaant rahein. Raat ko sulah ho jayegi.","Kal career me koi naya mauka milega, turant haan na kahein. Soch samajh kar nirnay lein.","Kal pet me halki gadbad ho sakti hai, halka khana khayein. Bahar ka khana avoid karein.","Kal paisa haath me aayega par kharch bhi tez hoga. Bachat par dhyan dein.","",""
LIBRA,TOMORROW,5,"Kal prem jeevan me madhurta rahegi, partner ke saath ghoomne ka mauka milega. Kisi purane mitra se mulakat hogi.","Kal office me mehnat ki sarahna hogi. Senior aapki baat maanenge, confidence rakhein.","Kal urja se bharpur rahenge, vyayam karne ka mann karega. Lekin zyada garmi se bachein.","Kal kisi naye kaam me nivesh karne ka mauka milega, soch samajh kar haan kahein.","",""
LIBRA,TOMORROW,6,"Kal partner ke saath koi naya rishta shuru ho sakta hai ya purana gahra ho sakta hai. Dil ki baat kehne me jhijhak na karein.","Kal career me thodi bhaag-daud rahegi, meetings me vyast rahenge. Jaldbazi me galti na karein.","Kal jodon me halka dard ho sakta hai, aaram karein. Subah ki dhoop faydemand hai.","Kal aarthik labh hoga, koi bonus ya gift mil sakta hai. Lekin kharch par niyantran rakhein.","",""
LIBRA,TOMORROW,7,"Kal partner aapko surprise de sakta hai, prem me nayi urja aayegi. Saath me kuch naya try karein.","Kal career me koi bada faisla lena pad sakta hai, savdhani se sochein. Kisi anubhavi se salah lein.","Kal sehat achhi rahegi, bas subah ka nashta skip na karein. Fresh fruit khayein.","Kal paisa aayega par kisi anavashyak cheez par kharch ho sakta hai. Ruk kar kharch karein.","",""
LIBRA,TOMORROW,8,"Kal partner se koi purani baat chubh sakti hai, khul kar baat karein. Chhoti baat ko bada na banayein.","Kal career me koi rukavat aa sakti hai, par dhairya se kaam lein. Koi purana project pura hoga.","Kal mansik tanav ho sakta hai, meditation karein. Neend poori karein.","Kal kisi dost se udhaar dene se bachein, warna paisa wapas nahi milega. Apne paise sambhal kar rakhein.","",""
LIBRA,TOMORROW,9,"Kal prem jeevan me shanti rahegi, partner ka sahyog milega. Kisi shubh karyakram me shirkat karne ka mauka milega.","Kal office me yojana ko sarahna milegi. Team ke saath milkar kaam karein to safalta milegi.","Kal pet aur digestion ka dhyan rakhein, ghar ka khana khayein. Paani adhik peeyein.","Kal aarthik sthiti sudhregi, koi purana nivesh fal dega. Nayi yojana banayein.","",""
LIBRA,TOMORROW,10,"Kal partner ke saath koi shubh samachar sunne ko milega. Rishta aur mazboot hoga.","Kal career me naya mauka milega, interview ya meeting me safalta milegi. Confidence se baat karein.","Kal sharir me halki sustee rahegi, vyayam karein. Bahar ka khana avoid karein.","Kal paisa aayega par kharch bhi hoga. Kisi ko daan karein to punya milega.","",""
LIBRA,TOMORROW,11,"Kal partner ki sehat ka dhyan rakhein, unke saath samay bitayein. Chhoti baat par jhagda na karein.","Kal office me koi purana kaam pura hoga, senior khush honge. Naye project ki taiyari karein.","Kal gale me halki kharish ho sakti hai, garm paani peekar rahat milegi. Zyada bolne se bachein.","Kal koi purana lend wapas milega. Lekin naye nivesh se pehle achhi tarah soch lein.","",""
LIBRA,TOMORROW,12,"Kal prem jeevan me utar-chadhav rahega, partner se baat karke sab theek ho jayega. Sabr rakhein.","Kal career me thodi deri ho sakti hai, par kaam poora hoga. Kisi colleague ki madad karein.","Kal sir dard ho sakta hai, stress kam karein. Paani adhik peeyein aur aaram karein.","Kal kharcha tez hoga, kisi bade nivesh se bachein. Budget banayein aur usi me rahein.","",""
LIBRA,TOMORROW,13,"Kal kisi purane rishte me nayi jaan aayegi, purane mitra se mulakat hogi. Dil ki baat kehne me jhijhak na karein.","Kal office me mehnat ki tareef hogi, promotion ke chances hain. Mehnat jaari rakhein.","Kal sehat achhi rahegi, bas subah walk zaroor karein. Junk food avoid karein.","Kal aarthik labh hoga, koi bonus ya gift mil sakta hai. Bachat par dhyan dein.","",""
LIBRA,TOMORROW,14,"Kal partner ke saath koi naya plan banega, ghoomne ka mauka milega. Saath me samay bitayein.","Kal career me koi naya mauka milega, turant haan na kahein. Soch samajh kar nirnay lein.","Kal thodi thakan mehsoos hogi, aaram karein. Neend poori karein aur stress kam karein.","Kal paisa aayega par kharch bhi hoga. Kisi zaruratmand ki madad karein, punya milega.","",""
LIBRA,TOMORROW,15,"Kal prem jeevan me shanti rahegi, partner ka sahyog milega. Kisi shubh karyakram me shirkat karne ka mauka milega.","Kal office me yojana ko sarahna milegi. Team ke saath milkar kaam karein to safalta milegi.","Kal pet aur digestion ka dhyan rakhein, ghar ka khana khayein. Paani adhik peeyein.","Kal aarthik sthiti sudhregi, koi purana nivesh fal dega. Nayi yojana banayein.","",""
LIBRA,TOMORROW,16,"Kal partner ke saath koi shubh samachar sunne ko milega. Rishta aur mazboot hoga.","Kal career me naya mauka milega, interview ya meeting me safalta milegi. Confidence se baat karein.","Kal sharir me halki sustee rahegi, vyayam karein. Bahar ka khana avoid karein.","Kal paisa aayega par kharch bhi hoga. Kisi ko daan karein to punya milega.","",""
LIBRA,TOMORROW,17,"Kal partner ki sehat ka dhyan rakhein, unke saath samay bitayein. Chhoti baat par jhagda na karein.","Kal office me koi purana kaam pura hoga, senior khush honge. Naye project ki taiyari karein.","Kal gale me halki kharish ho sakti hai, garm paani peekar rahat milegi. Zyada bolne se bachein.","Kal koi purana lend wapas milega. Lekin naye nivesh se pehle achhi tarah soch lein.","",""
LIBRA,TOMORROW,18,"Kal prem jeevan me utar-chadhav rahega, partner se baat karke sab theek ho jayega. Sabr rakhein.","Kal career me thodi deri ho sakti hai, par kaam poora hoga. Kisi colleague ki madad karein.","Kal sir dard ho sakta hai, stress kam karein. Paani adhik peeyein aur aaram karein.","Kal kharcha tez hoga, kisi bade nivesh se bachein. Budget banayein aur usi me rahein.","",""
LIBRA,TOMORROW,19,"Kal kisi purane rishte me nayi jaan aayegi, purane mitra se mulakat hogi. Dil ki baat kehne me jhijhak na karein.","Kal office me mehnat ki tareef hogi, promotion ke chances hain. Mehnat jaari rakhein.","Kal sehat achhi rahegi, bas subah walk zaroor karein. Junk food avoid karein.","Kal aarthik labh hoga, koi bonus ya gift mil sakta hai. Bachat par dhyan dein.","",""
LIBRA,TOMORROW,20,"Kal partner ke saath koi naya plan banega, ghoomne ka mauka milega. Saath me samay bitayein.","Kal career me koi naya mauka milega, turant haan na kahein. Soch samajh kar nirnay lein.","Kal thodi thakan mehsoos hogi, aaram karein. Neend poori karein aur stress kam karein.","Kal paisa aayega par kharch bhi hoga. Kisi zaruratmand ki madad karein, punya milega.","",""
LIBRA,TOMORROW,21,"Kal prem jeevan me shanti rahegi, partner ka sahyog milega. Kisi shubh karyakram me shirkat karne ka mauka milega.","Kal office me yojana ko sarahna milegi. Team ke saath milkar kaam karein to safalta milegi.","Kal pet aur digestion ka dhyan rakhein, ghar ka khana khayein. Paani adhik peeyein.","Kal aarthik sthiti sudhregi, koi purana nivesh fal dega. Nayi yojana banayein.","",""
LIBRA,TOMORROW,22,"Kal partner ke saath koi shubh samachar sunne ko milega. Rishta aur mazboot hoga.","Kal career me naya mauka milega, interview ya meeting me safalta milegi. Confidence se baat karein.","Kal sharir me halki sustee rahegi, vyayam karein. Bahar ka khana avoid karein.","Kal paisa aayega par kharch bhi hoga. Kisi ko daan karein to punya milega.","",""
LIBRA,TOMORROW,23,"Kal partner ki sehat ka dhyan rakhein, unke saath samay bitayein. Chhoti baat par jhagda na karein.","Kal office me koi purana kaam pura hoga, senior khush honge. Naye project ki taiyari karein.","Kal gale me halki kharish ho sakti hai, garm paani peekar rahat milegi. Zyada bolne se bachein.","Kal koi purana lend wapas milega. Lekin naye nivesh se pehle achhi tarah soch lein.","",""
LIBRA,TOMORROW,24,"Kal prem jeevan me utar-chadhav rahega, partner se baat karke sab theek ho jayega. Sabr rakhein.","Kal career me thodi deri ho sakti hai, par kaam poora hoga. Kisi colleague ki madad karein.","Kal sir dard ho sakta hai, stress kam karein. Paani adhik peeyein aur aaram karein.","Kal kharcha tez hoga, kisi bade nivesh se bachein. Budget banayein aur usi me rahein.","",""
LIBRA,TOMORROW,25,"Kal kisi purane rishte me nayi jaan aayegi, purane mitra se mulakat hogi. Dil ki baat kehne me jhijhak na karein.","Kal office me mehnat ki tareef hogi, promotion ke chances hain. Mehnat jaari rakhein.","Kal sehat achhi rahegi, bas subah walk zaroor karein. Junk food avoid karein.","Kal aarthik labh hoga, koi bonus ya gift mil sakta hai. Bachat par dhyan dein.","",""
LIBRA,TOMORROW,26,"Kal partner ke saath koi naya plan banega, ghoomne ka mauka milega. Saath me samay bitayein.","Kal career me koi naya mauka milega, turant haan na kahein. Soch samajh kar nirnay lein.","Kal thodi thakan mehsoos hogi, aaram karein. Neend poori karein aur stress kam karein.","Kal paisa aayega par kharch bhi hoga. Kisi zaruratmand ki madad karein, punya milega.","",""
LIBRA,TOMORROW,27,"Kal prem jeevan me shanti rahegi, partner ka sahyog milega. Kisi shubh karyakram me shirkat karne ka mauka milega.","Kal office me yojana ko sarahna milegi. Team ke saath milkar kaam karein to safalta milegi.","Kal pet aur digestion ka dhyan rakhein, ghar ka khana khayein. Paani adhik peeyein.","Kal aarthik sthiti sudhregi, koi purana nivesh fal dega. Nayi yojana banayein.","",""
LIBRA,TOMORROW,28,"Kal partner ke saath koi shubh samachar sunne ko milega. Rishta aur mazboot hoga.","Kal career me naya mauka milega, interview ya meeting me safalta milegi. Confidence se baat karein.","Kal sharir me halki sustee rahegi, vyayam karein. Bahar ka khana avoid karein.","Kal paisa aayega par kharch bhi hoga. Kisi ko daan karein to punya milega.","",""
LIBRA,TOMORROW,29,"Kal partner ki sehat ka dhyan rakhein, unke saath samay bitayein. Chhoti baat par jhagda na karein.","Kal office me koi purana kaam pura hoga, senior khush honge. Naye project ki taiyari karein.","Kal gale me halki kharish ho sakti hai, garm paani peekar rahat milegi. Zyada bolne se bachein.","Kal koi purana lend wapas milega. Lekin naye nivesh se pehle achhi tarah soch lein.","",""
LIBRA,WEEKLY,0,"Is hafte prem jeevan me madhurta rahegi, partner ke saath samay bitane ka mauka milega. Kisi purane mitra se mulakat hogi.","Is hafte career me naya project milega, senior ka sahyog rahega. Mehnat ka fal zaroor milega.","Is hafte sehat achhi rahegi, bas subah walk aur halka vyayam karein. Junk food avoid karein.","Is hafte aarthik labh hoga, koi purana lend wapas milega. Lekin budget banakar chalein.","",""
LIBRA,WEEKLY,1,"Is hafte partner ke saath koi purana mamla sulah ho sakta hai. Rishte me vishwas badhega aur prem gahra hoga.","Is hafte office me aapki mehnat ki tareef hogi, promotion ke chances hain. Team ke saath milkar kaam karein.","Is hafte thodi thakan mehsoos hogi, aaram karein aur neend poori karein. Paani adhik peeyein.","Is hafte kharcha thoda zyada hoga, savdhani rakhein. Kisi naye nivesh se pehle soch-vichar karein.","",""
LIBRA,WEEKLY,2,"Is hafte kisi khaas insaan se mulaqat hogi jo dil ko khush kar degi. Purane jhagde sulah ho sakte hain.","Is hafte career me koi rukavat aa sakti hai, dhairya rakhein. Kisi colleague se salah lena faydemand hoga.","Is hafte gale aur sans me halki takleef ho sakti hai. Garm kapde pehnein aur thanda na khayein.","Is hafte paisa aayega par kharch bhi hoga. Kisi zaruratmand ki madad karein, punya milega.","",""
LIBRA,WEEKLY,3,"Is hafte prem jeevan me shanti rahegi, partner ka sahyog milega. Kisi shubh karyakram me shirkat karne ka mauka milega.","Is hafte office me aapki yojana ko sarahna milegi. Naye project ki zimmedari mil sakti hai.","Is hafte sehat ke liye halka vyayam karein aur khub paani peeyein. Sir dard se bachein.","Is hafte aarthik sthiti majboot rahegi, koi purana karz chukane ka mauka milega.","",""
LIBRA,WEEKLY,4,"Is hafte partner ke saath chhoti baat par takraar ho sakti hai, shaant rahein. Hafte ke ant me sulah ho jayegi.","Is hafte career me koi naya mauka milega, turant haan na kahein. Soch samajh kar nirnay lein.","Is hafte pet me halki gadbad ho sakti hai, halka khana khayein. Bahar ka khana avoid karein.","Is hafte paisa haath me aayega par kharch bhi tez hoga. Bachat par dhyan dein.","",""
LIBRA,WEEKLY,5,"Is hafte prem jeevan me madhurta rahegi, partner ke saath ghoomne ka mauka milega. Kisi purane mitra se mulakat hogi.","Is hafte office me mehnat ki sarahna hogi. Senior aapki baat maanenge, confidence rakhein.","Is hafte urja se bharpur rahenge, vyayam karne ka mann karega. Lekin zyada garmi se bachein.","Is hafte kisi naye kaam me nivesh karne ka mauka milega, soch samajh kar haan kahein.","",""
LIBRA,WEEKLY,6,"Is hafte partner ke saath koi naya rishta shuru ho sakta hai ya purana gahra ho sakta hai. Dil ki baat kehne me jhijhak na karein.","Is hafte career me thodi bhaag-daud rahegi, meetings me vyast rahenge. Jaldbazi me galti na karein.","Is hafte jodon me halka dard ho sakta hai, aaram karein. Subah ki dhoop faydemand hai.","Is hafte aarthik labh hoga, koi bonus ya gift mil sakta hai. Lekin kharch par niyantran rakhein.","",""
LIBRA,WEEKLY,7,"Is hafte partner aapko surprise de sakta hai, prem me nayi urja aayegi. Saath me kuch naya try karein.","Is hafte career me koi bada faisla lena pad sakta hai, savdhani se sochein. Kisi anubhavi se salah lein.","Is hafte sehat achhi rahegi, bas subah ka nashta skip na karein. Fresh fruit khayein.","Is hafte paisa aayega par kisi anavashyak cheez par kharch ho sakta hai. Ruk kar kharch karein.","",""
LIBRA,WEEKLY,8,"Is hafte partner se koi purani baat chubh sakti hai, khul kar baat karein. Chhoti baat ko bada na banayein.","Is hafte career me koi rukavat aa sakti hai, par dhairya se kaam lein. Koi purana project pura hoga.","Is hafte mansik tanav ho sakta hai, meditation karein. Neend poori karein.","Is hafte kisi dost se udhaar dene se bachein, warna paisa wapas nahi milega. Apne paise sambhal kar rakhein.","",""
LIBRA,WEEKLY,9,"Is hafte prem jeevan me shanti rahegi, partner ka sahyog milega. Kisi shubh karyakram me shirkat karne ka mauka milega.","Is hafte office me yojana ko sarahna milegi. Team ke saath milkar kaam karein to safalta milegi.","Is hafte pet aur digestion ka dhyan rakhein, ghar ka khana khayein. Paani adhik peeyein.","Is hafte aarthik sthiti sudhregi, koi purana nivesh fal dega. Nayi yojana banayein.","",""
LIBRA,WEEKLY,10,"Is hafte partner ke saath koi shubh samachar sunne ko milega. Rishta aur mazboot hoga.","Is hafte career me naya mauka milega, interview ya meeting me safalta milegi. Confidence se baat karein.","Is hafte sharir me halki sustee rahegi, vyayam karein. Bahar ka khana avoid karein.","Is hafte paisa aayega par kharch bhi hoga. Kisi ko daan karein to punya milega.","",""
LIBRA,WEEKLY,11,"Is hafte partner ki sehat ka dhyan rakhein, unke saath samay bitayein. Chhoti baat par jhagda na karein.","Is hafte office me koi purana kaam pura hoga, senior khush honge. Naye project ki taiyari karein.","Is hafte gale me halki kharish ho sakti hai, garm paani peekar rahat milegi. Zyada bolne se bachein.","Is hafte koi purana lend wapas milega. Lekin naye nivesh se pehle achhi tarah soch lein.","",""
LIBRA,WEEKLY,12,"Is hafte prem jeevan me utar-chadhav rahega, partner se baat karke sab theek ho jayega. Sabr rakhein.","Is hafte career me thodi deri ho sakti hai, par kaam poora hoga. Kisi colleague ki madad karein.","Is hafte sir dard ho sakta hai, stress kam karein. Paani adhik peeyein aur aaram karein.","Is hafte kharcha tez hoga, kisi bade nivesh se bachein. Budget banayein aur usi me rahein.","",""
LIBRA,WEEKLY,13,"Is hafte kisi purane rishte me nayi jaan aayegi, purane mitra se mulakat hogi. Dil ki baat kehne me jhijhak na karein.","Is hafte office me mehnat ki tareef hogi, promotion ke chances hain. Mehnat jaari rakhein.","Is hafte sehat achhi rahegi, bas subah walk zaroor karein. Junk food avoid karein.","Is hafte aarthik labh hoga, koi bonus ya gift mil sakta hai. Bachat par dhyan dein.","",""
LIBRA,WEEKLY,14,"Is hafte partner ke saath koi naya plan banega, ghoomne ka mauka milega. Saath me samay bitayein.","Is hafte career me koi naya mauka milega, turant haan na kahein. Soch samajh kar nirnay lein.","Is hafte thodi thakan mehsoos hogi, aaram karein. Neend poori karein aur stress kam karein.","Is hafte paisa aayega par kharch bhi hoga. Kisi zaruratmand ki madad karein, punya milega.","",""
LIBRA,WEEKLY,15,"Is hafte prem jeevan me shanti rahegi, partner ka sahyog milega. Kisi shubh karyakram me shirkat karne ka mauka milega.","Is hafte office me yojana ko sarahna milegi. Team ke saath milkar kaam karein to safalta milegi.","Is hafte pet aur digestion ka dhyan rakhein, ghar ka khana khayein. Paani adhik peeyein.","Is hafte aarthik sthiti sudhregi, koi purana nivesh fal dega. Nayi yojana banayein.","",""
LIBRA,WEEKLY,16,"Is hafte partner ke saath koi shubh samachar sunne ko milega. Rishta aur mazboot hoga.","Is hafte career me naya mauka milega, interview ya meeting me safalta milegi. Confidence se baat karein.","Is hafte sharir me halki sustee rahegi, vyayam karein. Bahar ka khana avoid karein.","Is hafte paisa aayega par kharch bhi hoga. Kisi ko daan karein to punya milega.","",""
LIBRA,WEEKLY,17,"Is hafte partner ki sehat ka dhyan rakhein, unke saath samay bitayein. Chhoti baat par jhagda na karein.","Is hafte office me koi purana kaam pura hoga, senior khush honge. Naye project ki taiyari karein.","Is hafte gale me halki kharish ho sakti hai, garm paani peekar rahat milegi. Zyada bolne se bachein.","Is hafte koi purana lend wapas milega. Lekin naye nivesh se pehle achhi tarah soch lein.","",""
LIBRA,WEEKLY,18,"Is hafte prem jeevan me utar-chadhav rahega, partner se baat karke sab theek ho jayega. Sabr rakhein.","Is hafte career me thodi deri ho sakti hai, par kaam poora hoga. Kisi colleague ki madad karein.","Is hafte sir dard ho sakta hai, stress kam karein. Paani adhik peeyein aur aaram karein.","Is hafte kharcha tez hoga, kisi bade nivesh se bachein. Budget banayein aur usi me rahein.","",""
LIBRA,WEEKLY,19,"Is hafte kisi purane rishte me nayi jaan aayegi, purane mitra se mulakat hogi. Dil ki baat kehne me jhijhak na karein.","Is hafte office me mehnat ki tareef hogi, promotion ke chances hain. Mehnat jaari rakhein.","Is hafte sehat achhi rahegi, bas subah walk zaroor karein. Junk food avoid karein.","Is hafte aarthik labh hoga, koi bonus ya gift mil sakta hai. Bachat par dhyan dein.","",""
LIBRA,WEEKLY,20,"Is hafte partner ke saath koi naya plan banega, ghoomne ka mauka milega. Saath me samay bitayein.","Is hafte career me koi naya mauka milega, turant haan na kahein. Soch samajh kar nirnay lein.","Is hafte thodi thakan mehsoos hogi, aaram karein. Neend poori karein aur stress kam karein.","Is hafte paisa aayega par kharch bhi hoga. Kisi zaruratmand ki madad karein, punya milega.","",""
LIBRA,WEEKLY,21,"Is hafte prem jeevan me shanti rahegi, partner ka sahyog milega. Kisi shubh karyakram me shirkat karne ka mauka milega.","Is hafte office me yojana ko sarahna milegi. Team ke saath milkar kaam karein to safalta milegi.","Is hafte pet aur digestion ka dhyan rakhein, ghar ka khana khayein. Paani adhik peeyein.","Is hafte aarthik sthiti sudhregi, koi purana nivesh fal dega. Nayi yojana banayein.","",""
LIBRA,WEEKLY,22,"Is hafte partner ke saath koi shubh samachar sunne ko milega. Rishta aur mazboot hoga.","Is hafte career me naya mauka milega, interview ya meeting me safalta milegi. Confidence se baat karein.","Is hafte sharir me halki sustee rahegi, vyayam karein. Bahar ka khana avoid karein.","Is hafte paisa aayega par kharch bhi hoga. Kisi ko daan karein to punya milega.","",""
LIBRA,WEEKLY,23,"Is hafte partner ki sehat ka dhyan rakhein, unke saath samay bitayein. Chhoti baat par jhagda na karein.","Is hafte office me koi purana kaam pura hoga, senior khush honge. Naye project ki taiyari karein.","Is hafte gale me halki kharish ho sakti hai, garm paani peekar rahat milegi. Zyada bolne se bachein.","Is hafte koi purana lend wapas milega. Lekin naye nivesh se pehle achhi tarah soch lein.","",""
LIBRA,WEEKLY,24,"Is hafte prem jeevan me utar-chadhav rahega, partner se baat karke sab theek ho jayega. Sabr rakhein.","Is hafte career me thodi deri ho sakti hai, par kaam poora hoga. Kisi colleague ki madad karein.","Is hafte sir dard ho sakta hai, stress kam karein. Paani adhik peeyein aur aaram karein.","Is hafte kharcha tez hoga, kisi bade nivesh se bachein. Budget banayein aur usi me rahein.","",""
LIBRA,WEEKLY,25,"Is hafte kisi purane rishte me nayi jaan aayegi, purane mitra se mulakat hogi. Dil ki baat kehne me jhijhak na karein.","Is hafte office me mehnat ki tareef hogi, promotion ke chances hain. Mehnat jaari rakhein.","Is hafte sehat achhi rahegi, bas subah walk zaroor karein. Junk food avoid karein.","Is hafte aarthik labh hoga, koi bonus ya gift mil sakta hai. Bachat par dhyan dein.","",""
LIBRA,WEEKLY,26,"Is hafte partner ke saath koi naya plan banega, ghoomne ka mauka milega. Saath me samay bitayein.","Is hafte career me koi naya mauka milega, turant haan na kahein. Soch samajh kar nirnay lein.","Is hafte thodi thakan mehsoos hogi, aaram karein. Neend poori karein aur stress kam karein.","Is hafte paisa aayega par kharch bhi hoga. Kisi zaruratmand ki madad karein, punya milega.","",""
LIBRA,WEEKLY,27,"Is hafte prem jeevan me shanti rahegi, partner ka sahyog milega. Kisi shubh karyakram me shirkat karne ka mauka milega.","Is hafte office me yojana ko sarahna milegi. Team ke saath milkar kaam karein to safalta milegi.","Is hafte pet aur digestion ka dhyan rakhein, ghar ka khana khayein. Paani adhik peeyein.","Is hafte aarthik sthiti sudhregi, koi purana nivesh fal dega. Nayi yojana banayein.","",""
LIBRA,WEEKLY,28,"Is hafte partner ke saath koi shubh samachar sunne ko milega. Rishta aur mazboot hoga.","Is hafte career me naya mauka milega, interview ya meeting me safalta milegi. Confidence se baat karein.","Is hafte sharir me halki sustee rahegi, vyayam karein. Bahar ka khana avoid karein.","Is hafte paisa aayega par kharch bhi hoga. Kisi ko daan karein to punya milega.","",""
LIBRA,WEEKLY,29,"Is hafte partner ki sehat ka dhyan rakhein, unke saath samay bitayein. Chhoti baat par jhagda na karein.","Is hafte office me koi purana kaam pura hoga, senior khush honge. Naye project ki taiyari karein.","Is hafte gale me halki kharish ho sakti hai, garm paani peekar rahat milegi. Zyada bolne se bachein.","Is hafte koi purana lend wapas milega. Lekin naye nivesh se pehle achhi tarah soch lein.","",""
LIBRA,MONTHLY,0,"Is mahine prem jeevan me madhurta rahegi, partner ke saath samay bitane ka mauka milega. Kisi purane mitra se mulakat hogi.","Is mahine career me naya project milega, senior ka sahyog rahega. Mehnat ka fal zaroor milega.","Is mahine sehat achhi rahegi, bas subah walk aur halka vyayam karein. Junk food avoid karein.","Is mahine aarthik labh hoga, koi purana lend wapas milega. Lekin budget banakar chalein.","",""
LIBRA,MONTHLY,1,"Is mahine partner ke saath koi purana mamla sulah ho sakta hai. Rishte me vishwas badhega aur prem gahra hoga.","Is mahine office me aapki mehnat ki tareef hogi, promotion ke chances hain. Team ke saath milkar kaam karein.","Is mahine thodi thakan mehsoos hogi, aaram karein aur neend poori karein. Paani adhik peeyein.","Is mahine kharcha thoda zyada hoga, savdhani rakhein. Kisi naye nivesh se pehle soch-vichar karein.","",""
LIBRA,MONTHLY,2,"Is mahine kisi khaas insaan se mulaqat hogi jo dil ko khush kar degi. Purane jhagde sulah ho sakte hain.","Is mahine career me koi rukavat aa sakti hai, dhairya rakhein. Kisi colleague se salah lena faydemand hoga.","Is mahine gale aur sans me halki takleef ho sakti hai. Garm kapde pehnein aur thanda na khayein.","Is mahine paisa aayega par kharch bhi hoga. Kisi zaruratmand ki madad karein, punya milega.","",""
LIBRA,MONTHLY,3,"Is mahine prem jeevan me shanti rahegi, partner ka sahyog milega. Kisi shubh karyakram me shirkat karne ka mauka milega.","Is mahine office me aapki yojana ko sarahna milegi. Naye project ki zimmedari mil sakti hai.","Is mahine sehat ke liye halka vyayam karein aur khub paani peeyein. Sir dard se bachein.","Is mahine aarthik sthiti majboot rahegi, koi purana karz chukane ka mauka milega.","",""
LIBRA,MONTHLY,4,"Is mahine partner ke saath chhoti baat par takraar ho sakti hai, shaant rahein. Mahine ke ant me sulah ho jayegi.","Is mahine career me koi naya mauka milega, turant haan na kahein. Soch samajh kar nirnay lein.","Is mahine pet me halki gadbad ho sakti hai, halka khana khayein. Bahar ka khana avoid karein.","Is mahine paisa haath me aayega par kharch bhi tez hoga. Bachat par dhyan dein.","",""
LIBRA,MONTHLY,5,"Is mahine prem jeevan me madhurta rahegi, partner ke saath ghoomne ka mauka milega. Kisi purane mitra se mulakat hogi.","Is mahine office me mehnat ki sarahna hogi. Senior aapki baat maanenge, confidence rakhein.","Is mahine urja se bharpur rahenge, vyayam karne ka mann karega. Lekin zyada garmi se bachein.","Is mahine kisi naye kaam me nivesh karne ka mauka milega, soch samajh kar haan kahein.","",""
LIBRA,MONTHLY,6,"Is mahine partner ke saath koi naya rishta shuru ho sakta hai ya purana gahra ho sakta hai. Dil ki baat kehne me jhijhak na karein.","Is mahine career me thodi bhaag-daud rahegi, meetings me vyast rahenge. Jaldbazi me galti na karein.","Is mahine jodon me halka dard ho sakta hai, aaram karein. Subah ki dhoop faydemand hai.","Is mahine aarthik labh hoga, koi bonus ya gift mil sakta hai. Lekin kharch par niyantran rakhein.","",""
LIBRA,MONTHLY,7,"Is mahine partner aapko surprise de sakta hai, prem me nayi urja aayegi. Saath me kuch naya try karein.","Is mahine career me koi bada faisla lena pad sakta hai, savdhani se sochein. Kisi anubhavi se salah lein.","Is mahine sehat achhi rahegi, bas subah ka nashta skip na karein. Fresh fruit khayein.","Is mahine paisa aayega par kisi anavashyak cheez par kharch ho sakta hai. Ruk kar kharch karein.","",""
LIBRA,MONTHLY,8,"Is mahine partner se koi purani baat chubh sakti hai, khul kar baat karein. Chhoti baat ko bada na banayein.","Is mahine career me koi rukavat aa sakti hai, par dhairya se kaam lein. Koi purana project pura hoga.","Is mahine mansik tanav ho sakta hai, meditation karein. Neend poori karein.","Is mahine kisi dost se udhaar dene se bachein, warna paisa wapas nahi milega. Apne paise sambhal kar rakhein.","",""
LIBRA,MONTHLY,9,"Is mahine prem jeevan me shanti rahegi, partner ka sahyog milega. Kisi shubh karyakram me shirkat karne ka mauka milega.","Is mahine office me yojana ko sarahna milegi. Team ke saath milkar kaam karein to safalta milegi.","Is mahine pet aur digestion ka dhyan rakhein, ghar ka khana khayein. Paani adhik peeyein.","Is mahine aarthik sthiti sudhregi, koi purana nivesh fal dega. Nayi yojana banayein.","",""
LIBRA,MONTHLY,10,"Is mahine partner ke saath koi shubh samachar sunne ko milega. Rishta aur mazboot hoga.","Is mahine career me naya mauka milega, interview ya meeting me safalta milegi. Confidence se baat karein.","Is mahine sharir me halki sustee rahegi, vyayam karein. Bahar ka khana avoid karein.","Is mahine paisa aayega par kharch bhi hoga. Kisi ko daan karein to punya milega.","",""
LIBRA,MONTHLY,11,"Is mahine partner ki sehat ka dhyan rakhein, unke saath samay bitayein. Chhoti baat par jhagda na karein.","Is mahine office me koi purana kaam pura hoga, senior khush honge. Naye project ki taiyari karein.","Is mahine gale me halki kharish ho sakti hai, garm paani peekar rahat milegi. Zyada bolne se bachein.","Is mahine koi purana lend wapas milega. Lekin naye nivesh se pehle achhi tarah soch lein.","",""
LIBRA,MONTHLY,12,"Is mahine prem jeevan me utar-chadhav rahega, partner se baat karke sab theek ho jayega. Sabr rakhein.","Is mahine career me thodi deri ho sakti hai, par kaam poora hoga. Kisi colleague ki madad karein.","Is mahine sir dard ho sakta hai, stress kam karein. Paani adhik peeyein aur aaram karein.","Is mahine kharcha tez hoga, kisi bade nivesh se bachein. Budget banayein aur usi me rahein.","",""
LIBRA,MONTHLY,13,"Is mahine kisi purane rishte me nayi jaan aayegi, purane mitra se mulakat hogi. Dil ki baat kehne me jhijhak na karein.","Is mahine office me mehnat ki tareef hogi, promotion ke chances hain. Mehnat jaari rakhein.","Is mahine sehat achhi rahegi, bas subah walk zaroor karein. Junk food avoid karein.","Is mahine aarthik labh hoga, koi bonus ya gift mil sakta hai. Bachat par dhyan dein.","",""
LIBRA,MONTHLY,14,"Is mahine partner ke saath koi naya plan banega, ghoomne ka mauka milega. Saath me samay bitayein.","Is mahine career me koi naya mauka milega, turant haan na kahein. Soch samajh kar nirnay lein.","Is mahine thodi thakan mehsoos hogi, aaram karein. Neend poori karein aur stress kam karein.","Is mahine paisa aayega par kharch bhi hoga. Kisi zaruratmand ki madad karein, punya milega.","",""
LIBRA,MONTHLY,15,"Is mahine prem jeevan me shanti rahegi, partner ka sahyog milega. Kisi shubh karyakram me shirkat karne ka mauka milega.","Is mahine office me yojana ko sarahna milegi. Team ke saath milkar kaam karein to safalta milegi.","Is mahine pet aur digestion ka dhyan rakhein, ghar ka khana khayein. Paani adhik peeyein.","Is mahine aarthik sthiti sudhregi, koi purana nivesh fal dega. Nayi yojana banayein.","",""
LIBRA,MONTHLY,16,"Is mahine partner ke saath koi shubh samachar sunne ko milega. Rishta aur mazboot hoga.","Is mahine career me naya mauka milega, interview ya meeting me safalta milegi. Confidence se baat karein.","Is mahine sharir me halki sustee rahegi, vyayam karein. Bahar ka khana avoid karein.","Is mahine paisa aayega par kharch bhi hoga. Kisi ko daan karein to punya milega.","",""
LIBRA,MONTHLY,17,"Is mahine partner ki sehat ka dhyan rakhein, unke saath samay bitayein. Chhoti baat par jhagda na karein.","Is mahine office me koi purana kaam pura hoga, senior khush honge. Naye project ki taiyari karein.","Is mahine gale me halki kharish ho sakti hai, garm paani peekar rahat milegi. Zyada bolne se bachein.","Is mahine koi purana lend wapas milega. Lekin naye nivesh se pehle achhi tarah soch lein.","",""
LIBRA,MONTHLY,18,"Is mahine prem jeevan me utar-chadhav rahega, partner se baat karke sab theek ho jayega. Sabr rakhein.","Is mahine career me thodi deri ho sakti hai, par kaam poora hoga. Kisi colleague ki madad karein.","Is mahine sir dard ho sakta hai, stress kam karein. Paani adhik peeyein aur aaram karein.","Is mahine kharcha tez hoga, kisi bade nivesh se bachein. Budget banayein aur usi me rahein.","",""
LIBRA,MONTHLY,19,"Is mahine kisi purane rishte me nayi jaan aayegi, purane mitra se mulakat hogi. Dil ki baat kehne me jhijhak na karein.","Is mahine office me mehnat ki tareef hogi, promotion ke chances hain. Mehnat jaari rakhein.","Is mahine sehat achhi rahegi, bas subah walk zaroor karein. Junk food avoid karein.","Is mahine aarthik labh hoga, koi bonus ya gift mil sakta hai. Bachat par dhyan dein.","",""
LIBRA,MONTHLY,20,"Is mahine partner ke saath koi naya plan banega, ghoomne ka mauka milega. Saath me samay bitayein.","Is mahine career me koi naya mauka milega, turant haan na kahein. Soch samajh kar nirnay lein.","Is mahine thodi thakan mehsoos hogi, aaram karein. Neend poori karein aur stress kam karein.","Is mahine paisa aayega par kharch bhi hoga. Kisi zaruratmand ki madad karein, punya milega.","",""
LIBRA,MONTHLY,21,"Is mahine prem jeevan me shanti rahegi, partner ka sahyog milega. Kisi shubh karyakram me shirkat karne ka mauka milega.","Is mahine office me yojana ko sarahna milegi. Team ke saath milkar kaam karein to safalta milegi.","Is mahine pet aur digestion ka dhyan rakhein, ghar ka khana khayein. Paani adhik peeyein.","Is mahine aarthik sthiti sudhregi, koi purana nivesh fal dega. Nayi yojana banayein.","",""
LIBRA,MONTHLY,22,"Is mahine partner ke saath koi shubh samachar sunne ko milega. Rishta aur mazboot hoga.","Is mahine career me naya mauka milega, interview ya meeting me safalta milegi. Confidence se baat karein.","Is mahine sharir me halki sustee rahegi, vyayam karein. Bahar ka khana avoid karein.","Is mahine paisa aayega par kharch bhi hoga. Kisi ko daan karein to punya milega.","",""
LIBRA,MONTHLY,23,"Is mahine partner ki sehat ka dhyan rakhein, unke saath samay bitayein. Chhoti baat par jhagda na karein.","Is mahine office me koi purana kaam pura hoga, senior khush honge. Naye project ki taiyari karein.","Is mahine gale me halki kharish ho sakti hai, garm paani peekar rahat milegi. Zyada bolne se bachein.","Is mahine koi purana lend wapas milega. Lekin naye nivesh se pehle achhi tarah soch lein.","",""
LIBRA,MONTHLY,24,"Is mahine prem jeevan me utar-chadhav rahega, partner se baat karke sab theek ho jayega. Sabr rakhein.","Is mahine career me thodi deri ho sakti hai, par kaam poora hoga. Kisi colleague ki madad karein.","Is mahine sir dard ho sakta hai, stress kam karein. Paani adhik peeyein aur aaram karein.","Is mahine kharcha tez hoga, kisi bade nivesh se bachein. Budget banayein aur usi me rahein.","",""
LIBRA,MONTHLY,25,"Is mahine kisi purane rishte me nayi jaan aayegi, purane mitra se mulakat hogi. Dil ki baat kehne me jhijhak na karein.","Is mahine office me mehnat ki tareef hogi, promotion ke chances hain. Mehnat jaari rakhein.","Is mahine sehat achhi rahegi, bas subah walk zaroor karein. Junk food avoid karein.","Is mahine aarthik labh hoga, koi bonus ya gift mil sakta hai. Bachat par dhyan dein.","",""
LIBRA,MONTHLY,26,"Is mahine partner ke saath koi naya plan banega, ghoomne ka mauka milega. Saath me samay bitayein.","Is mahine career me koi naya mauka milega, turant haan na kahein. Soch samajh kar nirnay lein.","Is mahine thodi thakan mehsoos hogi, aaram karein. Neend poori karein aur stress kam karein.","Is mahine paisa aayega par kharch bhi hoga. Kisi zaruratmand ki madad karein, punya milega.","",""
LIBRA,MONTHLY,27,"Is mahine prem jeevan me shanti rahegi, partner ka sahyog milega. Kisi shubh karyakram me shirkat karne ka mauka milega.","Is mahine office me yojana ko sarahna milegi. Team ke saath milkar kaam karein to safalta milegi.","Is mahine pet aur digestion ka dhyan rakhein, ghar ka khana khayein. Paani adhik peeyein.","Is mahine aarthik sthiti sudhregi, koi purana nivesh fal dega. Nayi yojana banayein.","",""
LIBRA,MONTHLY,28,"Is mahine partner ke saath koi shubh samachar sunne ko milega. Rishta aur mazboot hoga.","Is mahine career me naya mauka milega, interview ya meeting me safalta milegi. Confidence se baat karein.","Is mahine sharir me halki sustee rahegi, vyayam karein. Bahar ka khana avoid karein.","Is mahine paisa aayega par kharch bhi hoga. Kisi ko daan karein to punya milega.","",""
LIBRA,MONTHLY,29,"Is mahine partner ki sehat ka dhyan rakhein, unke saath samay bitayein. Chhoti baat par jhagda na karein.","Is mahine office me koi purana kaam pura hoga, senior khush honge. Naye project ki taiyari karein.","Is mahine gale me halki kharish ho sakti hai, garm paani peekar rahat milegi. Zyada bolne se bachein.","Is mahine koi purana lend wapas milega. Lekin naye nivesh se pehle achhi tarah soch lein.","",""
LIBRA,YEARLY,0,"Is saal prem jeevan me badi urja aayegi, vivah ke yog ban sakte hain ya purana rishta gahra hoga. Partner ke saath samay bitane ka khoob mauka milega.","Is saal career me bada badlav sambhav hai, naukri badal sakti hai ya promotion milegi. Mehnat ka poora fal zaroor milega.","Is saal sehat achhi rahegi, bas niyamit vyayam aur santulit ahar apnayein. Stress kam karein aur neend poori karein.","Is saal aarthik sthiti majboot hogi, koi bada nivesh fal dega. Lekin faltu kharch se bachein aur bachat karein.","",""
SCORPIO,TODAY,0,"Aaj partner ke saath samay bitane ka mauka milega, purani galatfehmi door hogi. Dil ki baat khul kar kehna aaj aapke rishte ko mazboot banayega.","Career me aaj koi naya kaam shuru karne ka mauka mil sakta hai, senior ka sahyog milega. Jaldbazi na karein, soch samajh kar kadam uthayein.","Aaj sehat achhi rahegi, bas subah walk zaroor karein. Zyada thanda aur fried khane se bachein.","Aaj paisa aayega, kisi purane lend ka paisa wapas mil sakta hai. Lekin faltu kharch se bachein.","8","Red"
SCORPIO,TODAY,1,"Aaj prem jeevan me nayi urja aayegi, koi purana mitra mil sakta hai. Partner ki baat dhyan se sunein, jhagda ho sakta hai.","Office me aapki mehnat ki tareef hogi, promotion ke chances hain. Colleagues ke saath mil kar kaam karein.","Aaj thodi thakan mehsoos hogi, aaram karein. Paani adhik peeyein aur stress kam karein.","Aaj kharcha thoda zyada ho sakta hai, budget banayein. Kisi naye nivesh se pehle soch-vichar karein.","16","Maroon"
SCORPIO,TODAY,2,"Aaj partner ke saath koi purana mamla sulah ho sakta hai. Rishte me vishwas badhega aur madhurta aayegi.","Career me aaj koi rukavat aa sakti hai, dhairya rakhein. Kisi colleague se salah lein to fayda hoga.","Aaj gale aur sans me halki takleef ho sakti hai. Garm kapde pehnein aur thanda na khayein.","Aaj paisa aayega par kharch bhi hoga. Kisi zaruratmand ki madad karein, punya milega.","23","Red"
SCORPIO,TODAY,3,"Aaj kisi khaas insaan se mulaqat hogi jo aapka din bana degi. Purane jhagde sulah ho sakte hain.","Aaj office me aapki raay ko mahatva milega. Kisi naye project ki zimmedari mil sakti hai.","Sehat ke liye aaj halka vyayam karein aur khub paani peeyein. Sir dard ho sakta hai.","Aaj aarthik sthiti majboot rahegi, koi purana karz chukane ka mauka milega.","29","Maroon"
SCORPIO,TODAY,4,"Aaj partner ke saath chhoti baat par takraar ho sakti hai, shaant rahein. Raat ko sulah ho jayegi.","Career me aaj koi naya mauka milega, turant haan na kahein. Soch samajh kar nirnay lein.","Aaj pet me halki gadbad ho sakti hai, halka khana khayein. Bahar ka khana avoid karein.","Aaj paisa haath me aayega par kharch bhi tez hoga. Bachat par dhyan dein.","4","Red"
SCORPIO,TODAY,5,"Aaj prem jeevan me madhurta rahegi, partner ke saath ghoomne ka mauka milega. Kisi purane mitra se mulakat hogi.","Aaj office me aapki mehnat ki sarahna hogi. Senior aapki baat maanenge, confidence rakhein.","Aaj urja se bharpur rahenge, vyayam karne ka mann karega. Lekin zyada garmi se bachein.","Aaj kisi naye kaam me nivesh karne ka mauka milega, soch samajh kar haan kahein.","12","Maroon"
SCORPIO,TODAY,6,"Aaj partner ke saath koi naya rishta shuru ho sakta hai ya purana gahra ho sakta hai. Dil ki baat kehne me jhijhak na karein.","Career me aaj thodi bhaag-daud rahegi, meetings me vyast rahenge. Jaldbazi me galti na karein.","Aaj jodon me halka dard ho sakta hai, aaram karein. Subah ki dhoop aapke liye faydemand hai.","Aaj aarthik labh hoga, koi bonus ya gift mil sakta hai. Lekin kharch par niyantran rakhein.","18","Red"
SCORPIO,TODAY,7,"Aaj partner aapko surprise de sakta hai, prem me nayi urja aayegi. Saath me kuch naya try karein.","Aaj career me koi bada faisla lena pad sakta hai, savdhani se sochein. Kisi anubhavi se salah lein.","Aaj sehat achhi rahegi, bas subah ka nashta skip na karein. Fresh fruit khayein.","Aaj paisa aayega par kisi anavashyak cheez par kharch ho sakta hai. Ruk kar kharch karein.","25","Maroon"
SCORPIO,TODAY,8,"Aaj partner se koi purani baat chubh sakti hai, khul kar baat karein. Chhoti baat ko bada na banayein.","Career me aaj koi rukavat aa sakti hai, par dhairya se kaam lein. Koi purana project pura hoga.","Aaj mansik tanav ho sakta hai, meditation karein. Neend poori karein.","Aaj kisi dost se udhaar dene se bachein, warna paisa wapas nahi milega. Apne paise sambhal kar rakhein.","2","Red"
SCORPIO,TODAY,9,"Aaj prem jeevan me shanti rahegi, partner ka sahyog milega. Kisi shubh karyakram me shirkat karne ka mauka milega.","Aaj office me aapki yojana ko sarahna milegi. Team ke saath milkar kaam karein to safalta milegi.","Aaj pet aur digestion ka dhyan rakhein, ghar ka khana khayein. Paani adhik peeyein.","Aaj aarthik sthiti sudhregi, koi purana nivesh fal dega. Nayi yojana banayein.","14","Maroon"
SCORPIO,TODAY,10,"Aaj partner ke saath koi shubh samachar sunne ko milega. Rishta aur mazboot hoga.","Aaj career me naya mauka milega, interview ya meeting me safalta milegi. Confidence se baat karein.","Aaj sharir me halki sustee rahegi, vyayam karein. Bahar ka khana avoid karein.","Aaj paisa aayega par kharch bhi hoga. Kisi ko daan karein to punya milega.","21","Red"
SCORPIO,TODAY,11,"Aaj partner ki sehat ka dhyan rakhein, unke saath samay bitayein. Chhoti baat par jhagda na karein.","Aaj office me koi purana kaam pura hoga, senior khush honge. Naye project ki taiyari karein.","Aaj gale me halki kharish ho sakti hai, garm paani peekar rahat milegi. Zyada bolne se bachein.","Aaj koi purana lend wapas milega. Lekin naye nivesh se pehle achhi tarah soch lein.","27","Maroon"
SCORPIO,TODAY,12,"Aaj prem jeevan me utar-chadhav rahega, partner se baat karke sab theek ho jayega. Sabr rakhein.","Aaj career me thodi deri ho sakti hai, par kaam poora hoga. Kisi colleague ki madad karein.","Aaj sir dard ho sakta hai, stress kam karein. Paani adhik peeyein aur aaram karein.","Aaj kharcha tez hoga, kisi bade nivesh se bachein. Budget banayein aur usi me rahein.","6","Red"
SCORPIO,TODAY,13,"Aaj kisi purane rishte me nayi jaan aayegi, purane mitra se mulakat hogi. Dil ki baat kehne me jhijhak na karein.","Aaj office me aapki mehnat ki tareef hogi, promotion ke chances hain. Mehnat jaari rakhein.","Aaj sehat achhi rahegi, bas subah walk zaroor karein. Junk food avoid karein.","Aaj aarthik labh hoga, koi bonus ya gift mil sakta hai. Bachat par dhyan dein.","15","Maroon"
SCORPIO,TODAY,14,"Aaj partner ke saath koi naya plan banega, ghoomne ka mauka milega. Saath me samay bitayein.","Aaj career me koi naya mauka milega, turant haan na kahein. Soch samajh kar nirnay lein.","Aaj thodi thakan mehsoos hogi, aaram karein. Neend poori karein aur stress kam karein.","Aaj paisa aayega par kharch bhi hoga. Kisi zaruratmand ki madad karein, punya milega.","22","Red"
SCORPIO,TODAY,15,"Aaj prem jeevan me shanti rahegi, partner ka sahyog milega. Kisi shubh karyakram me shirkat karne ka mauka milega.","Aaj office me aapki yojana ko sarahna milegi. Team ke saath milkar kaam karein to safalta milegi.","Aaj pet aur digestion ka dhyan rakhein, ghar ka khana khayein. Paani adhik peeyein.","Aaj aarthik sthiti sudhregi, koi purana nivesh fal dega. Nayi yojana banayein.","9","Maroon"
SCORPIO,TODAY,16,"Aaj partner ke saath koi shubh samachar sunne ko milega. Rishta aur mazboot hoga.","Aaj career me naya mauka milega, interview ya meeting me safalta milegi. Confidence se baat karein.","Aaj sharir me halki sustee rahegi, vyayam karein. Bahar ka khana avoid karein.","Aaj paisa aayega par kharch bhi hoga. Kisi ko daan karein to punya milega.","30","Red"
SCORPIO,TODAY,17,"Aaj partner ki sehat ka dhyan rakhein, unke saath samay bitayein. Chhoti baat par jhagda na karein.","Aaj office me koi purana kaam pura hoga, senior khush honge. Naye project ki taiyari karein.","Aaj gale me halki kharish ho sakti hai, garm paani peekar rahat milegi. Zyada bolne se bachein.","Aaj koi purana lend wapas milega. Lekin naye nivesh se pehle achhi tarah soch lein.","11","Maroon"
SCORPIO,TODAY,18,"Aaj prem jeevan me utar-chadhav rahega, partner se baat karke sab theek ho jayega. Sabr rakhein.","Aaj career me thodi deri ho sakti hai, par kaam poora hoga. Kisi colleague ki madad karein.","Aaj sir dard ho sakta hai, stress kam karein. Paani adhik peeyein aur aaram karein.","Aaj kharcha tez hoga, kisi bade nivesh se bachein. Budget banayein aur usi me rahein.","19","Red"
SCORPIO,TODAY,19,"Aaj kisi purane rishte me nayi jaan aayegi, purane mitra se mulakat hogi. Dil ki baat kehne me jhijhak na karein.","Aaj office me aapki mehnat ki tareef hogi, promotion ke chances hain. Mehnat jaari rakhein.","Aaj sehat achhi rahegi, bas subah walk zaroor karein. Junk food avoid karein.","Aaj aarthik labh hoga, koi bonus ya gift mil sakta hai. Bachat par dhyan dein.","26","Maroon"
SCORPIO,TODAY,20,"Aaj partner ke saath koi naya plan banega, ghoomne ka mauka milega. Saath me samay bitayein.","Aaj career me koi naya mauka milega, turant haan na kahein. Soch samajh kar nirnay lein.","Aaj thodi thakan mehsoos hogi, aaram karein. Neend poori karein aur stress kam karein.","Aaj paisa aayega par kharch bhi hoga. Kisi zaruratmand ki madad karein, punya milega.","3","Red"
SCORPIO,TODAY,21,"Aaj prem jeevan me shanti rahegi, partner ka sahyog milega. Kisi shubh karyakram me shirkat karne ka mauka milega.","Aaj office me aapki yojana ko sarahna milegi. Team ke saath milkar kaam karein to safalta milegi.","Aaj pet aur digestion ka dhyan rakhein, ghar ka khana khayein. Paani adhik peeyein.","Aaj aarthik sthiti sudhregi, koi purana nivesh fal dega. Nayi yojana banayein.","13","Maroon"
SCORPIO,TODAY,22,"Aaj partner ke saath koi shubh samachar sunne ko milega. Rishta aur mazboot hoga.","Aaj career me naya mauka milega, interview ya meeting me safalta milegi. Confidence se baat karein.","Aaj sharir me halki sustee rahegi, vyayam karein. Bahar ka khana avoid karein.","Aaj paisa aayega par kharch bhi hoga. Kisi ko daan karein to punya milega.","20","Red"
SCORPIO,TODAY,23,"Aaj partner ki sehat ka dhyan rakhein, unke saath samay bitayein. Chhoti baat par jhagda na karein.","Aaj office me koi purana kaam pura hoga, senior khush honge. Naye project ki taiyari karein.","Aaj gale me halki kharish ho sakti hai, garm paani peekar rahat milegi. Zyada bolne se bachein.","Aaj koi purana lend wapas milega. Lekin naye nivesh se pehle achhi tarah soch lein.","28","Maroon"
SCORPIO,TODAY,24,"Aaj prem jeevan me utar-chadhav rahega, partner se baat karke sab theek ho jayega. Sabr rakhein.","Aaj career me thodi deri ho sakti hai, par kaam poora hoga. Kisi colleague ki madad karein.","Aaj sir dard ho sakta hai, stress kam karein. Paani adhik peeyein aur aaram karein.","Aaj kharcha tez hoga, kisi bade nivesh se bachein. Budget banayein aur usi me rahein.","5","Red"
SCORPIO,TODAY,25,"Aaj kisi purane rishte me nayi jaan aayegi, purane mitra se mulakat hogi. Dil ki baat kehne me jhijhak na karein.","Aaj office me aapki mehnat ki tareef hogi, promotion ke chances hain. Mehnat jaari rakhein.","Aaj sehat achhi rahegi, bas subah walk zaroor karein. Junk food avoid karein.","Aaj aarthik labh hoga, koi bonus ya gift mil sakta hai. Bachat par dhyan dein.","17","Maroon"
SCORPIO,TODAY,26,"Aaj partner ke saath koi naya plan banega, ghoomne ka mauka milega. Saath me samay bitayein.","Aaj career me koi naya mauka milega, turant haan na kahein. Soch samajh kar nirnay lein.","Aaj thodi thakan mehsoos hogi, aaram karein. Neend poori karein aur stress kam karein.","Aaj paisa aayega par kharch bhi hoga. Kisi zaruratmand ki madad karein, punya milega.","24","Red"
SCORPIO,TODAY,27,"Aaj prem jeevan me shanti rahegi, partner ka sahyog milega. Kisi shubh karyakram me shirkat karne ka mauka milega.","Aaj office me aapki yojana ko sarahna milegi. Team ke saath milkar kaam karein to safalta milegi.","Aaj pet aur digestion ka dhyan rakhein, ghar ka khana khayein. Paani adhik peeyein.","Aaj aarthik sthiti sudhregi, koi purana nivesh fal dega. Nayi yojana banayein.","1","Maroon"
SCORPIO,TODAY,28,"Aaj partner ke saath koi shubh samachar sunne ko milega. Rishta aur mazboot hoga.","Aaj career me naya mauka milega, interview ya meeting me safalta milegi. Confidence se baat karein.","Aaj sharir me halki sustee rahegi, vyayam karein. Bahar ka khana avoid karein.","Aaj paisa aayega par kharch bhi hoga. Kisi ko daan karein to punya milega.","10","Red"
SCORPIO,TODAY,29,"Aaj partner ki sehat ka dhyan rakhein, unke saath samay bitayein. Chhoti baat par jhagda na karein.","Aaj office me koi purana kaam pura hoga, senior khush honge. Naye project ki taiyari karein.","Aaj gale me halki kharish ho sakti hai, garm paani peekar rahat milegi. Zyada bolne se bachein.","Aaj koi purana lend wapas milega. Lekin naye nivesh se pehle achhi tarah soch lein.","7","Maroon"
SCORPIO,YESTERDAY,0,"Kal partner ke saath samay bitane ka mauka mila tha, purani galatfehmi door hui. Dil ki baat khul kar kehna rishte ko mazboot banata hai.","Kal career me koi naya kaam shuru karne ka mauka mila tha, senior ka sahyog mila. Jaldbazi na karna hi samajhdari hai.","Kal sehat achhi rahi, subah walk ka fayda mila. Thanda aur fried khane se bachna chahiye.","Kal paisa aaya, kisi purane lend ka paisa wapas mila. Lekin faltu kharch se bachna chahiye.","",""
SCORPIO,YESTERDAY,1,"Kal prem jeevan me nayi urja aayi, koi purana mitra mila. Partner ki baat dhyan se sunni chahiye thi.","Kal office me mehnat ki tareef hui, promotion ke chances bane. Colleagues ke saath milkar kaam karna faydemand raha.","Kal thodi thakan mehsoos hui, aaram karna zaroori tha. Paani adhik peena aur stress kam karna chahiye.","Kal kharcha thoda zyada ho gaya, budget banane ki zarurat thi. Naye nivesh se pehle soch-vichar karna chahiye.","",""
SCORPIO,YESTERDAY,2,"Kal partner ke saath koi purana mamla sulah hua. Rishte me vishwas badha aur madhurta aayi.","Kal career me koi rukavat aayi thi, dhairya rakhna zaroori tha. Kisi colleague se salah lena faydemand raha.","Kal gale aur sans me halki takleef hui. Garm kapde pehenna aur thanda na khana chahiye.","Kal paisa aaya par kharch bhi hua. Kisi zaruratmand ki madad karne se punya mila.","",""
SCORPIO,YESTERDAY,3,"Kal kisi khaas insaan se mulaqat hui jo din bana gayi. Purane jhagde sulah ho gaye.","Kal office me raay ko mahatva mila. Kisi naye project ki zimmedari mili.","Kal sehat ke liye halka vyayam karna aur khub paani peena faydemand raha. Sir dard ho sakta tha.","Kal aarthik sthiti majboot rahi, koi purana karz chukane ka mauka mila.","",""
SCORPIO,YESTERDAY,4,"Kal partner ke saath chhoti baat par takraar hui thi, shaant rehna chahiye tha. Raat ko sulah ho gayi.","Kal career me koi naya mauka mila, turant haan nahi kehna chahiye tha. Soch samajh kar nirnay lena chahiye.","Kal pet me halki gadbad hui, halka khana khana chahiye tha. Bahar ka khana avoid karna chahiye.","Kal paisa haath me aaya par kharch bhi tez hua. Bachat par dhyan dena chahiye tha.","",""
SCORPIO,YESTERDAY,5,"Kal prem jeevan me madhurta rahi, partner ke saath ghoomne ka mauka mila. Kisi purane mitra se mulakat hui.","Kal office me mehnat ki sarahna hui. Senior ne baat maani, confidence rakhna chahiye tha.","Kal urja se bharpur rahe, vyayam karne ka mann kiya. Lekin zyada garmi se bachna chahiye tha.","Kal kisi naye kaam me nivesh karne ka mauka mila, soch samajh kar haan kehna chahiye tha.","",""
SCORPIO,YESTERDAY,6,"Kal partner ke saath koi naya rishta shuru hua ya purana gahra hua. Dil ki baat kehne me jhijhak nahi karni chahiye thi.","Kal career me thodi bhaag-daud rahi, meetings me vyast rahe. Jaldbazi me galti nahi karni chahiye thi.","Kal jodon me halka dard hua, aaram karna chahiye tha. Subah ki dhoop faydemand rahi.","Kal aarthik labh hua, koi bonus ya gift mila. Lekin kharch par niyantran rakhna chahiye tha.","",""
SCORPIO,YESTERDAY,7,"Kal partner ne surprise diya, prem me nayi urja aayi. Saath me kuch naya try karna chahiye tha.","Kal career me koi bada faisla lena pada, savdhani se sochna chahiye tha. Kisi anubhavi se salah leni chahiye thi.","Kal sehat achhi rahi, bas subah ka nashta skip nahi karna chahiye tha. Fresh fruit khane chahiye the.","Kal paisa aaya par kisi anavashyak cheez par kharch ho gaya. Ruk kar kharch karna chahiye tha.","",""
SCORPIO,YESTERDAY,8,"Kal partner se koi purani baat chubhi thi, khul kar baat karni chahiye thi. Chhoti baat ko bada nahi banana chahiye tha.","Kal career me koi rukavat aayi, par dhairya se kaam liya. Koi purana project pura hua.","Kal mansik tanav hua, meditation karna chahiye tha. Neend poori karni chahiye thi.","Kal kisi dost se udhaar dena nahi chahiye tha, warna paisa wapas nahi milta. Apne paise sambhal kar rakhne chahiye the.","",""
SCORPIO,YESTERDAY,9,"Kal prem jeevan me shanti rahi, partner ka sahyog mila. Kisi shubh karyakram me shirkat karne ka mauka mila.","Kal office me yojana ko sarahna mili. Team ke saath milkar kaam karne se safalta mili.","Kal pet aur digestion ka dhyan rakhna chahiye tha, ghar ka khana khana chahiye tha. Paani adhik peena chahiye tha.","Kal aarthik sthiti sudhri, koi purana nivesh fal diya. Nayi yojana banani chahiye thi.","",""
SCORPIO,YESTERDAY,10,"Kal partner ke saath koi shubh samachar sunne ko mila. Rishta aur mazboot hua.","Kal career me naya mauka mila, interview ya meeting me safalta mili. Confidence se baat karni chahiye thi.","Kal sharir me halki sustee rahi, vyayam karna chahiye tha. Bahar ka khana avoid karna chahiye tha.","Kal paisa aaya par kharch bhi hua. Kisi ko daan karne se punya mila.","",""
SCORPIO,YESTERDAY,11,"Kal partner ki sehat ka dhyan rakhna chahiye tha, unke saath samay bitana chahiye tha. Chhoti baat par jhagda nahi karna chahiye tha.","Kal office me koi purana kaam pura hua, senior khush hue. Naye project ki taiyari karni chahiye thi.","Kal gale me halki kharish hui, garm paani peekar rahat mili. Zyada bolne se bachna chahiye tha.","Kal koi purana lend wapas mila. Lekin naye nivesh se pehle achhi tarah sochna chahiye tha.","",""
SCORPIO,YESTERDAY,12,"Kal prem jeevan me utar-chadhav raha, partner se baat karke sab theek ho gaya. Sabr rakhna chahiye tha.","Kal career me thodi deri hui, par kaam poora hua. Kisi colleague ki madad karni chahiye thi.","Kal sir dard hua, stress kam karna chahiye tha. Paani adhik peena aur aaram karna chahiye tha.","Kal kharcha tez hua, kisi bade nivesh se bachna chahiye tha. Budget banakar usi me rehna chahiye tha.","",""
SCORPIO,YESTERDAY,13,"Kal kisi purane rishte me nayi jaan aayi, purane mitra se mulakat hui. Dil ki baat kehne me jhijhak nahi karni chahiye thi.","Kal office me mehnat ki tareef hui, promotion ke chances bane. Mehnat jaari rakhni chahiye thi.","Kal sehat achhi rahi, bas subah walk karni chahiye thi. Junk food avoid karna chahiye tha.","Kal aarthik labh hua, koi bonus ya gift mila. Bachat par dhyan dena chahiye tha.","",""
SCORPIO,YESTERDAY,14,"Kal partner ke saath koi naya plan bana, ghoomne ka mauka mila. Saath me samay bitana chahiye tha.","Kal career me koi naya mauka mila, turant haan nahi kehna chahiye tha. Soch samajh kar nirnay lena chahiye tha.","Kal thodi thakan mehsoos hui, aaram karna chahiye tha. Neend poori karni chahiye thi aur stress kam karna chahiye tha.","Kal paisa aaya par kharch bhi hua. Kisi zaruratmand ki madad karne se punya mila.","",""
SCORPIO,YESTERDAY,15,"Kal prem jeevan me shanti rahi, partner ka sahyog mila. Kisi shubh karyakram me shirkat karne ka mauka mila.","Kal office me yojana ko sarahna mili. Team ke saath milkar kaam karne se safalta mili.","Kal pet aur digestion ka dhyan rakhna chahiye tha, ghar ka khana khana chahiye tha. Paani adhik peena chahiye tha.","Kal aarthik sthiti sudhri, koi purana nivesh fal diya. Nayi yojana banani chahiye thi.","",""
SCORPIO,YESTERDAY,16,"Kal partner ke saath koi shubh samachar sunne ko mila. Rishta aur mazboot hua.","Kal career me naya mauka mila, interview ya meeting me safalta mili. Confidence se baat karni chahiye thi.","Kal sharir me halki sustee rahi, vyayam karna chahiye tha. Bahar ka khana avoid karna chahiye tha.","Kal paisa aaya par kharch bhi hua. Kisi ko daan karne se punya mila.","",""
SCORPIO,YESTERDAY,17,"Kal partner ki sehat ka dhyan rakhna chahiye tha, unke saath samay bitana chahiye tha. Chhoti baat par jhagda nahi karna chahiye tha.","Kal office me koi purana kaam pura hua, senior khush hue. Naye project ki taiyari karni chahiye thi.","Kal gale me halki kharish hui, garm paani peekar rahat mili. Zyada bolne se bachna chahiye tha.","Kal koi purana lend wapas mila. Lekin naye nivesh se pehle achhi tarah sochna chahiye tha.","",""
SCORPIO,YESTERDAY,18,"Kal prem jeevan me utar-chadhav raha, partner se baat karke sab theek ho gaya. Sabr rakhna chahiye tha.","Kal career me thodi deri hui, par kaam poora hua. Kisi colleague ki madad karni chahiye thi.","Kal sir dard hua, stress kam karna chahiye tha. Paani adhik peena aur aaram karna chahiye tha.","Kal kharcha tez hua, kisi bade nivesh se bachna chahiye tha. Budget banakar usi me rehna chahiye tha.","",""
SCORPIO,YESTERDAY,19,"Kal kisi purane rishte me nayi jaan aayi, purane mitra se mulakat hui. Dil ki baat kehne me jhijhak nahi karni chahiye thi.","Kal office me mehnat ki tareef hui, promotion ke chances bane. Mehnat jaari rakhni chahiye thi.","Kal sehat achhi rahi, bas subah walk karni chahiye thi. Junk food avoid karna chahiye tha.","Kal aarthik labh hua, koi bonus ya gift mila. Bachat par dhyan dena chahiye tha.","",""
SCORPIO,YESTERDAY,20,"Kal partner ke saath koi naya plan bana, ghoomne ka mauka mila. Saath me samay bitana chahiye tha.","Kal career me koi naya mauka mila, turant haan nahi kehna chahiye tha. Soch samajh kar nirnay lena chahiye tha.","Kal thodi thakan mehsoos hui, aaram karna chahiye tha. Neend poori karni chahiye thi aur stress kam karna chahiye tha.","Kal paisa aaya par kharch bhi hua. Kisi zaruratmand ki madad karne se punya mila.","",""
SCORPIO,YESTERDAY,21,"Kal prem jeevan me shanti rahi, partner ka sahyog mila. Kisi shubh karyakram me shirkat karne ka mauka mila.","Kal office me yojana ko sarahna mili. Team ke saath milkar kaam karne se safalta mili.","Kal pet aur digestion ka dhyan rakhna chahiye tha, ghar ka khana khana chahiye tha. Paani adhik peena chahiye tha.","Kal aarthik sthiti sudhri, koi purana nivesh fal diya. Nayi yojana banani chahiye thi.","",""
SCORPIO,YESTERDAY,22,"Kal partner ke saath koi shubh samachar sunne ko mila. Rishta aur mazboot hua.","Kal career me naya mauka mila, interview ya meeting me safalta mili. Confidence se baat karni chahiye thi.","Kal sharir me halki sustee rahi, vyayam karna chahiye tha. Bahar ka khana avoid karna chahiye tha.","Kal paisa aaya par kharch bhi hua. Kisi ko daan karne se punya mila.","",""
SCORPIO,YESTERDAY,23,"Kal partner ki sehat ka dhyan rakhna chahiye tha, unke saath samay bitana chahiye tha. Chhoti baat par jhagda nahi karna chahiye tha.","Kal office me koi purana kaam pura hua, senior khush hue. Naye project ki taiyari karni chahiye thi.","Kal gale me halki kharish hui, garm paani peekar rahat mili. Zyada bolne se bachna chahiye tha.","Kal koi purana lend wapas mila. Lekin naye nivesh se pehle achhi tarah sochna chahiye tha.","",""
SCORPIO,YESTERDAY,24,"Kal prem jeevan me utar-chadhav raha, partner se baat karke sab theek ho gaya. Sabr rakhna chahiye tha.","Kal career me thodi deri hui, par kaam poora hua. Kisi colleague ki madad karni chahiye thi.","Kal sir dard hua, stress kam karna chahiye tha. Paani adhik peena aur aaram karna chahiye tha.","Kal kharcha tez hua, kisi bade nivesh se bachna chahiye tha. Budget banakar usi me rehna chahiye tha.","",""
SCORPIO,YESTERDAY,25,"Kal kisi purane rishte me nayi jaan aayi, purane mitra se mulakat hui. Dil ki baat kehne me jhijhak nahi karni chahiye thi.","Kal office me mehnat ki tareef hui, promotion ke chances bane. Mehnat jaari rakhni chahiye thi.","Kal sehat achhi rahi, bas subah walk karni chahiye thi. Junk food avoid karna chahiye tha.","Kal aarthik labh hua, koi bonus ya gift mila. Bachat par dhyan dena chahiye tha.","",""
SCORPIO,YESTERDAY,26,"Kal partner ke saath koi naya plan bana, ghoomne ka mauka mila. Saath me samay bitana chahiye tha.","Kal career me koi naya mauka mila, turant haan nahi kehna chahiye tha. Soch samajh kar nirnay lena chahiye tha.","Kal thodi thakan mehsoos hui, aaram karna chahiye tha. Neend poori karni chahiye thi aur stress kam karna chahiye tha.","Kal paisa aaya par kharch bhi hua. Kisi zaruratmand ki madad karne se punya mila.","",""
SCORPIO,YESTERDAY,27,"Kal prem jeevan me shanti rahi, partner ka sahyog mila. Kisi shubh karyakram me shirkat karne ka mauka mila.","Kal office me yojana ko sarahna mili. Team ke saath milkar kaam karne se safalta mili.","Kal pet aur digestion ka dhyan rakhna chahiye tha, ghar ka khana khana chahiye tha. Paani adhik peena chahiye tha.","Kal aarthik sthiti sudhri, koi purana nivesh fal diya. Nayi yojana banani chahiye thi.","",""
SCORPIO,YESTERDAY,28,"Kal partner ke saath koi shubh samachar sunne ko mila. Rishta aur mazboot hua.","Kal career me naya mauka mila, interview ya meeting me safalta mili. Confidence se baat karni chahiye thi.","Kal sharir me halki sustee rahi, vyayam karna chahiye tha. Bahar ka khana avoid karna chahiye tha.","Kal paisa aaya par kharch bhi hua. Kisi ko daan karne se punya mila.","",""
SCORPIO,YESTERDAY,29,"Kal partner ki sehat ka dhyan rakhna chahiye tha, unke saath samay bitana chahiye tha. Chhoti baat par jhagda nahi karna chahiye tha.","Kal office me koi purana kaam pura hua, senior khush hue. Naye project ki taiyari karni chahiye thi.","Kal gale me halki kharish hui, garm paani peekar rahat mili. Zyada bolne se bachna chahiye tha.","Kal koi purana lend wapas mila. Lekin naye nivesh se pehle achhi tarah sochna chahiye tha.","",""
SCORPIO,TOMORROW,0,"Kal partner ke saath samay bitane ka mauka milega, purani galatfehmi door hogi. Dil ki baat khul kar kehna rishte ko mazboot banayega.","Kal career me koi naya kaam shuru karne ka mauka mil sakta hai, senior ka sahyog milega. Jaldbazi na karein.","Kal sehat achhi rahegi, subah walk zaroor karein. Thanda aur fried khane se bachein.","Kal paisa aayega, kisi purane lend ka paisa wapas mil sakta hai. Lekin faltu kharch se bachein.","",""
SCORPIO,TOMORROW,1,"Kal prem jeevan me nayi urja aayegi, koi purana mitra mil sakta hai. Partner ki baat dhyan se sunein.","Kal office me mehnat ki tareef hogi, promotion ke chances hain. Colleagues ke saath milkar kaam karein.","Kal thodi thakan mehsoos hogi, aaram karein. Paani adhik peeyein aur stress kam karein.","Kal kharcha thoda zyada ho sakta hai, budget banayein. Naye nivesh se pehle soch-vichar karein.","",""
SCORPIO,TOMORROW,2,"Kal partner ke saath koi purana mamla sulah ho sakta hai. Rishte me vishwas badhega aur madhurta aayegi.","Kal career me koi rukavat aa sakti hai, dhairya rakhein. Kisi colleague se salah lein to fayda hoga.","Kal gale aur sans me halki takleef ho sakti hai. Garm kapde pehnein aur thanda na khayein.","Kal paisa aayega par kharch bhi hoga. Kisi zaruratmand ki madad karein, punya milega.","",""
SCORPIO,TOMORROW,3,"Kal kisi khaas insaan se mulaqat hogi jo din bana degi. Purane jhagde sulah ho sakte hain.","Kal office me raay ko mahatva milega. Kisi naye project ki zimmedari mil sakti hai.","Kal sehat ke liye halka vyayam karein aur khub paani peeyein. Sir dard ho sakta hai.","Kal aarthik sthiti majboot rahegi, koi purana karz chukane ka mauka milega.","",""
SCORPIO,TOMORROW,4,"Kal partner ke saath chhoti baat par takraar ho sakti hai, shaant rahein. Raat ko sulah ho jayegi.","Kal career me koi naya mauka milega, turant haan na kahein. Soch samajh kar nirnay lein.","Kal pet me halki gadbad ho sakti hai, halka khana khayein. Bahar ka khana avoid karein.","Kal paisa haath me aayega par kharch bhi tez hoga. Bachat par dhyan dein.","",""
SCORPIO,TOMORROW,5,"Kal prem jeevan me madhurta rahegi, partner ke saath ghoomne ka mauka milega. Kisi purane mitra se mulakat hogi.","Kal office me mehnat ki sarahna hogi. Senior aapki baat maanenge, confidence rakhein.","Kal urja se bharpur rahenge, vyayam karne ka mann karega. Lekin zyada garmi se bachein.","Kal kisi naye kaam me nivesh karne ka mauka milega, soch samajh kar haan kahein.","",""
SCORPIO,TOMORROW,6,"Kal partner ke saath koi naya rishta shuru ho sakta hai ya purana gahra ho sakta hai. Dil ki baat kehne me jhijhak na karein.","Kal career me thodi bhaag-daud rahegi, meetings me vyast rahenge. Jaldbazi me galti na karein.","Kal jodon me halka dard ho sakta hai, aaram karein. Subah ki dhoop faydemand hai.","Kal aarthik labh hoga, koi bonus ya gift mil sakta hai. Lekin kharch par niyantran rakhein.","",""
SCORPIO,TOMORROW,7,"Kal partner aapko surprise de sakta hai, prem me nayi urja aayegi. Saath me kuch naya try karein.","Kal career me koi bada faisla lena pad sakta hai, savdhani se sochein. Kisi anubhavi se salah lein.","Kal sehat achhi rahegi, bas subah ka nashta skip na karein. Fresh fruit khayein.","Kal paisa aayega par kisi anavashyak cheez par kharch ho sakta hai. Ruk kar kharch karein.","",""
SCORPIO,TOMORROW,8,"Kal partner se koi purani baat chubh sakti hai, khul kar baat karein. Chhoti baat ko bada na banayein.","Kal career me koi rukavat aa sakti hai, par dhairya se kaam lein. Koi purana project pura hoga.","Kal mansik tanav ho sakta hai, meditation karein. Neend poori karein.","Kal kisi dost se udhaar dene se bachein, warna paisa wapas nahi milega. Apne paise sambhal kar rakhein.","",""
SCORPIO,TOMORROW,9,"Kal prem jeevan me shanti rahegi, partner ka sahyog milega. Kisi shubh karyakram me shirkat karne ka mauka milega.","Kal office me yojana ko sarahna milegi. Team ke saath milkar kaam karein to safalta milegi.","Kal pet aur digestion ka dhyan rakhein, ghar ka khana khayein. Paani adhik peeyein.","Kal aarthik sthiti sudhregi, koi purana nivesh fal dega. Nayi yojana banayein.","",""
SCORPIO,TOMORROW,10,"Kal partner ke saath koi shubh samachar sunne ko milega. Rishta aur mazboot hoga.","Kal career me naya mauka milega, interview ya meeting me safalta milegi. Confidence se baat karein.","Kal sharir me halki sustee rahegi, vyayam karein. Bahar ka khana avoid karein.","Kal paisa aayega par kharch bhi hoga. Kisi ko daan karein to punya milega.","",""
SCORPIO,TOMORROW,11,"Kal partner ki sehat ka dhyan rakhein, unke saath samay bitayein. Chhoti baat par jhagda na karein.","Kal office me koi purana kaam pura hoga, senior khush honge. Naye project ki taiyari karein.","Kal gale me halki kharish ho sakti hai, garm paani peekar rahat milegi. Zyada bolne se bachein.","Kal koi purana lend wapas milega. Lekin naye nivesh se pehle achhi tarah soch lein.","",""
SCORPIO,TOMORROW,12,"Kal prem jeevan me utar-chadhav rahega, partner se baat karke sab theek ho jayega. Sabr rakhein.","Kal career me thodi deri ho sakti hai, par kaam poora hoga. Kisi colleague ki madad karein.","Kal sir dard ho sakta hai, stress kam karein. Paani adhik peeyein aur aaram karein.","Kal kharcha tez hoga, kisi bade nivesh se bachein. Budget banayein aur usi me rahein.","",""
SCORPIO,TOMORROW,13,"Kal kisi purane rishte me nayi jaan aayegi, purane mitra se mulakat hogi. Dil ki baat kehne me jhijhak na karein.","Kal office me mehnat ki tareef hogi, promotion ke chances hain. Mehnat jaari rakhein.","Kal sehat achhi rahegi, bas subah walk zaroor karein. Junk food avoid karein.","Kal aarthik labh hoga, koi bonus ya gift mil sakta hai. Bachat par dhyan dein.","",""
SCORPIO,TOMORROW,14,"Kal partner ke saath koi naya plan banega, ghoomne ka mauka milega. Saath me samay bitayein.","Kal career me koi naya mauka milega, turant haan na kahein. Soch samajh kar nirnay lein.","Kal thodi thakan mehsoos hogi, aaram karein. Neend poori karein aur stress kam karein.","Kal paisa aayega par kharch bhi hoga. Kisi zaruratmand ki madad karein, punya milega.","",""
SCORPIO,TOMORROW,15,"Kal prem jeevan me shanti rahegi, partner ka sahyog milega. Kisi shubh karyakram me shirkat karne ka mauka milega.","Kal office me yojana ko sarahna milegi. Team ke saath milkar kaam karein to safalta milegi.","Kal pet aur digestion ka dhyan rakhein, ghar ka khana khayein. Paani adhik peeyein.","Kal aarthik sthiti sudhregi, koi purana nivesh fal dega. Nayi yojana banayein.","",""
SCORPIO,TOMORROW,16,"Kal partner ke saath koi shubh samachar sunne ko milega. Rishta aur mazboot hoga.","Kal career me naya mauka milega, interview ya meeting me safalta milegi. Confidence se baat karein.","Kal sharir me halki sustee rahegi, vyayam karein. Bahar ka khana avoid karein.","Kal paisa aayega par kharch bhi hoga. Kisi ko daan karein to punya milega.","",""
SCORPIO,TOMORROW,17,"Kal partner ki sehat ka dhyan rakhein, unke saath samay bitayein. Chhoti baat par jhagda na karein.","Kal office me koi purana kaam pura hoga, senior khush honge. Naye project ki taiyari karein.","Kal gale me halki kharish ho sakti hai, garm paani peekar rahat milegi. Zyada bolne se bachein.","Kal koi purana lend wapas milega. Lekin naye nivesh se pehle achhi tarah soch lein.","",""
SCORPIO,TOMORROW,18,"Kal prem jeevan me utar-chadhav rahega, partner se baat karke sab theek ho jayega. Sabr rakhein.","Kal career me thodi deri ho sakti hai, par kaam poora hoga. Kisi colleague ki madad karein.","Kal sir dard ho sakta hai, stress kam karein. Paani adhik peeyein aur aaram karein.","Kal kharcha tez hoga, kisi bade nivesh se bachein. Budget banayein aur usi me rahein.","",""
SCORPIO,TOMORROW,19,"Kal kisi purane rishte me nayi jaan aayegi, purane mitra se mulakat hogi. Dil ki baat kehne me jhijhak na karein.","Kal office me mehnat ki tareef hogi, promotion ke chances hain. Mehnat jaari rakhein.","Kal sehat achhi rahegi, bas subah walk zaroor karein. Junk food avoid karein.","Kal aarthik labh hoga, koi bonus ya gift mil sakta hai. Bachat par dhyan dein.","",""
SCORPIO,TOMORROW,20,"Kal partner ke saath koi naya plan banega, ghoomne ka mauka milega. Saath me samay bitayein.","Kal career me koi naya mauka milega, turant haan na kahein. Soch samajh kar nirnay lein.","Kal thodi thakan mehsoos hogi, aaram karein. Neend poori karein aur stress kam karein.","Kal paisa aayega par kharch bhi hoga. Kisi zaruratmand ki madad karein, punya milega.","",""
SCORPIO,TOMORROW,21,"Kal prem jeevan me shanti rahegi, partner ka sahyog milega. Kisi shubh karyakram me shirkat karne ka mauka milega.","Kal office me yojana ko sarahna milegi. Team ke saath milkar kaam karein to safalta milegi.","Kal pet aur digestion ka dhyan rakhein, ghar ka khana khayein. Paani adhik peeyein.","Kal aarthik sthiti sudhregi, koi purana nivesh fal dega. Nayi yojana banayein.","",""
SCORPIO,TOMORROW,22,"Kal partner ke saath koi shubh samachar sunne ko milega. Rishta aur mazboot hoga.","Kal career me naya mauka milega, interview ya meeting me safalta milegi. Confidence se baat karein.","Kal sharir me halki sustee rahegi, vyayam karein. Bahar ka khana avoid karein.","Kal paisa aayega par kharch bhi hoga. Kisi ko daan karein to punya milega.","",""
SCORPIO,TOMORROW,23,"Kal partner ki sehat ka dhyan rakhein, unke saath samay bitayein. Chhoti baat par jhagda na karein.","Kal office me koi purana kaam pura hoga, senior khush honge. Naye project ki taiyari karein.","Kal gale me halki kharish ho sakti hai, garm paani peekar rahat milegi. Zyada bolne se bachein.","Kal koi purana lend wapas milega. Lekin naye nivesh se pehle achhi tarah soch lein.","",""
SCORPIO,TOMORROW,24,"Kal prem jeevan me utar-chadhav rahega, partner se baat karke sab theek ho jayega. Sabr rakhein.","Kal career me thodi deri ho sakti hai, par kaam poora hoga. Kisi colleague ki madad karein.","Kal sir dard ho sakta hai, stress kam karein. Paani adhik peeyein aur aaram karein.","Kal kharcha tez hoga, kisi bade nivesh se bachein. Budget banayein aur usi me rahein.","",""
SCORPIO,TOMORROW,25,"Kal kisi purane rishte me nayi jaan aayegi, purane mitra se mulakat hogi. Dil ki baat kehne me jhijhak na karein.","Kal office me mehnat ki tareef hogi, promotion ke chances hain. Mehnat jaari rakhein.","Kal sehat achhi rahegi, bas subah walk zaroor karein. Junk food avoid karein.","Kal aarthik labh hoga, koi bonus ya gift mil sakta hai. Bachat par dhyan dein.","",""
SCORPIO,TOMORROW,26,"Kal partner ke saath koi naya plan banega, ghoomne ka mauka milega. Saath me samay bitayein.","Kal career me koi naya mauka milega, turant haan na kahein. Soch samajh kar nirnay lein.","Kal thodi thakan mehsoos hogi, aaram karein. Neend poori karein aur stress kam karein.","Kal paisa aayega par kharch bhi hoga. Kisi zaruratmand ki madad karein, punya milega.","",""
SCORPIO,TOMORROW,27,"Kal prem jeevan me shanti rahegi, partner ka sahyog milega. Kisi shubh karyakram me shirkat karne ka mauka milega.","Kal office me yojana ko sarahna milegi. Team ke saath milkar kaam karein to safalta milegi.","Kal pet aur digestion ka dhyan rakhein, ghar ka khana khayein. Paani adhik peeyein.","Kal aarthik sthiti sudhregi, koi purana nivesh fal dega. Nayi yojana banayein.","",""
SCORPIO,TOMORROW,28,"Kal partner ke saath koi shubh samachar sunne ko milega. Rishta aur mazboot hoga.","Kal career me naya mauka milega, interview ya meeting me safalta milegi. Confidence se baat karein.","Kal sharir me halki sustee rahegi, vyayam karein. Bahar ka khana avoid karein.","Kal paisa aayega par kharch bhi hoga. Kisi ko daan karein to punya milega.","",""
SCORPIO,TOMORROW,29,"Kal partner ki sehat ka dhyan rakhein, unke saath samay bitayein. Chhoti baat par jhagda na karein.","Kal office me koi purana kaam pura hoga, senior khush honge. Naye project ki taiyari karein.","Kal gale me halki kharish ho sakti hai, garm paani peekar rahat milegi. Zyada bolne se bachein.","Kal koi purana lend wapas milega. Lekin naye nivesh se pehle achhi tarah soch lein.","",""
SCORPIO,WEEKLY,0,"Is hafte prem jeevan me madhurta rahegi, partner ke saath samay bitane ka mauka milega. Kisi purane mitra se mulakat hogi.","Is hafte career me naya project milega, senior ka sahyog rahega. Mehnat ka fal zaroor milega.","Is hafte sehat achhi rahegi, bas subah walk aur halka vyayam karein. Junk food avoid karein.","Is hafte aarthik labh hoga, koi purana lend wapas milega. Lekin budget banakar chalein.","",""
SCORPIO,WEEKLY,1,"Is hafte partner ke saath koi purana mamla sulah ho sakta hai. Rishte me vishwas badhega aur prem gahra hoga.","Is hafte office me aapki mehnat ki tareef hogi, promotion ke chances hain. Team ke saath milkar kaam karein.","Is hafte thodi thakan mehsoos hogi, aaram karein aur neend poori karein. Paani adhik peeyein.","Is hafte kharcha thoda zyada hoga, savdhani rakhein. Kisi naye nivesh se pehle soch-vichar karein.","",""
SCORPIO,WEEKLY,2,"Is hafte kisi khaas insaan se mulaqat hogi jo dil ko khush kar degi. Purane jhagde sulah ho sakte hain.","Is hafte career me koi rukavat aa sakti hai, dhairya rakhein. Kisi colleague se salah lena faydemand hoga.","Is hafte gale aur sans me halki takleef ho sakti hai. Garm kapde pehnein aur thanda na khayein.","Is hafte paisa aayega par kharch bhi hoga. Kisi zaruratmand ki madad karein, punya milega.","",""
SCORPIO,WEEKLY,3,"Is hafte prem jeevan me shanti rahegi, partner ka sahyog milega. Kisi shubh karyakram me shirkat karne ka mauka milega.","Is hafte office me aapki yojana ko sarahna milegi. Naye project ki zimmedari mil sakti hai.","Is hafte sehat ke liye halka vyayam karein aur khub paani peeyein. Sir dard se bachein.","Is hafte aarthik sthiti majboot rahegi, koi purana karz chukane ka mauka milega.","",""
SCORPIO,WEEKLY,4,"Is hafte partner ke saath chhoti baat par takraar ho sakti hai, shaant rahein. Hafte ke ant me sulah ho jayegi.","Is hafte career me koi naya mauka milega, turant haan na kahein. Soch samajh kar nirnay lein.","Is hafte pet me halki gadbad ho sakti hai, halka khana khayein. Bahar ka khana avoid karein.","Is hafte paisa haath me aayega par kharch bhi tez hoga. Bachat par dhyan dein.","",""
SCORPIO,WEEKLY,5,"Is hafte prem jeevan me madhurta rahegi, partner ke saath ghoomne ka mauka milega. Kisi purane mitra se mulakat hogi.","Is hafte office me mehnat ki sarahna hogi. Senior aapki baat maanenge, confidence rakhein.","Is hafte urja se bharpur rahenge, vyayam karne ka mann karega. Lekin zyada garmi se bachein.","Is hafte kisi naye kaam me nivesh karne ka mauka milega, soch samajh kar haan kahein.","",""
SCORPIO,WEEKLY,6,"Is hafte partner ke saath koi naya rishta shuru ho sakta hai ya purana gahra ho sakta hai. Dil ki baat kehne me jhijhak na karein.","Is hafte career me thodi bhaag-daud rahegi, meetings me vyast rahenge. Jaldbazi me galti na karein.","Is hafte jodon me halka dard ho sakta hai, aaram karein. Subah ki dhoop faydemand hai.","Is hafte aarthik labh hoga, koi bonus ya gift mil sakta hai. Lekin kharch par niyantran rakhein.","",""
SCORPIO,WEEKLY,7,"Is hafte partner aapko surprise de sakta hai, prem me nayi urja aayegi. Saath me kuch naya try karein.","Is hafte career me koi bada faisla lena pad sakta hai, savdhani se sochein. Kisi anubhavi se salah lein.","Is hafte sehat achhi rahegi, bas subah ka nashta skip na karein. Fresh fruit khayein.","Is hafte paisa aayega par kisi anavashyak cheez par kharch ho sakta hai. Ruk kar kharch karein.","",""
SCORPIO,WEEKLY,8,"Is hafte partner se koi purani baat chubh sakti hai, khul kar baat karein. Chhoti baat ko bada na banayein.","Is hafte career me koi rukavat aa sakti hai, par dhairya se kaam lein. Koi purana project pura hoga.","Is hafte mansik tanav ho sakta hai, meditation karein. Neend poori karein.","Is hafte kisi dost se udhaar dene se bachein, warna paisa wapas nahi milega. Apne paise sambhal kar rakhein.","",""
SCORPIO,WEEKLY,9,"Is hafte prem jeevan me shanti rahegi, partner ka sahyog milega. Kisi shubh karyakram me shirkat karne ka mauka milega.","Is hafte office me yojana ko sarahna milegi. Team ke saath milkar kaam karein to safalta milegi.","Is hafte pet aur digestion ka dhyan rakhein, ghar ka khana khayein. Paani adhik peeyein.","Is hafte aarthik sthiti sudhregi, koi purana nivesh fal dega. Nayi yojana banayein.","",""
SCORPIO,WEEKLY,10,"Is hafte partner ke saath koi shubh samachar sunne ko milega. Rishta aur mazboot hoga.","Is hafte career me naya mauka milega, interview ya meeting me safalta milegi. Confidence se baat karein.","Is hafte sharir me halki sustee rahegi, vyayam karein. Bahar ka khana avoid karein.","Is hafte paisa aayega par kharch bhi hoga. Kisi ko daan karein to punya milega.","",""
SCORPIO,WEEKLY,11,"Is hafte partner ki sehat ka dhyan rakhein, unke saath samay bitayein. Chhoti baat par jhagda na karein.","Is hafte office me koi purana kaam pura hoga, senior khush honge. Naye project ki taiyari karein.","Is hafte gale me halki kharish ho sakti hai, garm paani peekar rahat milegi. Zyada bolne se bachein.","Is hafte koi purana lend wapas milega. Lekin naye nivesh se pehle achhi tarah soch lein.","",""
SCORPIO,WEEKLY,12,"Is hafte prem jeevan me utar-chadhav rahega, partner se baat karke sab theek ho jayega. Sabr rakhein.","Is hafte career me thodi deri ho sakti hai, par kaam poora hoga. Kisi colleague ki madad karein.","Is hafte sir dard ho sakta hai, stress kam karein. Paani adhik peeyein aur aaram karein.","Is hafte kharcha tez hoga, kisi bade nivesh se bachein. Budget banayein aur usi me rahein.","",""
SCORPIO,WEEKLY,13,"Is hafte kisi purane rishte me nayi jaan aayegi, purane mitra se mulakat hogi. Dil ki baat kehne me jhijhak na karein.","Is hafte office me mehnat ki tareef hogi, promotion ke chances hain. Mehnat jaari rakhein.","Is hafte sehat achhi rahegi, bas subah walk zaroor karein. Junk food avoid karein.","Is hafte aarthik labh hoga, koi bonus ya gift mil sakta hai. Bachat par dhyan dein.","",""
SCORPIO,WEEKLY,14,"Is hafte partner ke saath koi naya plan banega, ghoomne ka mauka milega. Saath me samay bitayein.","Is hafte career me koi naya mauka milega, turant haan na kahein. Soch samajh kar nirnay lein.","Is hafte thodi thakan mehsoos hogi, aaram karein. Neend poori karein aur stress kam karein.","Is hafte paisa aayega par kharch bhi hoga. Kisi zaruratmand ki madad karein, punya milega.","",""
SCORPIO,WEEKLY,15,"Is hafte prem jeevan me shanti rahegi, partner ka sahyog milega. Kisi shubh karyakram me shirkat karne ka mauka milega.","Is hafte office me yojana ko sarahna milegi. Team ke saath milkar kaam karein to safalta milegi.","Is hafte pet aur digestion ka dhyan rakhein, ghar ka khana khayein. Paani adhik peeyein.","Is hafte aarthik sthiti sudhregi, koi purana nivesh fal dega. Nayi yojana banayein.","",""
SCORPIO,WEEKLY,16,"Is hafte partner ke saath koi shubh samachar sunne ko milega. Rishta aur mazboot hoga.","Is hafte career me naya mauka milega, interview ya meeting me safalta milegi. Confidence se baat karein.","Is hafte sharir me halki sustee rahegi, vyayam karein. Bahar ka khana avoid karein.","Is hafte paisa aayega par kharch bhi hoga. Kisi ko daan karein to punya milega.","",""
SCORPIO,WEEKLY,17,"Is hafte partner ki sehat ka dhyan rakhein, unke saath samay bitayein. Chhoti baat par jhagda na karein.","Is hafte office me koi purana kaam pura hoga, senior khush honge. Naye project ki taiyari karein.","Is hafte gale me halki kharish ho sakti hai, garm paani peekar rahat milegi. Zyada bolne se bachein.","Is hafte koi purana lend wapas milega. Lekin naye nivesh se pehle achhi tarah soch lein.","",""
SCORPIO,WEEKLY,18,"Is hafte prem jeevan me utar-chadhav rahega, partner se baat karke sab theek ho jayega. Sabr rakhein.","Is hafte career me thodi deri ho sakti hai, par kaam poora hoga. Kisi colleague ki madad karein.","Is hafte sir dard ho sakta hai, stress kam karein. Paani adhik peeyein aur aaram karein.","Is hafte kharcha tez hoga, kisi bade nivesh se bachein. Budget banayein aur usi me rahein.","",""
SCORPIO,WEEKLY,19,"Is hafte kisi purane rishte me nayi jaan aayegi, purane mitra se mulakat hogi. Dil ki baat kehne me jhijhak na karein.","Is hafte office me mehnat ki tareef hogi, promotion ke chances hain. Mehnat jaari rakhein.","Is hafte sehat achhi rahegi, bas subah walk zaroor karein. Junk food avoid karein.","Is hafte aarthik labh hoga, koi bonus ya gift mil sakta hai. Bachat par dhyan dein.","",""
SCORPIO,WEEKLY,20,"Is hafte partner ke saath koi naya plan banega, ghoomne ka mauka milega. Saath me samay bitayein.","Is hafte career me koi naya mauka milega, turant haan na kahein. Soch samajh kar nirnay lein.","Is hafte thodi thakan mehsoos hogi, aaram karein. Neend poori karein aur stress kam karein.","Is hafte paisa aayega par kharch bhi hoga. Kisi zaruratmand ki madad karein, punya milega.","",""
SCORPIO,WEEKLY,21,"Is hafte prem jeevan me shanti rahegi, partner ka sahyog milega. Kisi shubh karyakram me shirkat karne ka mauka milega.","Is hafte office me yojana ko sarahna milegi. Team ke saath milkar kaam karein to safalta milegi.","Is hafte pet aur digestion ka dhyan rakhein, ghar ka khana khayein. Paani adhik peeyein.","Is hafte aarthik sthiti sudhregi, koi purana nivesh fal dega. Nayi yojana banayein.","",""
SCORPIO,WEEKLY,22,"Is hafte partner ke saath koi shubh samachar sunne ko milega. Rishta aur mazboot hoga.","Is hafte career me naya mauka milega, interview ya meeting me safalta milegi. Confidence se baat karein.","Is hafte sharir me halki sustee rahegi, vyayam karein. Bahar ka khana avoid karein.","Is hafte paisa aayega par kharch bhi hoga. Kisi ko daan karein to punya milega.","",""
SCORPIO,WEEKLY,23,"Is hafte partner ki sehat ka dhyan rakhein, unke saath samay bitayein. Chhoti baat par jhagda na karein.","Is hafte office me koi purana kaam pura hoga, senior khush honge. Naye project ki taiyari karein.","Is hafte gale me halki kharish ho sakti hai, garm paani peekar rahat milegi. Zyada bolne se bachein.","Is hafte koi purana lend wapas milega. Lekin naye nivesh se pehle achhi tarah soch lein.","",""
SCORPIO,WEEKLY,24,"Is hafte prem jeevan me utar-chadhav rahega, partner se baat karke sab theek ho jayega. Sabr rakhein.","Is hafte career me thodi deri ho sakti hai, par kaam poora hoga. Kisi colleague ki madad karein.","Is hafte sir dard ho sakta hai, stress kam karein. Paani adhik peeyein aur aaram karein.","Is hafte kharcha tez hoga, kisi bade nivesh se bachein. Budget banayein aur usi me rahein.","",""
SCORPIO,WEEKLY,25,"Is hafte kisi purane rishte me nayi jaan aayegi, purane mitra se mulakat hogi. Dil ki baat kehne me jhijhak na karein.","Is hafte office me mehnat ki tareef hogi, promotion ke chances hain. Mehnat jaari rakhein.","Is hafte sehat achhi rahegi, bas subah walk zaroor karein. Junk food avoid karein.","Is hafte aarthik labh hoga, koi bonus ya gift mil sakta hai. Bachat par dhyan dein.","",""
SCORPIO,WEEKLY,26,"Is hafte partner ke saath koi naya plan banega, ghoomne ka mauka milega. Saath me samay bitayein.","Is hafte career me koi naya mauka milega, turant haan na kahein. Soch samajh kar nirnay lein.","Is hafte thodi thakan mehsoos hogi, aaram karein. Neend poori karein aur stress kam karein.","Is hafte paisa aayega par kharch bhi hoga. Kisi zaruratmand ki madad karein, punya milega.","",""
SCORPIO,WEEKLY,27,"Is hafte prem jeevan me shanti rahegi, partner ka sahyog milega. Kisi shubh karyakram me shirkat karne ka mauka milega.","Is hafte office me yojana ko sarahna milegi. Team ke saath milkar kaam karein to safalta milegi.","Is hafte pet aur digestion ka dhyan rakhein, ghar ka khana khayein. Paani adhik peeyein.","Is hafte aarthik sthiti sudhregi, koi purana nivesh fal dega. Nayi yojana banayein.","",""
SCORPIO,WEEKLY,28,"Is hafte partner ke saath koi shubh samachar sunne ko milega. Rishta aur mazboot hoga.","Is hafte career me naya mauka milega, interview ya meeting me safalta milegi. Confidence se baat karein.","Is hafte sharir me halki sustee rahegi, vyayam karein. Bahar ka khana avoid karein.","Is hafte paisa aayega par kharch bhi hoga. Kisi ko daan karein to punya milega.","",""
SCORPIO,WEEKLY,29,"Is hafte partner ki sehat ka dhyan rakhein, unke saath samay bitayein. Chhoti baat par jhagda na karein.","Is hafte office me koi purana kaam pura hoga, senior khush honge. Naye project ki taiyari karein.","Is hafte gale me halki kharish ho sakti hai, garm paani peekar rahat milegi. Zyada bolne se bachein.","Is hafte koi purana lend wapas milega. Lekin naye nivesh se pehle achhi tarah soch lein.","",""
SCORPIO,MONTHLY,0,"Is mahine prem jeevan me madhurta rahegi, partner ke saath samay bitane ka mauka milega. Kisi purane mitra se mulakat hogi.","Is mahine career me naya project milega, senior ka sahyog rahega. Mehnat ka fal zaroor milega.","Is mahine sehat achhi rahegi, bas subah walk aur halka vyayam karein. Junk food avoid karein.","Is mahine aarthik labh hoga, koi purana lend wapas milega. Lekin budget banakar chalein.","",""
SCORPIO,MONTHLY,1,"Is mahine partner ke saath koi purana mamla sulah ho sakta hai. Rishte me vishwas badhega aur prem gahra hoga.","Is mahine office me aapki mehnat ki tareef hogi, promotion ke chances hain. Team ke saath milkar kaam karein.","Is mahine thodi thakan mehsoos hogi, aaram karein aur neend poori karein. Paani adhik peeyein.","Is mahine kharcha thoda zyada hoga, savdhani rakhein. Kisi naye nivesh se pehle soch-vichar karein.","",""
SCORPIO,MONTHLY,2,"Is mahine kisi khaas insaan se mulaqat hogi jo dil ko khush kar degi. Purane jhagde sulah ho sakte hain.","Is mahine career me koi rukavat aa sakti hai, dhairya rakhein. Kisi colleague se salah lena faydemand hoga.","Is mahine gale aur sans me halki takleef ho sakti hai. Garm kapde pehnein aur thanda na khayein.","Is mahine paisa aayega par kharch bhi hoga. Kisi zaruratmand ki madad karein, punya milega.","",""
SCORPIO,MONTHLY,3,"Is mahine prem jeevan me shanti rahegi, partner ka sahyog milega. Kisi shubh karyakram me shirkat karne ka mauka milega.","Is mahine office me aapki yojana ko sarahna milegi. Naye project ki zimmedari mil sakti hai.","Is mahine sehat ke liye halka vyayam karein aur khub paani peeyein. Sir dard se bachein.","Is mahine aarthik sthiti majboot rahegi, koi purana karz chukane ka mauka milega.","",""
SCORPIO,MONTHLY,4,"Is mahine partner ke saath chhoti baat par takraar ho sakti hai, shaant rahein. Mahine ke ant me sulah ho jayegi.","Is mahine career me koi naya mauka milega, turant haan na kahein. Soch samajh kar nirnay lein.","Is mahine pet me halki gadbad ho sakti hai, halka khana khayein. Bahar ka khana avoid karein.","Is mahine paisa haath me aayega par kharch bhi tez hoga. Bachat par dhyan dein.","",""
SCORPIO,MONTHLY,5,"Is mahine prem jeevan me madhurta rahegi, partner ke saath ghoomne ka mauka milega. Kisi purane mitra se mulakat hogi.","Is mahine office me mehnat ki sarahna hogi. Senior aapki baat maanenge, confidence rakhein.","Is mahine urja se bharpur rahenge, vyayam karne ka mann karega. Lekin zyada garmi se bachein.","Is mahine kisi naye kaam me nivesh karne ka mauka milega, soch samajh kar haan kahein.","",""
SCORPIO,MONTHLY,6,"Is mahine partner ke saath koi naya rishta shuru ho sakta hai ya purana gahra ho sakta hai. Dil ki baat kehne me jhijhak na karein.","Is mahine career me thodi bhaag-daud rahegi, meetings me vyast rahenge. Jaldbazi me galti na karein.","Is mahine jodon me halka dard ho sakta hai, aaram karein. Subah ki dhoop faydemand hai.","Is mahine aarthik labh hoga, koi bonus ya gift mil sakta hai. Lekin kharch par niyantran rakhein.","",""
SCORPIO,MONTHLY,7,"Is mahine partner aapko surprise de sakta hai, prem me nayi urja aayegi. Saath me kuch naya try karein.","Is mahine career me koi bada faisla lena pad sakta hai, savdhani se sochein. Kisi anubhavi se salah lein.","Is mahine sehat achhi rahegi, bas subah ka nashta skip na karein. Fresh fruit khayein.","Is mahine paisa aayega par kisi anavashyak cheez par kharch ho sakta hai. Ruk kar kharch karein.","",""
SCORPIO,MONTHLY,8,"Is mahine partner se koi purani baat chubh sakti hai, khul kar baat karein. Chhoti baat ko bada na banayein.","Is mahine career me koi rukavat aa sakti hai, par dhairya se kaam lein. Koi purana project pura hoga.","Is mahine mansik tanav ho sakta hai, meditation karein. Neend poori karein.","Is mahine kisi dost se udhaar dene se bachein, warna paisa wapas nahi milega. Apne paise sambhal kar rakhein.","",""
SCORPIO,MONTHLY,9,"Is mahine prem jeevan me shanti rahegi, partner ka sahyog milega. Kisi shubh karyakram me shirkat karne ka mauka milega.","Is mahine office me yojana ko sarahna milegi. Team ke saath milkar kaam karein to safalta milegi.","Is mahine pet aur digestion ka dhyan rakhein, ghar ka khana khayein. Paani adhik peeyein.","Is mahine aarthik sthiti sudhregi, koi purana nivesh fal dega. Nayi yojana banayein.","",""
SCORPIO,MONTHLY,10,"Is mahine partner ke saath koi shubh samachar sunne ko milega. Rishta aur mazboot hoga.","Is mahine career me naya mauka milega, interview ya meeting me safalta milegi. Confidence se baat karein.","Is mahine sharir me halki sustee rahegi, vyayam karein. Bahar ka khana avoid karein.","Is mahine paisa aayega par kharch bhi hoga. Kisi ko daan karein to punya milega.","",""
SCORPIO,MONTHLY,11,"Is mahine partner ki sehat ka dhyan rakhein, unke saath samay bitayein. Chhoti baat par jhagda na karein.","Is mahine office me koi purana kaam pura hoga, senior khush honge. Naye project ki taiyari karein.","Is mahine gale me halki kharish ho sakti hai, garm paani peekar rahat milegi. Zyada bolne se bachein.","Is mahine koi purana lend wapas milega. Lekin naye nivesh se pehle achhi tarah soch lein.","",""
SCORPIO,MONTHLY,12,"Is mahine prem jeevan me utar-chadhav rahega, partner se baat karke sab theek ho jayega. Sabr rakhein.","Is mahine career me thodi deri ho sakti hai, par kaam poora hoga. Kisi colleague ki madad karein.","Is mahine sir dard ho sakta hai, stress kam karein. Paani adhik peeyein aur aaram karein.","Is mahine kharcha tez hoga, kisi bade nivesh se bachein. Budget banayein aur usi me rahein.","",""
SCORPIO,MONTHLY,13,"Is mahine kisi purane rishte me nayi jaan aayegi, purane mitra se mulakat hogi. Dil ki baat kehne me jhijhak na karein.","Is mahine office me mehnat ki tareef hogi, promotion ke chances hain. Mehnat jaari rakhein.","Is mahine sehat achhi rahegi, bas subah walk zaroor karein. Junk food avoid karein.","Is mahine aarthik labh hoga, koi bonus ya gift mil sakta hai. Bachat par dhyan dein.","",""
SCORPIO,MONTHLY,14,"Is mahine partner ke saath koi naya plan banega, ghoomne ka mauka milega. Saath me samay bitayein.","Is mahine career me koi naya mauka milega, turant haan na kahein. Soch samajh kar nirnay lein.","Is mahine thodi thakan mehsoos hogi, aaram karein. Neend poori karein aur stress kam karein.","Is mahine paisa aayega par kharch bhi hoga. Kisi zaruratmand ki madad karein, punya milega.","",""
SCORPIO,MONTHLY,15,"Is mahine prem jeevan me shanti rahegi, partner ka sahyog milega. Kisi shubh karyakram me shirkat karne ka mauka milega.","Is mahine office me yojana ko sarahna milegi. Team ke saath milkar kaam karein to safalta milegi.","Is mahine pet aur digestion ka dhyan rakhein, ghar ka khana khayein. Paani adhik peeyein.","Is mahine aarthik sthiti sudhregi, koi purana nivesh fal dega. Nayi yojana banayein.","",""
SCORPIO,MONTHLY,16,"Is mahine partner ke saath koi shubh samachar sunne ko milega. Rishta aur mazboot hoga.","Is mahine career me naya mauka milega, interview ya meeting me safalta milegi. Confidence se baat karein.","Is mahine sharir me halki sustee rahegi, vyayam karein. Bahar ka khana avoid karein.","Is mahine paisa aayega par kharch bhi hoga. Kisi ko daan karein to punya milega.","",""
SCORPIO,MONTHLY,17,"Is mahine partner ki sehat ka dhyan rakhein, unke saath samay bitayein. Chhoti baat par jhagda na karein.","Is mahine office me koi purana kaam pura hoga, senior khush honge. Naye project ki taiyari karein.","Is mahine gale me halki kharish ho sakti hai, garm paani peekar rahat milegi. Zyada bolne se bachein.","Is mahine koi purana lend wapas milega. Lekin naye nivesh se pehle achhi tarah soch lein.","",""
SCORPIO,MONTHLY,18,"Is mahine prem jeevan me utar-chadhav rahega, partner se baat karke sab theek ho jayega. Sabr rakhein.","Is mahine career me thodi deri ho sakti hai, par kaam poora hoga. Kisi colleague ki madad karein.","Is mahine sir dard ho sakta hai, stress kam karein. Paani adhik peeyein aur aaram karein.","Is mahine kharcha tez hoga, kisi bade nivesh se bachein. Budget banayein aur usi me rahein.","",""
SCORPIO,MONTHLY,19,"Is mahine kisi purane rishte me nayi jaan aayegi, purane mitra se mulakat hogi. Dil ki baat kehne me jhijhak na karein.","Is mahine office me mehnat ki tareef hogi, promotion ke chances hain. Mehnat jaari rakhein.","Is mahine sehat achhi rahegi, bas subah walk zaroor karein. Junk food avoid karein.","Is mahine aarthik labh hoga, koi bonus ya gift mil sakta hai. Bachat par dhyan dein.","",""
SCORPIO,MONTHLY,20,"Is mahine partner ke saath koi naya plan banega, ghoomne ka mauka milega. Saath me samay bitayein.","Is mahine career me koi naya mauka milega, turant haan na kahein. Soch samajh kar nirnay lein.","Is mahine thodi thakan mehsoos hogi, aaram karein. Neend poori karein aur stress kam karein.","Is mahine paisa aayega par kharch bhi hoga. Kisi zaruratmand ki madad karein, punya milega.","",""
SCORPIO,MONTHLY,21,"Is mahine prem jeevan me shanti rahegi, partner ka sahyog milega. Kisi shubh karyakram me shirkat karne ka mauka milega.","Is mahine office me yojana ko sarahna milegi. Team ke saath milkar kaam karein to safalta milegi.","Is mahine pet aur digestion ka dhyan rakhein, ghar ka khana khayein. Paani adhik peeyein.","Is mahine aarthik sthiti sudhregi, koi purana nivesh fal dega. Nayi yojana banayein.","",""
SCORPIO,MONTHLY,22,"Is mahine partner ke saath koi shubh samachar sunne ko milega. Rishta aur mazboot hoga.","Is mahine career me naya mauka milega, interview ya meeting me safalta milegi. Confidence se baat karein.","Is mahine sharir me halki sustee rahegi, vyayam karein. Bahar ka khana avoid karein.","Is mahine paisa aayega par kharch bhi hoga. Kisi ko daan karein to punya milega.","",""
SCORPIO,MONTHLY,23,"Is mahine partner ki sehat ka dhyan rakhein, unke saath samay bitayein. Chhoti baat par jhagda na karein.","Is mahine office me koi purana kaam pura hoga, senior khush honge. Naye project ki taiyari karein.","Is mahine gale me halki kharish ho sakti hai, garm paani peekar rahat milegi. Zyada bolne se bachein.","Is mahine koi purana lend wapas milega. Lekin naye nivesh se pehle achhi tarah soch lein.","",""
SCORPIO,MONTHLY,24,"Is mahine prem jeevan me utar-chadhav rahega, partner se baat karke sab theek ho jayega. Sabr rakhein.","Is mahine career me thodi deri ho sakti hai, par kaam poora hoga. Kisi colleague ki madad karein.","Is mahine sir dard ho sakta hai, stress kam karein. Paani adhik peeyein aur aaram karein.","Is mahine kharcha tez hoga, kisi bade nivesh se bachein. Budget banayein aur usi me rahein.","",""
SCORPIO,MONTHLY,25,"Is mahine kisi purane rishte me nayi jaan aayegi, purane mitra se mulakat hogi. Dil ki baat kehne me jhijhak na karein.","Is mahine office me mehnat ki tareef hogi, promotion ke chances hain. Mehnat jaari rakhein.","Is mahine sehat achhi rahegi, bas subah walk zaroor karein. Junk food avoid karein.","Is mahine aarthik labh hoga, koi bonus ya gift mil sakta hai. Bachat par dhyan dein.","",""
SCORPIO,MONTHLY,26,"Is mahine partner ke saath koi naya plan banega, ghoomne ka mauka milega. Saath me samay bitayein.","Is mahine career me koi naya mauka milega, turant haan na kahein. Soch samajh kar nirnay lein.","Is mahine thodi thakan mehsoos hogi, aaram karein. Neend poori karein aur stress kam karein.","Is mahine paisa aayega par kharch bhi hoga. Kisi zaruratmand ki madad karein, punya milega.","",""
SCORPIO,MONTHLY,27,"Is mahine prem jeevan me shanti rahegi, partner ka sahyog milega. Kisi shubh karyakram me shirkat karne ka mauka milega.","Is mahine office me yojana ko sarahna milegi. Team ke saath milkar kaam karein to safalta milegi.","Is mahine pet aur digestion ka dhyan rakhein, ghar ka khana khayein. Paani adhik peeyein.","Is mahine aarthik sthiti sudhregi, koi purana nivesh fal dega. Nayi yojana banayein.","",""
SCORPIO,MONTHLY,28,"Is mahine partner ke saath koi shubh samachar sunne ko milega. Rishta aur mazboot hoga.","Is mahine career me naya mauka milega, interview ya meeting me safalta milegi. Confidence se baat karein.","Is mahine sharir me halki sustee rahegi, vyayam karein. Bahar ka khana avoid karein.","Is mahine paisa aayega par kharch bhi hoga. Kisi ko daan karein to punya milega.","",""
SCORPIO,MONTHLY,29,"Is mahine partner ki sehat ka dhyan rakhein, unke saath samay bitayein. Chhoti baat par jhagda na karein.","Is mahine office me koi purana kaam pura hoga, senior khush honge. Naye project ki taiyari karein.","Is mahine gale me halki kharish ho sakti hai, garm paani peekar rahat milegi. Zyada bolne se bachein.","Is mahine koi purana lend wapas milega. Lekin naye nivesh se pehle achhi tarah soch lein.","",""
SCORPIO,YEARLY,0,"Is saal prem jeevan me badi urja aayegi, vivah ke yog ban sakte hain ya purana rishta gahra hoga. Partner ke saath samay bitane ka khoob mauka milega.","Is saal career me bada badlav sambhav hai, naukri badal sakti hai ya promotion milegi. Mehnat ka poora fal zaroor milega.","Is saal sehat achhi rahegi, bas niyamit vyayam aur santulit ahar apnayein. Stress kam karein aur neend poori karein.","Is saal aarthik sthiti majboot hogi, koi bada nivesh fal dega. Lekin faltu kharch se bachein aur bachat karein.","",""
SAGITTARIUS,TODAY,0,"Aaj partner ke saath samay bitane ka mauka milega, purani galatfehmi door hogi. Dil ki baat khul kar kehna aaj aapke rishte ko mazboot banayega.","Career me aaj koi naya kaam shuru karne ka mauka mil sakta hai, senior ka sahyog milega. Jaldbazi na karein, soch samajh kar kadam uthayein.","Aaj sehat achhi rahegi, bas subah walk zaroor karein. Zyada thanda aur fried khane se bachein.","Aaj paisa aayega, kisi purane lend ka paisa wapas mil sakta hai. Lekin faltu kharch se bachein.","9","Yellow"
SAGITTARIUS,TODAY,1,"Aaj prem jeevan me nayi urja aayegi, koi purana mitra mil sakta hai. Partner ki baat dhyan se sunein, jhagda ho sakta hai.","Office me aapki mehnat ki tareef hogi, promotion ke chances hain. Colleagues ke saath mil kar kaam karein.","Aaj thodi thakan mehsoos hogi, aaram karein. Paani adhik peeyein aur stress kam karein.","Aaj kharcha thoda zyada ho sakta hai, budget banayein. Kisi naye nivesh se pehle soch-vichar karein.","17","Orange"
SAGITTARIUS,TODAY,2,"Aaj partner ke saath koi purana mamla sulah ho sakta hai. Rishte me vishwas badhega aur madhurta aayegi.","Career me aaj koi rukavat aa sakti hai, dhairya rakhein. Kisi colleague se salah lein to fayda hoga.","Aaj gale aur sans me halki takleef ho sakti hai. Garm kapde pehnein aur thanda na khayein.","Aaj paisa aayega par kharch bhi hoga. Kisi zaruratmand ki madad karein, punya milega.","24","Purple"
SAGITTARIUS,TODAY,3,"Aaj kisi khaas insaan se mulaqat hogi jo aapka din bana degi. Purane jhagde sulah ho sakte hain.","Aaj office me aapki raay ko mahatva milega. Kisi naye project ki zimmedari mil sakti hai.","Sehat ke liye aaj halka vyayam karein aur khub paani peeyein. Sir dard ho sakta hai.","Aaj aarthik sthiti majboot rahegi, koi purana karz chukane ka mauka milega.","30","Yellow"
SAGITTARIUS,TODAY,4,"Aaj partner ke saath chhoti baat par takraar ho sakti hai, shaant rahein. Raat ko sulah ho jayegi.","Career me aaj koi naya mauka milega, turant haan na kahein. Soch samajh kar nirnay lein.","Aaj pet me halki gadbad ho sakti hai, halka khana khayein. Bahar ka khana avoid karein.","Aaj paisa haath me aayega par kharch bhi tez hoga. Bachat par dhyan dein.","5","Orange"
SAGITTARIUS,TODAY,5,"Aaj prem jeevan me madhurta rahegi, partner ke saath ghoomne ka mauka milega. Kisi purane mitra se mulakat hogi.","Aaj office me aapki mehnat ki sarahna hogi. Senior aapki baat maanenge, confidence rakhein.","Aaj urja se bharpur rahenge, vyayam karne ka mann karega. Lekin zyada garmi se bachein.","Aaj kisi naye kaam me nivesh karne ka mauka milega, soch samajh kar haan kahein.","13","Purple"
SAGITTARIUS,TODAY,6,"Aaj partner ke saath koi naya rishta shuru ho sakta hai ya purana gahra ho sakta hai. Dil ki baat kehne me jhijhak na karein.","Career me aaj thodi bhaag-daud rahegi, meetings me vyast rahenge. Jaldbazi me galti na karein.","Aaj jodon me halka dard ho sakta hai, aaram karein. Subah ki dhoop aapke liye faydemand hai.","Aaj aarthik labh hoga, koi bonus ya gift mil sakta hai. Lekin kharch par niyantran rakhein.","19","Yellow"
SAGITTARIUS,TODAY,7,"Aaj partner aapko surprise de sakta hai, prem me nayi urja aayegi. Saath me kuch naya try karein.","Aaj career me koi bada faisla lena pad sakta hai, savdhani se sochein. Kisi anubhavi se salah lein.","Aaj sehat achhi rahegi, bas subah ka nashta skip na karein. Fresh fruit khayein.","Aaj paisa aayega par kisi anavashyak cheez par kharch ho sakta hai. Ruk kar kharch karein.","26","Orange"
SAGITTARIUS,TODAY,8,"Aaj partner se koi purani baat chubh sakti hai, khul kar baat karein. Chhoti baat ko bada na banayein.","Career me aaj koi rukavat aa sakti hai, par dhairya se kaam lein. Koi purana project pura hoga.","Aaj mansik tanav ho sakta hai, meditation karein. Neend poori karein.","Aaj kisi dost se udhaar dene se bachein, warna paisa wapas nahi milega. Apne paise sambhal kar rakhein.","3","Purple"
SAGITTARIUS,TODAY,9,"Aaj prem jeevan me shanti rahegi, partner ka sahyog milega. Kisi shubh karyakram me shirkat karne ka mauka milega.","Aaj office me aapki yojana ko sarahna milegi. Team ke saath milkar kaam karein to safalta milegi.","Aaj pet aur digestion ka dhyan rakhein, ghar ka khana khayein. Paani adhik peeyein.","Aaj aarthik sthiti sudhregi, koi purana nivesh fal dega. Nayi yojana banayein.","15","Yellow"
SAGITTARIUS,TODAY,10,"Aaj partner ke saath koi shubh samachar sunne ko milega. Rishta aur mazboot hoga.","Aaj career me naya mauka milega, interview ya meeting me safalta milegi. Confidence se baat karein.","Aaj sharir me halki sustee rahegi, vyayam karein. Bahar ka khana avoid karein.","Aaj paisa aayega par kharch bhi hoga. Kisi ko daan karein to punya milega.","22","Orange"
SAGITTARIUS,TODAY,11,"Aaj partner ki sehat ka dhyan rakhein, unke saath samay bitayein. Chhoti baat par jhagda na karein.","Aaj office me koi purana kaam pura hoga, senior khush honge. Naye project ki taiyari karein.","Aaj gale me halki kharish ho sakti hai, garm paani peekar rahat milegi. Zyada bolne se bachein.","Aaj koi purana lend wapas milega. Lekin naye nivesh se pehle achhi tarah soch lein.","28","Purple"
SAGITTARIUS,TODAY,12,"Aaj prem jeevan me utar-chadhav rahega, partner se baat karke sab theek ho jayega. Sabr rakhein.","Aaj career me thodi deri ho sakti hai, par kaam poora hoga. Kisi colleague ki madad karein.","Aaj sir dard ho sakta hai, stress kam karein. Paani adhik peeyein aur aaram karein.","Aaj kharcha tez hoga, kisi bade nivesh se bachein. Budget banayein aur usi me rahein.","7","Yellow"
SAGITTARIUS,TODAY,13,"Aaj kisi purane rishte me nayi jaan aayegi, purane mitra se mulakat hogi. Dil ki baat kehne me jhijhak na karein.","Aaj office me aapki mehnat ki tareef hogi, promotion ke chances hain. Mehnat jaari rakhein.","Aaj sehat achhi rahegi, bas subah walk zaroor karein. Junk food avoid karein.","Aaj aarthik labh hoga, koi bonus ya gift mil sakta hai. Bachat par dhyan dein.","16","Orange"
SAGITTARIUS,TODAY,14,"Aaj partner ke saath koi naya plan banega, ghoomne ka mauka milega. Saath me samay bitayein.","Aaj career me koi naya mauka milega, turant haan na kahein. Soch samajh kar nirnay lein.","Aaj thodi thakan mehsoos hogi, aaram karein. Neend poori karein aur stress kam karein.","Aaj paisa aayega par kharch bhi hoga. Kisi zaruratmand ki madad karein, punya milega.","23","Purple"
SAGITTARIUS,TODAY,15,"Aaj prem jeevan me shanti rahegi, partner ka sahyog milega. Kisi shubh karyakram me shirkat karne ka mauka milega.","Aaj office me aapki yojana ko sarahna milegi. Team ke saath milkar kaam karein to safalta milegi.","Aaj pet aur digestion ka dhyan rakhein, ghar ka khana khayein. Paani adhik peeyein.","Aaj aarthik sthiti sudhregi, koi purana nivesh fal dega. Nayi yojana banayein.","10","Yellow"
SAGITTARIUS,TODAY,16,"Aaj partner ke saath koi shubh samachar sunne ko milega. Rishta aur mazboot hoga.","Aaj career me naya mauka milega, interview ya meeting me safalta milegi. Confidence se baat karein.","Aaj sharir me halki sustee rahegi, vyayam karein. Bahar ka khana avoid karein.","Aaj paisa aayega par kharch bhi hoga. Kisi ko daan karein to punya milega.","1","Orange"
SAGITTARIUS,TODAY,17,"Aaj partner ki sehat ka dhyan rakhein, unke saath samay bitayein. Chhoti baat par jhagda na karein.","Aaj office me koi purana kaam pura hoga, senior khush honge. Naye project ki taiyari karein.","Aaj gale me halki kharish ho sakti hai, garm paani peekar rahat milegi. Zyada bolne se bachein.","Aaj koi purana lend wapas milega. Lekin naye nivesh se pehle achhi tarah soch lein.","12","Purple"
SAGITTARIUS,TODAY,18,"Aaj prem jeevan me utar-chadhav rahega, partner se baat karke sab theek ho jayega. Sabr rakhein.","Aaj career me thodi deri ho sakti hai, par kaam poora hoga. Kisi colleague ki madad karein.","Aaj sir dard ho sakta hai, stress kam karein. Paani adhik peeyein aur aaram karein.","Aaj kharcha tez hoga, kisi bade nivesh se bachein. Budget banayein aur usi me rahein.","20","Yellow"
SAGITTARIUS,TODAY,19,"Aaj kisi purane rishte me nayi jaan aayegi, purane mitra se mulakat hogi. Dil ki baat kehne me jhijhak na karein.","Aaj office me aapki mehnat ki tareef hogi, promotion ke chances hain. Mehnat jaari rakhein.","Aaj sehat achhi rahegi, bas subah walk zaroor karein. Junk food avoid karein.","Aaj aarthik labh hoga, koi bonus ya gift mil sakta hai. Bachat par dhyan dein.","27","Orange"
SAGITTARIUS,TODAY,20,"Aaj partner ke saath koi naya plan banega, ghoomne ka mauka milega. Saath me samay bitayein.","Aaj career me koi naya mauka milega, turant haan na kahein. Soch samajh kar nirnay lein.","Aaj thodi thakan mehsoos hogi, aaram karein. Neend poori karein aur stress kam karein.","Aaj paisa aayega par kharch bhi hoga. Kisi zaruratmand ki madad karein, punya milega.","4","Purple"
SAGITTARIUS,TODAY,21,"Aaj prem jeevan me shanti rahegi, partner ka sahyog milega. Kisi shubh karyakram me shirkat karne ka mauka milega.","Aaj office me aapki yojana ko sarahna milegi. Team ke saath milkar kaam karein to safalta milegi.","Aaj pet aur digestion ka dhyan rakhein, ghar ka khana khayein. Paani adhik peeyein.","Aaj aarthik sthiti sudhregi, koi purana nivesh fal dega. Nayi yojana banayein.","14","Yellow"
SAGITTARIUS,TODAY,22,"Aaj partner ke saath koi shubh samachar sunne ko milega. Rishta aur mazboot hoga.","Aaj career me naya mauka milega, interview ya meeting me safalta milegi. Confidence se baat karein.","Aaj sharir me halki sustee rahegi, vyayam karein. Bahar ka khana avoid karein.","Aaj paisa aayega par kharch bhi hoga. Kisi ko daan karein to punya milega.","21","Orange"
SAGITTARIUS,TODAY,23,"Aaj partner ki sehat ka dhyan rakhein, unke saath samay bitayein. Chhoti baat par jhagda na karein.","Aaj office me koi purana kaam pura hoga, senior khush honge. Naye project ki taiyari karein.","Aaj gale me halki kharish ho sakti hai, garm paani peekar rahat milegi. Zyada bolne se bachein.","Aaj koi purana lend wapas milega. Lekin naye nivesh se pehle achhi tarah soch lein.","29","Purple"
SAGITTARIUS,TODAY,24,"Aaj prem jeevan me utar-chadhav rahega, partner se baat karke sab theek ho jayega. Sabr rakhein.","Aaj career me thodi deri ho sakti hai, par kaam poora hoga. Kisi colleague ki madad karein.","Aaj sir dard ho sakta hai, stress kam karein. Paani adhik peeyein aur aaram karein.","Aaj kharcha tez hoga, kisi bade nivesh se bachein. Budget banayein aur usi me rahein.","6","Yellow"
SAGITTARIUS,TODAY,25,"Aaj kisi purane rishte me nayi jaan aayegi, purane mitra se mulakat hogi. Dil ki baat kehne me jhijhak na karein.","Aaj office me aapki mehnat ki tareef hogi, promotion ke chances hain. Mehnat jaari rakhein.","Aaj sehat achhi rahegi, bas subah walk zaroor karein. Junk food avoid karein.","Aaj aarthik labh hoga, koi bonus ya gift mil sakta hai. Bachat par dhyan dein.","18","Orange"
SAGITTARIUS,TODAY,26,"Aaj partner ke saath koi naya plan banega, ghoomne ka mauka milega. Saath me samay bitayein.","Aaj career me koi naya mauka milega, turant haan na kahein. Soch samajh kar nirnay lein.","Aaj thodi thakan mehsoos hogi, aaram karein. Neend poori karein aur stress kam karein.","Aaj paisa aayega par kharch bhi hoga. Kisi zaruratmand ki madad karein, punya milega.","25","Purple"
SAGITTARIUS,TODAY,27,"Aaj prem jeevan me shanti rahegi, partner ka sahyog milega. Kisi shubh karyakram me shirkat karne ka mauka milega.","Aaj office me aapki yojana ko sarahna milegi. Team ke saath milkar kaam karein to safalta milegi.","Aaj pet aur digestion ka dhyan rakhein, ghar ka khana khayein. Paani adhik peeyein.","Aaj aarthik sthiti sudhregi, koi purana nivesh fal dega. Nayi yojana banayein.","2","Yellow"
SAGITTARIUS,TODAY,28,"Aaj partner ke saath koi shubh samachar sunne ko milega. Rishta aur mazboot hoga.","Aaj career me naya mauka milega, interview ya meeting me safalta milegi. Confidence se baat karein.","Aaj sharir me halki sustee rahegi, vyayam karein. Bahar ka khana avoid karein.","Aaj paisa aayega par kharch bhi hoga. Kisi ko daan karein to punya milega.","11","Orange"
SAGITTARIUS,TODAY,29,"Aaj partner ki sehat ka dhyan rakhein, unke saath samay bitayein. Chhoti baat par jhagda na karein.","Aaj office me koi purana kaam pura hoga, senior khush honge. Naye project ki taiyari karein.","Aaj gale me halki kharish ho sakti hai, garm paani peekar rahat milegi. Zyada bolne se bachein.","Aaj koi purana lend wapas milega. Lekin naye nivesh se pehle achhi tarah soch lein.","8","Purple"
SAGITTARIUS,YESTERDAY,0,"Kal partner ke saath samay bitane ka mauka mila tha, purani galatfehmi door hui. Dil ki baat khul kar kehna rishte ko mazboot banata hai.","Kal career me koi naya kaam shuru karne ka mauka mila tha, senior ka sahyog mila. Jaldbazi na karna hi samajhdari hai.","Kal sehat achhi rahi, subah walk ka fayda mila. Thanda aur fried khane se bachna chahiye.","Kal paisa aaya, kisi purane lend ka paisa wapas mila. Lekin faltu kharch se bachna chahiye.","",""
SAGITTARIUS,YESTERDAY,1,"Kal prem jeevan me nayi urja aayi, koi purana mitra mila. Partner ki baat dhyan se sunni chahiye thi.","Kal office me mehnat ki tareef hui, promotion ke chances bane. Colleagues ke saath milkar kaam karna faydemand raha.","Kal thodi thakan mehsoos hui, aaram karna zaroori tha. Paani adhik peena aur stress kam karna chahiye.","Kal kharcha thoda zyada ho gaya, budget banane ki zarurat thi. Naye nivesh se pehle soch-vichar karna chahiye.","",""
SAGITTARIUS,YESTERDAY,2,"Kal partner ke saath koi purana mamla sulah hua. Rishte me vishwas badha aur madhurta aayi.","Kal career me koi rukavat aayi thi, dhairya rakhna zaroori tha. Kisi colleague se salah lena faydemand raha.","Kal gale aur sans me halki takleef hui. Garm kapde pehenna aur thanda na khana chahiye.","Kal paisa aaya par kharch bhi hua. Kisi zaruratmand ki madad karne se punya mila.","",""
SAGITTARIUS,YESTERDAY,3,"Kal kisi khaas insaan se mulaqat hui jo din bana gayi. Purane jhagde sulah ho gaye.","Kal office me raay ko mahatva mila. Kisi naye project ki zimmedari mili.","Kal sehat ke liye halka vyayam karna aur khub paani peena faydemand raha. Sir dard ho sakta tha.","Kal aarthik sthiti majboot rahi, koi purana karz chukane ka mauka mila.","",""
SAGITTARIUS,YESTERDAY,4,"Kal partner ke saath chhoti baat par takraar hui thi, shaant rehna chahiye tha. Raat ko sulah ho gayi.","Kal career me koi naya mauka mila, turant haan nahi kehna chahiye tha. Soch samajh kar nirnay lena chahiye.","Kal pet me halki gadbad hui, halka khana khana chahiye tha. Bahar ka khana avoid karna chahiye.","Kal paisa haath me aaya par kharch bhi tez hua. Bachat par dhyan dena chahiye tha.","",""
SAGITTARIUS,YESTERDAY,5,"Kal prem jeevan me madhurta rahi, partner ke saath ghoomne ka mauka mila. Kisi purane mitra se mulakat hui.","Kal office me mehnat ki sarahna hui. Senior ne baat maani, confidence rakhna chahiye tha.","Kal urja se bharpur rahe, vyayam karne ka mann kiya. Lekin zyada garmi se bachna chahiye tha.","Kal kisi naye kaam me nivesh karne ka mauka mila, soch samajh kar haan kehna chahiye tha.","",""
SAGITTARIUS,YESTERDAY,6,"Kal partner ke saath koi naya rishta shuru hua ya purana gahra hua. Dil ki baat kehne me jhijhak nahi karni chahiye thi.","Kal career me thodi bhaag-daud rahi, meetings me vyast rahe. Jaldbazi me galti nahi karni chahiye thi.","Kal jodon me halka dard hua, aaram karna chahiye tha. Subah ki dhoop faydemand rahi.","Kal aarthik labh hua, koi bonus ya gift mila. Lekin kharch par niyantran rakhna chahiye tha.","",""
SAGITTARIUS,YESTERDAY,7,"Kal partner ne surprise diya, prem me nayi urja aayi. Saath me kuch naya try karna chahiye tha.","Kal career me koi bada faisla lena pada, savdhani se sochna chahiye tha. Kisi anubhavi se salah leni chahiye thi.","Kal sehat achhi rahi, bas subah ka nashta skip nahi karna chahiye tha. Fresh fruit khane chahiye the.","Kal paisa aaya par kisi anavashyak cheez par kharch ho gaya. Ruk kar kharch karna chahiye tha.","",""
SAGITTARIUS,YESTERDAY,8,"Kal partner se koi purani baat chubhi thi, khul kar baat karni chahiye thi. Chhoti baat ko bada nahi banana chahiye tha.","Kal career me koi rukavat aayi, par dhairya se kaam liya. Koi purana project pura hua.","Kal mansik tanav hua, meditation karna chahiye tha. Neend poori karni chahiye thi.","Kal kisi dost se udhaar dena nahi chahiye tha, warna paisa wapas nahi milta. Apne paise sambhal kar rakhne chahiye the.","",""
SAGITTARIUS,YESTERDAY,9,"Kal prem jeevan me shanti rahi, partner ka sahyog mila. Kisi shubh karyakram me shirkat karne ka mauka mila.","Kal office me yojana ko sarahna mili. Team ke saath milkar kaam karne se safalta mili.","Kal pet aur digestion ka dhyan rakhna chahiye tha, ghar ka khana khana chahiye tha. Paani adhik peena chahiye tha.","Kal aarthik sthiti sudhri, koi purana nivesh fal diya. Nayi yojana banani chahiye thi.","",""
SAGITTARIUS,YESTERDAY,10,"Kal partner ke saath koi shubh samachar sunne ko mila. Rishta aur mazboot hua.","Kal career me naya mauka mila, interview ya meeting me safalta mili. Confidence se baat karni chahiye thi.","Kal sharir me halki sustee rahi, vyayam karna chahiye tha. Bahar ka khana avoid karna chahiye tha.","Kal paisa aaya par kharch bhi hua. Kisi ko daan karne se punya mila.","",""
SAGITTARIUS,YESTERDAY,11,"Kal partner ki sehat ka dhyan rakhna chahiye tha, unke saath samay bitana chahiye tha. Chhoti baat par jhagda nahi karna chahiye tha.","Kal office me koi purana kaam pura hua, senior khush hue. Naye project ki taiyari karni chahiye thi.","Kal gale me halki kharish hui, garm paani peekar rahat mili. Zyada bolne se bachna chahiye tha.","Kal koi purana lend wapas mila. Lekin naye nivesh se pehle achhi tarah sochna chahiye tha.","",""
SAGITTARIUS,YESTERDAY,12,"Kal prem jeevan me utar-chadhav raha, partner se baat karke sab theek ho gaya. Sabr rakhna chahiye tha.","Kal career me thodi deri hui, par kaam poora hua. Kisi colleague ki madad karni chahiye thi.","Kal sir dard hua, stress kam karna chahiye tha. Paani adhik peena aur aaram karna chahiye tha.","Kal kharcha tez hua, kisi bade nivesh se bachna chahiye tha. Budget banakar usi me rehna chahiye tha.","",""
SAGITTARIUS,YESTERDAY,13,"Kal kisi purane rishte me nayi jaan aayi, purane mitra se mulakat hui. Dil ki baat kehne me jhijhak nahi karni chahiye thi.","Kal office me mehnat ki tareef hui, promotion ke chances bane. Mehnat jaari rakhni chahiye thi.","Kal sehat achhi rahi, bas subah walk karni chahiye thi. Junk food avoid karna chahiye tha.","Kal aarthik labh hua, koi bonus ya gift mila. Bachat par dhyan dena chahiye tha.","",""
SAGITTARIUS,YESTERDAY,14,"Kal partner ke saath koi naya plan bana, ghoomne ka mauka mila. Saath me samay bitana chahiye tha.","Kal career me koi naya mauka mila, turant haan nahi kehna chahiye tha. Soch samajh kar nirnay lena chahiye tha.","Kal thodi thakan mehsoos hui, aaram karna chahiye tha. Neend poori karni chahiye thi aur stress kam karna chahiye tha.","Kal paisa aaya par kharch bhi hua. Kisi zaruratmand ki madad karne se punya mila.","",""
SAGITTARIUS,YESTERDAY,15,"Kal prem jeevan me shanti rahi, partner ka sahyog mila. Kisi shubh karyakram me shirkat karne ka mauka mila.","Kal office me yojana ko sarahna mili. Team ke saath milkar kaam karne se safalta mili.","Kal pet aur digestion ka dhyan rakhna chahiye tha, ghar ka khana khana chahiye tha. Paani adhik peena chahiye tha.","Kal aarthik sthiti sudhri, koi purana nivesh fal diya. Nayi yojana banani chahiye thi.","",""
SAGITTARIUS,YESTERDAY,16,"Kal partner ke saath koi shubh samachar sunne ko mila. Rishta aur mazboot hua.","Kal career me naya mauka mila, interview ya meeting me safalta mili. Confidence se baat karni chahiye thi.","Kal sharir me halki sustee rahi, vyayam karna chahiye tha. Bahar ka khana avoid karna chahiye tha.","Kal paisa aaya par kharch bhi hua. Kisi ko daan karne se punya mila.","",""
SAGITTARIUS,YESTERDAY,17,"Kal partner ki sehat ka dhyan rakhna chahiye tha, unke saath samay bitana chahiye tha. Chhoti baat par jhagda nahi karna chahiye tha.","Kal office me koi purana kaam pura hua, senior khush hue. Naye project ki taiyari karni chahiye thi.","Kal gale me halki kharish hui, garm paani peekar rahat mili. Zyada bolne se bachna chahiye tha.","Kal koi purana lend wapas mila. Lekin naye nivesh se pehle achhi tarah sochna chahiye tha.","",""
SAGITTARIUS,YESTERDAY,18,"Kal prem jeevan me utar-chadhav raha, partner se baat karke sab theek ho gaya. Sabr rakhna chahiye tha.","Kal career me thodi deri hui, par kaam poora hua. Kisi colleague ki madad karni chahiye thi.","Kal sir dard hua, stress kam karna chahiye tha. Paani adhik peena aur aaram karna chahiye tha.","Kal kharcha tez hua, kisi bade nivesh se bachna chahiye tha. Budget banakar usi me rehna chahiye tha.","",""
SAGITTARIUS,YESTERDAY,19,"Kal kisi purane rishte me nayi jaan aayi, purane mitra se mulakat hui. Dil ki baat kehne me jhijhak nahi karni chahiye thi.","Kal office me mehnat ki tareef hui, promotion ke chances bane. Mehnat jaari rakhni chahiye thi.","Kal sehat achhi rahi, bas subah walk karni chahiye thi. Junk food avoid karna chahiye tha.","Kal aarthik labh hua, koi bonus ya gift mila. Bachat par dhyan dena chahiye tha.","",""
SAGITTARIUS,YESTERDAY,20,"Kal partner ke saath koi naya plan bana, ghoomne ka mauka mila. Saath me samay bitana chahiye tha.","Kal career me koi naya mauka mila, turant haan nahi kehna chahiye tha. Soch samajh kar nirnay lena chahiye tha.","Kal thodi thakan mehsoos hui, aaram karna chahiye tha. Neend poori karni chahiye thi aur stress kam karna chahiye tha.","Kal paisa aaya par kharch bhi hua. Kisi zaruratmand ki madad karne se punya mila.","",""
SAGITTARIUS,YESTERDAY,21,"Kal prem jeevan me shanti rahi, partner ka sahyog mila. Kisi shubh karyakram me shirkat karne ka mauka mila.","Kal office me yojana ko sarahna mili. Team ke saath milkar kaam karne se safalta mili.","Kal pet aur digestion ka dhyan rakhna chahiye tha, ghar ka khana khana chahiye tha. Paani adhik peena chahiye tha.","Kal aarthik sthiti sudhri, koi purana nivesh fal diya. Nayi yojana banani chahiye thi.","",""
SAGITTARIUS,YESTERDAY,22,"Kal partner ke saath koi shubh samachar sunne ko mila. Rishta aur mazboot hua.","Kal career me naya mauka mila, interview ya meeting me safalta mili. Confidence se baat karni chahiye thi.","Kal sharir me halki sustee rahi, vyayam karna chahiye tha. Bahar ka khana avoid karna chahiye tha.","Kal paisa aaya par kharch bhi hua. Kisi ko daan karne se punya mila.","",""
SAGITTARIUS,YESTERDAY,23,"Kal partner ki sehat ka dhyan rakhna chahiye tha, unke saath samay bitana chahiye tha. Chhoti baat par jhagda nahi karna chahiye tha.","Kal office me koi purana kaam pura hua, senior khush hue. Naye project ki taiyari karni chahiye thi.","Kal gale me halki kharish hui, garm paani peekar rahat mili. Zyada bolne se bachna chahiye tha.","Kal koi purana lend wapas mila. Lekin naye nivesh se pehle achhi tarah sochna chahiye tha.","",""
SAGITTARIUS,YESTERDAY,24,"Kal prem jeevan me utar-chadhav raha, partner se baat karke sab theek ho gaya. Sabr rakhna chahiye tha.","Kal career me thodi deri hui, par kaam poora hua. Kisi colleague ki madad karni chahiye thi.","Kal sir dard hua, stress kam karna chahiye tha. Paani adhik peena aur aaram karna chahiye tha.","Kal kharcha tez hua, kisi bade nivesh se bachna chahiye tha. Budget banakar usi me rehna chahiye tha.","",""
SAGITTARIUS,YESTERDAY,25,"Kal kisi purane rishte me nayi jaan aayi, purane mitra se mulakat hui. Dil ki baat kehne me jhijhak nahi karni chahiye thi.","Kal office me mehnat ki tareef hui, promotion ke chances bane. Mehnat jaari rakhni chahiye thi.","Kal sehat achhi rahi, bas subah walk karni chahiye thi. Junk food avoid karna chahiye tha.","Kal aarthik labh hua, koi bonus ya gift mila. Bachat par dhyan dena chahiye tha.","",""
SAGITTARIUS,YESTERDAY,26,"Kal partner ke saath koi naya plan bana, ghoomne ka mauka mila. Saath me samay bitana chahiye tha.","Kal career me koi naya mauka mila, turant haan nahi kehna chahiye tha. Soch samajh kar nirnay lena chahiye tha.","Kal thodi thakan mehsoos hui, aaram karna chahiye tha. Neend poori karni chahiye thi aur stress kam karna chahiye tha.","Kal paisa aaya par kharch bhi hua. Kisi zaruratmand ki madad karne se punya mila.","",""
SAGITTARIUS,YESTERDAY,27,"Kal prem jeevan me shanti rahi, partner ka sahyog mila. Kisi shubh karyakram me shirkat karne ka mauka mila.","Kal office me yojana ko sarahna mili. Team ke saath milkar kaam karne se safalta mili.","Kal pet aur digestion ka dhyan rakhna chahiye tha, ghar ka khana khana chahiye tha. Paani adhik peena chahiye tha.","Kal aarthik sthiti sudhri, koi purana nivesh fal diya. Nayi yojana banani chahiye thi.","",""
SAGITTARIUS,YESTERDAY,28,"Kal partner ke saath koi shubh samachar sunne ko mila. Rishta aur mazboot hua.","Kal career me naya mauka mila, interview ya meeting me safalta mili. Confidence se baat karni chahiye thi.","Kal sharir me halki sustee rahi, vyayam karna chahiye tha. Bahar ka khana avoid karna chahiye tha.","Kal paisa aaya par kharch bhi hua. Kisi ko daan karne se punya mila.","",""
SAGITTARIUS,YESTERDAY,29,"Kal partner ki sehat ka dhyan rakhna chahiye tha, unke saath samay bitana chahiye tha. Chhoti baat par jhagda nahi karna chahiye tha.","Kal office me koi purana kaam pura hua, senior khush hue. Naye project ki taiyari karni chahiye thi.","Kal gale me halki kharish hui, garm paani peekar rahat mili. Zyada bolne se bachna chahiye tha.","Kal koi purana lend wapas mila. Lekin naye nivesh se pehle achhi tarah sochna chahiye tha.","",""
SAGITTARIUS,TOMORROW,0,"Kal partner ke saath samay bitane ka mauka milega, purani galatfehmi door hogi. Dil ki baat khul kar kehna rishte ko mazboot banayega.","Kal career me koi naya kaam shuru karne ka mauka mil sakta hai, senior ka sahyog milega. Jaldbazi na karein.","Kal sehat achhi rahegi, subah walk zaroor karein. Thanda aur fried khane se bachein.","Kal paisa aayega, kisi purane lend ka paisa wapas mil sakta hai. Lekin faltu kharch se bachein.","",""
SAGITTARIUS,TOMORROW,1,"Kal prem jeevan me nayi urja aayegi, koi purana mitra mil sakta hai. Partner ki baat dhyan se sunein.","Kal office me mehnat ki tareef hogi, promotion ke chances hain. Colleagues ke saath milkar kaam karein.","Kal thodi thakan mehsoos hogi, aaram karein. Paani adhik peeyein aur stress kam karein.","Kal kharcha thoda zyada ho sakta hai, budget banayein. Naye nivesh se pehle soch-vichar karein.","",""
SAGITTARIUS,TOMORROW,2,"Kal partner ke saath koi purana mamla sulah ho sakta hai. Rishte me vishwas badhega aur madhurta aayegi.","Kal career me koi rukavat aa sakti hai, dhairya rakhein. Kisi colleague se salah lein to fayda hoga.","Kal gale aur sans me halki takleef ho sakti hai. Garm kapde pehnein aur thanda na khayein.","Kal paisa aayega par kharch bhi hoga. Kisi zaruratmand ki madad karein, punya milega.","",""
SAGITTARIUS,TOMORROW,3,"Kal kisi khaas insaan se mulaqat hogi jo din bana degi. Purane jhagde sulah ho sakte hain.","Kal office me raay ko mahatva milega. Kisi naye project ki zimmedari mil sakti hai.","Kal sehat ke liye halka vyayam karein aur khub paani peeyein. Sir dard ho sakta hai.","Kal aarthik sthiti majboot rahegi, koi purana karz chukane ka mauka milega.","",""
SAGITTARIUS,TOMORROW,4,"Kal partner ke saath chhoti baat par takraar ho sakti hai, shaant rahein. Raat ko sulah ho jayegi.","Kal career me koi naya mauka milega, turant haan na kahein. Soch samajh kar nirnay lein.","Kal pet me halki gadbad ho sakti hai, halka khana khayein. Bahar ka khana avoid karein.","Kal paisa haath me aayega par kharch bhi tez hoga. Bachat par dhyan dein.","",""
SAGITTARIUS,TOMORROW,5,"Kal prem jeevan me madhurta rahegi, partner ke saath ghoomne ka mauka milega. Kisi purane mitra se mulakat hogi.","Kal office me mehnat ki sarahna hogi. Senior aapki baat maanenge, confidence rakhein.","Kal urja se bharpur rahenge, vyayam karne ka mann karega. Lekin zyada garmi se bachein.","Kal kisi naye kaam me nivesh karne ka mauka milega, soch samajh kar haan kahein.","",""
SAGITTARIUS,TOMORROW,6,"Kal partner ke saath koi naya rishta shuru ho sakta hai ya purana gahra ho sakta hai. Dil ki baat kehne me jhijhak na karein.","Kal career me thodi bhaag-daud rahegi, meetings me vyast rahenge. Jaldbazi me galti na karein.","Kal jodon me halka dard ho sakta hai, aaram karein. Subah ki dhoop faydemand hai.","Kal aarthik labh hoga, koi bonus ya gift mil sakta hai. Lekin kharch par niyantran rakhein.","",""
SAGITTARIUS,TOMORROW,7,"Kal partner aapko surprise de sakta hai, prem me nayi urja aayegi. Saath me kuch naya try karein.","Kal career me koi bada faisla lena pad sakta hai, savdhani se sochein. Kisi anubhavi se salah lein.","Kal sehat achhi rahegi, bas subah ka nashta skip na karein. Fresh fruit khayein.","Kal paisa aayega par kisi anavashyak cheez par kharch ho sakta hai. Ruk kar kharch karein.","",""
SAGITTARIUS,TOMORROW,8,"Kal partner se koi purani baat chubh sakti hai, khul kar baat karein. Chhoti baat ko bada na banayein.","Kal career me koi rukavat aa sakti hai, par dhairya se kaam lein. Koi purana project pura hoga.","Kal mansik tanav ho sakta hai, meditation karein. Neend poori karein.","Kal kisi dost se udhaar dene se bachein, warna paisa wapas nahi milega. Apne paise sambhal kar rakhein.","",""
SAGITTARIUS,TOMORROW,9,"Kal prem jeevan me shanti rahegi, partner ka sahyog milega. Kisi shubh karyakram me shirkat karne ka mauka milega.","Kal office me yojana ko sarahna milegi. Team ke saath milkar kaam karein to safalta milegi.","Kal pet aur digestion ka dhyan rakhein, ghar ka khana khayein. Paani adhik peeyein.","Kal aarthik sthiti sudhregi, koi purana nivesh fal dega. Nayi yojana banayein.","",""
SAGITTARIUS,TOMORROW,10,"Kal partner ke saath koi shubh samachar sunne ko milega. Rishta aur mazboot hoga.","Kal career me naya mauka milega, interview ya meeting me safalta milegi. Confidence se baat karein.","Kal sharir me halki sustee rahegi, vyayam karein. Bahar ka khana avoid karein.","Kal paisa aayega par kharch bhi hoga. Kisi ko daan karein to punya milega.","",""
SAGITTARIUS,TOMORROW,11,"Kal partner ki sehat ka dhyan rakhein, unke saath samay bitayein. Chhoti baat par jhagda na karein.","Kal office me koi purana kaam pura hoga, senior khush honge. Naye project ki taiyari karein.","Kal gale me halki kharish ho sakti hai, garm paani peekar rahat milegi. Zyada bolne se bachein.","Kal koi purana lend wapas milega. Lekin naye nivesh se pehle achhi tarah soch lein.","",""
SAGITTARIUS,TOMORROW,12,"Kal prem jeevan me utar-chadhav rahega, partner se baat karke sab theek ho jayega. Sabr rakhein.","Kal career me thodi deri ho sakti hai, par kaam poora hoga. Kisi colleague ki madad karein.","Kal sir dard ho sakta hai, stress kam karein. Paani adhik peeyein aur aaram karein.","Kal kharcha tez hoga, kisi bade nivesh se bachein. Budget banayein aur usi me rahein.","",""
SAGITTARIUS,TOMORROW,13,"Kal kisi purane rishte me nayi jaan aayegi, purane mitra se mulakat hogi. Dil ki baat kehne me jhijhak na karein.","Kal office me mehnat ki tareef hogi, promotion ke chances hain. Mehnat jaari rakhein.","Kal sehat achhi rahegi, bas subah walk zaroor karein. Junk food avoid karein.","Kal aarthik labh hoga, koi bonus ya gift mil sakta hai. Bachat par dhyan dein.","",""
SAGITTARIUS,TOMORROW,14,"Kal partner ke saath koi naya plan banega, ghoomne ka mauka milega. Saath me samay bitayein.","Kal career me koi naya mauka milega, turant haan na kahein. Soch samajh kar nirnay lein.","Kal thodi thakan mehsoos hogi, aaram karein. Neend poori karein aur stress kam karein.","Kal paisa aayega par kharch bhi hoga. Kisi zaruratmand ki madad karein, punya milega.","",""
SAGITTARIUS,TOMORROW,15,"Kal prem jeevan me shanti rahegi, partner ka sahyog milega. Kisi shubh karyakram me shirkat karne ka mauka milega.","Kal office me yojana ko sarahna milegi. Team ke saath milkar kaam karein to safalta milegi.","Kal pet aur digestion ka dhyan rakhein, ghar ka khana khayein. Paani adhik peeyein.","Kal aarthik sthiti sudhregi, koi purana nivesh fal dega. Nayi yojana banayein.","",""
SAGITTARIUS,TOMORROW,16,"Kal partner ke saath koi shubh samachar sunne ko milega. Rishta aur mazboot hoga.","Kal career me naya mauka milega, interview ya meeting me safalta milegi. Confidence se baat karein.","Kal sharir me halki sustee rahegi, vyayam karein. Bahar ka khana avoid karein.","Kal paisa aayega par kharch bhi hoga. Kisi ko daan karein to punya milega.","",""
SAGITTARIUS,TOMORROW,17,"Kal partner ki sehat ka dhyan rakhein, unke saath samay bitayein. Chhoti baat par jhagda na karein.","Kal office me koi purana kaam pura hoga, senior khush honge. Naye project ki taiyari karein.","Kal gale me halki kharish ho sakti hai, garm paani peekar rahat milegi. Zyada bolne se bachein.","Kal koi purana lend wapas milega. Lekin naye nivesh se pehle achhi tarah soch lein.","",""
SAGITTARIUS,TOMORROW,18,"Kal prem jeevan me utar-chadhav rahega, partner se baat karke sab theek ho jayega. Sabr rakhein.","Kal career me thodi deri ho sakti hai, par kaam poora hoga. Kisi colleague ki madad karein.","Kal sir dard ho sakta hai, stress kam karein. Paani adhik peeyein aur aaram karein.","Kal kharcha tez hoga, kisi bade nivesh se bachein. Budget banayein aur usi me rahein.","",""
SAGITTARIUS,TOMORROW,19,"Kal kisi purane rishte me nayi jaan aayegi, purane mitra se mulakat hogi. Dil ki baat kehne me jhijhak na karein.","Kal office me mehnat ki tareef hogi, promotion ke chances hain. Mehnat jaari rakhein.","Kal sehat achhi rahegi, bas subah walk zaroor karein. Junk food avoid karein.","Kal aarthik labh hoga, koi bonus ya gift mil sakta hai. Bachat par dhyan dein.","",""
SAGITTARIUS,TOMORROW,20,"Kal partner ke saath koi naya plan banega, ghoomne ka mauka milega. Saath me samay bitayein.","Kal career me koi naya mauka milega, turant haan na kahein. Soch samajh kar nirnay lein.","Kal thodi thakan mehsoos hogi, aaram karein. Neend poori karein aur stress kam karein.","Kal paisa aayega par kharch bhi hoga. Kisi zaruratmand ki madad karein, punya milega.","",""
SAGITTARIUS,TOMORROW,21,"Kal prem jeevan me shanti rahegi, partner ka sahyog milega. Kisi shubh karyakram me shirkat karne ka mauka milega.","Kal office me yojana ko sarahna milegi. Team ke saath milkar kaam karein to safalta milegi.","Kal pet aur digestion ka dhyan rakhein, ghar ka khana khayein. Paani adhik peeyein.","Kal aarthik sthiti sudhregi, koi purana nivesh fal dega. Nayi yojana banayein.","",""
SAGITTARIUS,TOMORROW,22,"Kal partner ke saath koi shubh samachar sunne ko milega. Rishta aur mazboot hoga.","Kal career me naya mauka milega, interview ya meeting me safalta milegi. Confidence se baat karein.","Kal sharir me halki sustee rahegi, vyayam karein. Bahar ka khana avoid karein.","Kal paisa aayega par kharch bhi hoga. Kisi ko daan karein to punya milega.","",""
SAGITTARIUS,TOMORROW,23,"Kal partner ki sehat ka dhyan rakhein, unke saath samay bitayein. Chhoti baat par jhagda na karein.","Kal office me koi purana kaam pura hoga, senior khush honge. Naye project ki taiyari karein.","Kal gale me halki kharish ho sakti hai, garm paani peekar rahat milegi. Zyada bolne se bachein.","Kal koi purana lend wapas milega. Lekin naye nivesh se pehle achhi tarah soch lein.","",""
SAGITTARIUS,TOMORROW,24,"Kal prem jeevan me utar-chadhav rahega, partner se baat karke sab theek ho jayega. Sabr rakhein.","Kal career me thodi deri ho sakti hai, par kaam poora hoga. Kisi colleague ki madad karein.","Kal sir dard ho sakta hai, stress kam karein. Paani adhik peeyein aur aaram karein.","Kal kharcha tez hoga, kisi bade nivesh se bachein. Budget banayein aur usi me rahein.","",""
SAGITTARIUS,TOMORROW,25,"Kal kisi purane rishte me nayi jaan aayegi, purane mitra se mulakat hogi. Dil ki baat kehne me jhijhak na karein.","Kal office me mehnat ki tareef hogi, promotion ke chances hain. Mehnat jaari rakhein.","Kal sehat achhi rahegi, bas subah walk zaroor karein. Junk food avoid karein.","Kal aarthik labh hoga, koi bonus ya gift mil sakta hai. Bachat par dhyan dein.","",""
SAGITTARIUS,TOMORROW,26,"Kal partner ke saath koi naya plan banega, ghoomne ka mauka milega. Saath me samay bitayein.","Kal career me koi naya mauka milega, turant haan na kahein. Soch samajh kar nirnay lein.","Kal thodi thakan mehsoos hogi, aaram karein. Neend poori karein aur stress kam karein.","Kal paisa aayega par kharch bhi hoga. Kisi zaruratmand ki madad karein, punya milega.","",""
SAGITTARIUS,TOMORROW,27,"Kal prem jeevan me shanti rahegi, partner ka sahyog milega. Kisi shubh karyakram me shirkat karne ka mauka milega.","Kal office me yojana ko sarahna milegi. Team ke saath milkar kaam karein to safalta milegi.","Kal pet aur digestion ka dhyan rakhein, ghar ka khana khayein. Paani adhik peeyein.","Kal aarthik sthiti sudhregi, koi purana nivesh fal dega. Nayi yojana banayein.","",""
SAGITTARIUS,TOMORROW,28,"Kal partner ke saath koi shubh samachar sunne ko milega. Rishta aur mazboot hoga.","Kal career me naya mauka milega, interview ya meeting me safalta milegi. Confidence se baat karein.","Kal sharir me halki sustee rahegi, vyayam karein. Bahar ka khana avoid karein.","Kal paisa aayega par kharch bhi hoga. Kisi ko daan karein to punya milega.","",""
SAGITTARIUS,TOMORROW,29,"Kal partner ki sehat ka dhyan rakhein, unke saath samay bitayein. Chhoti baat par jhagda na karein.","Kal office me koi purana kaam pura hoga, senior khush honge. Naye project ki taiyari karein.","Kal gale me halki kharish ho sakti hai, garm paani peekar rahat milegi. Zyada bolne se bachein.","Kal koi purana lend wapas milega. Lekin naye nivesh se pehle achhi tarah soch lein.","",""
SAGITTARIUS,WEEKLY,0,"Is hafte prem jeevan me madhurta rahegi, partner ke saath samay bitane ka mauka milega. Kisi purane mitra se mulakat hogi.","Is hafte career me naya project milega, senior ka sahyog rahega. Mehnat ka fal zaroor milega.","Is hafte sehat achhi rahegi, bas subah walk aur halka vyayam karein. Junk food avoid karein.","Is hafte aarthik labh hoga, koi purana lend wapas milega. Lekin budget banakar chalein.","",""
SAGITTARIUS,WEEKLY,1,"Is hafte partner ke saath koi purana mamla sulah ho sakta hai. Rishte me vishwas badhega aur prem gahra hoga.","Is hafte office me aapki mehnat ki tareef hogi, promotion ke chances hain. Team ke saath milkar kaam karein.","Is hafte thodi thakan mehsoos hogi, aaram karein aur neend poori karein. Paani adhik peeyein.","Is hafte kharcha thoda zyada hoga, savdhani rakhein. Kisi naye nivesh se pehle soch-vichar karein.","",""
SAGITTARIUS,WEEKLY,2,"Is hafte kisi khaas insaan se mulaqat hogi jo dil ko khush kar degi. Purane jhagde sulah ho sakte hain.","Is hafte career me koi rukavat aa sakti hai, dhairya rakhein. Kisi colleague se salah lena faydemand hoga.","Is hafte gale aur sans me halki takleef ho sakti hai. Garm kapde pehnein aur thanda na khayein.","Is hafte paisa aayega par kharch bhi hoga. Kisi zaruratmand ki madad karein, punya milega.","",""
SAGITTARIUS,WEEKLY,3,"Is hafte prem jeevan me shanti rahegi, partner ka sahyog milega. Kisi shubh karyakram me shirkat karne ka mauka milega.","Is hafte office me aapki yojana ko sarahna milegi. Naye project ki zimmedari mil sakti hai.","Is hafte sehat ke liye halka vyayam karein aur khub paani peeyein. Sir dard se bachein.","Is hafte aarthik sthiti majboot rahegi, koi purana karz chukane ka mauka milega.","",""
SAGITTARIUS,WEEKLY,4,"Is hafte partner ke saath chhoti baat par takraar ho sakti hai, shaant rahein. Hafte ke ant me sulah ho jayegi.","Is hafte career me koi naya mauka milega, turant haan na kahein. Soch samajh kar nirnay lein.","Is hafte pet me halki gadbad ho sakti hai, halka khana khayein. Bahar ka khana avoid karein.","Is hafte paisa haath me aayega par kharch bhi tez hoga. Bachat par dhyan dein.","",""
SAGITTARIUS,WEEKLY,5,"Is hafte prem jeevan me madhurta rahegi, partner ke saath ghoomne ka mauka milega. Kisi purane mitra se mulakat hogi.","Is hafte office me mehnat ki sarahna hogi. Senior aapki baat maanenge, confidence rakhein.","Is hafte urja se bharpur rahenge, vyayam karne ka mann karega. Lekin zyada garmi se bachein.","Is hafte kisi naye kaam me nivesh karne ka mauka milega, soch samajh kar haan kahein.","",""
SAGITTARIUS,WEEKLY,6,"Is hafte partner ke saath koi naya rishta shuru ho sakta hai ya purana gahra ho sakta hai. Dil ki baat kehne me jhijhak na karein.","Is hafte career me thodi bhaag-daud rahegi, meetings me vyast rahenge. Jaldbazi me galti na karein.","Is hafte jodon me halka dard ho sakta hai, aaram karein. Subah ki dhoop faydemand hai.","Is hafte aarthik labh hoga, koi bonus ya gift mil sakta hai. Lekin kharch par niyantran rakhein.","",""
SAGITTARIUS,WEEKLY,7,"Is hafte partner aapko surprise de sakta hai, prem me nayi urja aayegi. Saath me kuch naya try karein.","Is hafte career me koi bada faisla lena pad sakta hai, savdhani se sochein. Kisi anubhavi se salah lein.","Is hafte sehat achhi rahegi, bas subah ka nashta skip na karein. Fresh fruit khayein.","Is hafte paisa aayega par kisi anavashyak cheez par kharch ho sakta hai. Ruk kar kharch karein.","",""
SAGITTARIUS,WEEKLY,8,"Is hafte partner se koi purani baat chubh sakti hai, khul kar baat karein. Chhoti baat ko bada na banayein.","Is hafte career me koi rukavat aa sakti hai, par dhairya se kaam lein. Koi purana project pura hoga.","Is hafte mansik tanav ho sakta hai, meditation karein. Neend poori karein.","Is hafte kisi dost se udhaar dene se bachein, warna paisa wapas nahi milega. Apne paise sambhal kar rakhein.","",""
SAGITTARIUS,WEEKLY,9,"Is hafte prem jeevan me shanti rahegi, partner ka sahyog milega. Kisi shubh karyakram me shirkat karne ka mauka milega.","Is hafte office me yojana ko sarahna milegi. Team ke saath milkar kaam karein to safalta milegi.","Is hafte pet aur digestion ka dhyan rakhein, ghar ka khana khayein. Paani adhik peeyein.","Is hafte aarthik sthiti sudhregi, koi purana nivesh fal dega. Nayi yojana banayein.","",""
SAGITTARIUS,WEEKLY,10,"Is hafte partner ke saath koi shubh samachar sunne ko milega. Rishta aur mazboot hoga.","Is hafte career me naya mauka milega, interview ya meeting me safalta milegi. Confidence se baat karein.","Is hafte sharir me halki sustee rahegi, vyayam karein. Bahar ka khana avoid karein.","Is hafte paisa aayega par kharch bhi hoga. Kisi ko daan karein to punya milega.","",""
SAGITTARIUS,WEEKLY,11,"Is hafte partner ki sehat ka dhyan rakhein, unke saath samay bitayein. Chhoti baat par jhagda na karein.","Is hafte office me koi purana kaam pura hoga, senior khush honge. Naye project ki taiyari karein.","Is hafte gale me halki kharish ho sakti hai, garm paani peekar rahat milegi. Zyada bolne se bachein.","Is hafte koi purana lend wapas milega. Lekin naye nivesh se pehle achhi tarah soch lein.","",""
SAGITTARIUS,WEEKLY,12,"Is hafte prem jeevan me utar-chadhav rahega, partner se baat karke sab theek ho jayega. Sabr rakhein.","Is hafte career me thodi deri ho sakti hai, par kaam poora hoga. Kisi colleague ki madad karein.","Is hafte sir dard ho sakta hai, stress kam karein. Paani adhik peeyein aur aaram karein.","Is hafte kharcha tez hoga, kisi bade nivesh se bachein. Budget banayein aur usi me rahein.","",""
SAGITTARIUS,WEEKLY,13,"Is hafte kisi purane rishte me nayi jaan aayegi, purane mitra se mulakat hogi. Dil ki baat kehne me jhijhak na karein.","Is hafte office me mehnat ki tareef hogi, promotion ke chances hain. Mehnat jaari rakhein.","Is hafte sehat achhi rahegi, bas subah walk zaroor karein. Junk food avoid karein.","Is hafte aarthik labh hoga, koi bonus ya gift mil sakta hai. Bachat par dhyan dein.","",""
SAGITTARIUS,WEEKLY,14,"Is hafte partner ke saath koi naya plan banega, ghoomne ka mauka milega. Saath me samay bitayein.","Is hafte career me koi naya mauka milega, turant haan na kahein. Soch samajh kar nirnay lein.","Is hafte thodi thakan mehsoos hogi, aaram karein. Neend poori karein aur stress kam karein.","Is hafte paisa aayega par kharch bhi hoga. Kisi zaruratmand ki madad karein, punya milega.","",""
SAGITTARIUS,WEEKLY,15,"Is hafte prem jeevan me shanti rahegi, partner ka sahyog milega. Kisi shubh karyakram me shirkat karne ka mauka milega.","Is hafte office me yojana ko sarahna milegi. Team ke saath milkar kaam karein to safalta milegi.","Is hafte pet aur digestion ka dhyan rakhein, ghar ka khana khayein. Paani adhik peeyein.","Is hafte aarthik sthiti sudhregi, koi purana nivesh fal dega. Nayi yojana banayein.","",""
SAGITTARIUS,WEEKLY,16,"Is hafte partner ke saath koi shubh samachar sunne ko milega. Rishta aur mazboot hoga.","Is hafte career me naya mauka milega, interview ya meeting me safalta milegi. Confidence se baat karein.","Is hafte sharir me halki sustee rahegi, vyayam karein. Bahar ka khana avoid karein.","Is hafte paisa aayega par kharch bhi hoga. Kisi ko daan karein to punya milega.","",""
SAGITTARIUS,WEEKLY,17,"Is hafte partner ki sehat ka dhyan rakhein, unke saath samay bitayein. Chhoti baat par jhagda na karein.","Is hafte office me koi purana kaam pura hoga, senior khush honge. Naye project ki taiyari karein.","Is hafte gale me halki kharish ho sakti hai, garm paani peekar rahat milegi. Zyada bolne se bachein.","Is hafte koi purana lend wapas milega. Lekin naye nivesh se pehle achhi tarah soch lein.","",""
SAGITTARIUS,WEEKLY,18,"Is hafte prem jeevan me utar-chadhav rahega, partner se baat karke sab theek ho jayega. Sabr rakhein.","Is hafte career me thodi deri ho sakti hai, par kaam poora hoga. Kisi colleague ki madad karein.","Is hafte sir dard ho sakta hai, stress kam karein. Paani adhik peeyein aur aaram karein.","Is hafte kharcha tez hoga, kisi bade nivesh se bachein. Budget banayein aur usi me rahein.","",""
SAGITTARIUS,WEEKLY,19,"Is hafte kisi purane rishte me nayi jaan aayegi, purane mitra se mulakat hogi. Dil ki baat kehne me jhijhak na karein.","Is hafte office me mehnat ki tareef hogi, promotion ke chances hain. Mehnat jaari rakhein.","Is hafte sehat achhi rahegi, bas subah walk zaroor karein. Junk food avoid karein.","Is hafte aarthik labh hoga, koi bonus ya gift mil sakta hai. Bachat par dhyan dein.","",""
SAGITTARIUS,WEEKLY,20,"Is hafte partner ke saath koi naya plan banega, ghoomne ka mauka milega. Saath me samay bitayein.","Is hafte career me koi naya mauka milega, turant haan na kahein. Soch samajh kar nirnay lein.","Is hafte thodi thakan mehsoos hogi, aaram karein. Neend poori karein aur stress kam karein.","Is hafte paisa aayega par kharch bhi hoga. Kisi zaruratmand ki madad karein, punya milega.","",""
SAGITTARIUS,WEEKLY,21,"Is hafte prem jeevan me shanti rahegi, partner ka sahyog milega. Kisi shubh karyakram me shirkat karne ka mauka milega.","Is hafte office me yojana ko sarahna milegi. Team ke saath milkar kaam karein to safalta milegi.","Is hafte pet aur digestion ka dhyan rakhein, ghar ka khana khayein. Paani adhik peeyein.","Is hafte aarthik sthiti sudhregi, koi purana nivesh fal dega. Nayi yojana banayein.","",""
SAGITTARIUS,WEEKLY,22,"Is hafte partner ke saath koi shubh samachar sunne ko milega. Rishta aur mazboot hoga.","Is hafte career me naya mauka milega, interview ya meeting me safalta milegi. Confidence se baat karein.","Is hafte sharir me halki sustee rahegi, vyayam karein. Bahar ka khana avoid karein.","Is hafte paisa aayega par kharch bhi hoga. Kisi ko daan karein to punya milega.","",""
SAGITTARIUS,WEEKLY,23,"Is hafte partner ki sehat ka dhyan rakhein, unke saath samay bitayein. Chhoti baat par jhagda na karein.","Is hafte office me koi purana kaam pura hoga, senior khush honge. Naye project ki taiyari karein.","Is hafte gale me halki kharish ho sakti hai, garm paani peekar rahat milegi. Zyada bolne se bachein.","Is hafte koi purana lend wapas milega. Lekin naye nivesh se pehle achhi tarah soch lein.","",""
SAGITTARIUS,WEEKLY,24,"Is hafte prem jeevan me utar-chadhav rahega, partner se baat karke sab theek ho jayega. Sabr rakhein.","Is hafte career me thodi deri ho sakti hai, par kaam poora hoga. Kisi colleague ki madad karein.","Is hafte sir dard ho sakta hai, stress kam karein. Paani adhik peeyein aur aaram karein.","Is hafte kharcha tez hoga, kisi bade nivesh se bachein. Budget banayein aur usi me rahein.","",""
SAGITTARIUS,WEEKLY,25,"Is hafte kisi purane rishte me nayi jaan aayegi, purane mitra se mulakat hogi. Dil ki baat kehne me jhijhak na karein.","Is hafte office me mehnat ki tareef hogi, promotion ke chances hain. Mehnat jaari rakhein.","Is hafte sehat achhi rahegi, bas subah walk zaroor karein. Junk food avoid karein.","Is hafte aarthik labh hoga, koi bonus ya gift mil sakta hai. Bachat par dhyan dein.","",""
SAGITTARIUS,WEEKLY,26,"Is hafte partner ke saath koi naya plan banega, ghoomne ka mauka milega. Saath me samay bitayein.","Is hafte career me koi naya mauka milega, turant haan na kahein. Soch samajh kar nirnay lein.","Is hafte thodi thakan mehsoos hogi, aaram karein. Neend poori karein aur stress kam karein.","Is hafte paisa aayega par kharch bhi hoga. Kisi zaruratmand ki madad karein, punya milega.","",""
SAGITTARIUS,WEEKLY,27,"Is hafte prem jeevan me shanti rahegi, partner ka sahyog milega. Kisi shubh karyakram me shirkat karne ka mauka milega.","Is hafte office me yojana ko sarahna milegi. Team ke saath milkar kaam karein to safalta milegi.","Is hafte pet aur digestion ka dhyan rakhein, ghar ka khana khayein. Paani adhik peeyein.","Is hafte aarthik sthiti sudhregi, koi purana nivesh fal dega. Nayi yojana banayein.","",""
SAGITTARIUS,WEEKLY,28,"Is hafte partner ke saath koi shubh samachar sunne ko milega. Rishta aur mazboot hoga.","Is hafte career me naya mauka milega, interview ya meeting me safalta milegi. Confidence se baat karein.","Is hafte sharir me halki sustee rahegi, vyayam karein. Bahar ka khana avoid karein.","Is hafte paisa aayega par kharch bhi hoga. Kisi ko daan karein to punya milega.","",""
SAGITTARIUS,WEEKLY,29,"Is hafte partner ki sehat ka dhyan rakhein, unke saath samay bitayein. Chhoti baat par jhagda na karein.","Is hafte office me koi purana kaam pura hoga, senior khush honge. Naye project ki taiyari karein.","Is hafte gale me halki kharish ho sakti hai, garm paani peekar rahat milegi. Zyada bolne se bachein.","Is hafte koi purana lend wapas milega. Lekin naye nivesh se pehle achhi tarah soch lein.","",""
SAGITTARIUS,MONTHLY,0,"Is mahine prem jeevan me madhurta rahegi, partner ke saath samay bitane ka mauka milega. Kisi purane mitra se mulakat hogi.","Is mahine career me naya project milega, senior ka sahyog rahega. Mehnat ka fal zaroor milega.","Is mahine sehat achhi rahegi, bas subah walk aur halka vyayam karein. Junk food avoid karein.","Is mahine aarthik labh hoga, koi purana lend wapas milega. Lekin budget banakar chalein.","",""
SAGITTARIUS,MONTHLY,1,"Is mahine partner ke saath koi purana mamla sulah ho sakta hai. Rishte me vishwas badhega aur prem gahra hoga.","Is mahine office me aapki mehnat ki tareef hogi, promotion ke chances hain. Team ke saath milkar kaam karein.","Is mahine thodi thakan mehsoos hogi, aaram karein aur neend poori karein. Paani adhik peeyein.","Is mahine kharcha thoda zyada hoga, savdhani rakhein. Kisi naye nivesh se pehle soch-vichar karein.","",""
SAGITTARIUS,MONTHLY,2,"Is mahine kisi khaas insaan se mulaqat hogi jo dil ko khush kar degi. Purane jhagde sulah ho sakte hain.","Is mahine career me koi rukavat aa sakti hai, dhairya rakhein. Kisi colleague se salah lena faydemand hoga.","Is mahine gale aur sans me halki takleef ho sakti hai. Garm kapde pehnein aur thanda na khayein.","Is mahine paisa aayega par kharch bhi hoga. Kisi zaruratmand ki madad karein, punya milega.","",""
SAGITTARIUS,MONTHLY,3,"Is mahine prem jeevan me shanti rahegi, partner ka sahyog milega. Kisi shubh karyakram me shirkat karne ka mauka milega.","Is mahine office me aapki yojana ko sarahna milegi. Naye project ki zimmedari mil sakti hai.","Is mahine sehat ke liye halka vyayam karein aur khub paani peeyein. Sir dard se bachein.","Is mahine aarthik sthiti majboot rahegi, koi purana karz chukane ka mauka milega.","",""
SAGITTARIUS,MONTHLY,4,"Is mahine partner ke saath chhoti baat par takraar ho sakti hai, shaant rahein. Mahine ke ant me sulah ho jayegi.","Is mahine career me koi naya mauka milega, turant haan na kahein. Soch samajh kar nirnay lein.","Is mahine pet me halki gadbad ho sakti hai, halka khana khayein. Bahar ka khana avoid karein.","Is mahine paisa haath me aayega par kharch bhi tez hoga. Bachat par dhyan dein.","",""
SAGITTARIUS,MONTHLY,5,"Is mahine prem jeevan me madhurta rahegi, partner ke saath ghoomne ka mauka milega. Kisi purane mitra se mulakat hogi.","Is mahine office me mehnat ki sarahna hogi. Senior aapki baat maanenge, confidence rakhein.","Is mahine urja se bharpur rahenge, vyayam karne ka mann karega. Lekin zyada garmi se bachein.","Is mahine kisi naye kaam me nivesh karne ka mauka milega, soch samajh kar haan kahein.","",""
SAGITTARIUS,MONTHLY,6,"Is mahine partner ke saath koi naya rishta shuru ho sakta hai ya purana gahra ho sakta hai. Dil ki baat kehne me jhijhak na karein.","Is mahine career me thodi bhaag-daud rahegi, meetings me vyast rahenge. Jaldbazi me galti na karein.","Is mahine jodon me halka dard ho sakta hai, aaram karein. Subah ki dhoop faydemand hai.","Is mahine aarthik labh hoga, koi bonus ya gift mil sakta hai. Lekin kharch par niyantran rakhein.","",""
SAGITTARIUS,MONTHLY,7,"Is mahine partner aapko surprise de sakta hai, prem me nayi urja aayegi. Saath me kuch naya try karein.","Is mahine career me koi bada faisla lena pad sakta hai, savdhani se sochein. Kisi anubhavi se salah lein.","Is mahine sehat achhi rahegi, bas subah ka nashta skip na karein. Fresh fruit khayein.","Is mahine paisa aayega par kisi anavashyak cheez par kharch ho sakta hai. Ruk kar kharch karein.","",""
SAGITTARIUS,MONTHLY,8,"Is mahine partner se koi purani baat chubh sakti hai, khul kar baat karein. Chhoti baat ko bada na banayein.","Is mahine career me koi rukavat aa sakti hai, par dhairya se kaam lein. Koi purana project pura hoga.","Is mahine mansik tanav ho sakta hai, meditation karein. Neend poori karein.","Is mahine kisi dost se udhaar dene se bachein, warna paisa wapas nahi milega. Apne paise sambhal kar rakhein.","",""
SAGITTARIUS,MONTHLY,9,"Is mahine prem jeevan me shanti rahegi, partner ka sahyog milega. Kisi shubh karyakram me shirkat karne ka mauka milega.","Is mahine office me yojana ko sarahna milegi. Team ke saath milkar kaam karein to safalta milegi.","Is mahine pet aur digestion ka dhyan rakhein, ghar ka khana khayein. Paani adhik peeyein.","Is mahine aarthik sthiti sudhregi, koi purana nivesh fal dega. Nayi yojana banayein.","",""
SAGITTARIUS,MONTHLY,10,"Is mahine partner ke saath koi shubh samachar sunne ko milega. Rishta aur mazboot hoga.","Is mahine career me naya mauka milega, interview ya meeting me safalta milegi. Confidence se baat karein.","Is mahine sharir me halki sustee rahegi, vyayam karein. Bahar ka khana avoid karein.","Is mahine paisa aayega par kharch bhi hoga. Kisi ko daan karein to punya milega.","",""
SAGITTARIUS,MONTHLY,11,"Is mahine partner ki sehat ka dhyan rakhein, unke saath samay bitayein. Chhoti baat par jhagda na karein.","Is mahine office me koi purana kaam pura hoga, senior khush honge. Naye project ki taiyari karein.","Is mahine gale me halki kharish ho sakti hai, garm paani peekar rahat milegi. Zyada bolne se bachein.","Is mahine koi purana lend wapas milega. Lekin naye nivesh se pehle achhi tarah soch lein.","",""
SAGITTARIUS,MONTHLY,12,"Is mahine prem jeevan me utar-chadhav rahega, partner se baat karke sab theek ho jayega. Sabr rakhein.","Is mahine career me thodi deri ho sakti hai, par kaam poora hoga. Kisi colleague ki madad karein.","Is mahine sir dard ho sakta hai, stress kam karein. Paani adhik peeyein aur aaram karein.","Is mahine kharcha tez hoga, kisi bade nivesh se bachein. Budget banayein aur usi me rahein.","",""
SAGITTARIUS,MONTHLY,13,"Is mahine kisi purane rishte me nayi jaan aayegi, purane mitra se mulakat hogi. Dil ki baat kehne me jhijhak na karein.","Is mahine office me mehnat ki tareef hogi, promotion ke chances hain. Mehnat jaari rakhein.","Is mahine sehat achhi rahegi, bas subah walk zaroor karein. Junk food avoid karein.","Is mahine aarthik labh hoga, koi bonus ya gift mil sakta hai. Bachat par dhyan dein.","",""
SAGITTARIUS,MONTHLY,14,"Is mahine partner ke saath koi naya plan banega, ghoomne ka mauka milega. Saath me samay bitayein.","Is mahine career me koi naya mauka milega, turant haan na kahein. Soch samajh kar nirnay lein.","Is mahine thodi thakan mehsoos hogi, aaram karein. Neend poori karein aur stress kam karein.","Is mahine paisa aayega par kharch bhi hoga. Kisi zaruratmand ki madad karein, punya milega.","",""
SAGITTARIUS,MONTHLY,15,"Is mahine prem jeevan me shanti rahegi, partner ka sahyog milega. Kisi shubh karyakram me shirkat karne ka mauka milega.","Is mahine office me yojana ko sarahna milegi. Team ke saath milkar kaam karein to safalta milegi.","Is mahine pet aur digestion ka dhyan rakhein, ghar ka khana khayein. Paani adhik peeyein.","Is mahine aarthik sthiti sudhregi, koi purana nivesh fal dega. Nayi yojana banayein.","",""
SAGITTARIUS,MONTHLY,16,"Is mahine partner ke saath koi shubh samachar sunne ko milega. Rishta aur mazboot hoga.","Is mahine career me naya mauka milega, interview ya meeting me safalta milegi. Confidence se baat karein.","Is mahine sharir me halki sustee rahegi, vyayam karein. Bahar ka khana avoid karein.","Is mahine paisa aayega par kharch bhi hoga. Kisi ko daan karein to punya milega.","",""
SAGITTARIUS,MONTHLY,17,"Is mahine partner ki sehat ka dhyan rakhein, unke saath samay bitayein. Chhoti baat par jhagda na karein.","Is mahine office me koi purana kaam pura hoga, senior khush honge. Naye project ki taiyari karein.","Is mahine gale me halki kharish ho sakti hai, garm paani peekar rahat milegi. Zyada bolne se bachein.","Is mahine koi purana lend wapas milega. Lekin naye nivesh se pehle achhi tarah soch lein.","",""
SAGITTARIUS,MONTHLY,18,"Is mahine prem jeevan me utar-chadhav rahega, partner se baat karke sab theek ho jayega. Sabr rakhein.","Is mahine career me thodi deri ho sakti hai, par kaam poora hoga. Kisi colleague ki madad karein.","Is mahine sir dard ho sakta hai, stress kam karein. Paani adhik peeyein aur aaram karein.","Is mahine kharcha tez hoga, kisi bade nivesh se bachein. Budget banayein aur usi me rahein.","",""
SAGITTARIUS,MONTHLY,19,"Is mahine kisi purane rishte me nayi jaan aayegi, purane mitra se mulakat hogi. Dil ki baat kehne me jhijhak na karein.","Is mahine office me mehnat ki tareef hogi, promotion ke chances hain. Mehnat jaari rakhein.","Is mahine sehat achhi rahegi, bas subah walk zaroor karein. Junk food avoid karein.","Is mahine aarthik labh hoga, koi bonus ya gift mil sakta hai. Bachat par dhyan dein.","",""
SAGITTARIUS,MONTHLY,20,"Is mahine partner ke saath koi naya plan banega, ghoomne ka mauka milega. Saath me samay bitayein.","Is mahine career me koi naya mauka milega, turant haan na kahein. Soch samajh kar nirnay lein.","Is mahine thodi thakan mehsoos hogi, aaram karein. Neend poori karein aur stress kam karein.","Is mahine paisa aayega par kharch bhi hoga. Kisi zaruratmand ki madad karein, punya milega.","",""
SAGITTARIUS,MONTHLY,21,"Is mahine prem jeevan me shanti rahegi, partner ka sahyog milega. Kisi shubh karyakram me shirkat karne ka mauka milega.","Is mahine office me yojana ko sarahna milegi. Team ke saath milkar kaam karein to safalta milegi.","Is mahine pet aur digestion ka dhyan rakhein, ghar ka khana khayein. Paani adhik peeyein.","Is mahine aarthik sthiti sudhregi, koi purana nivesh fal dega. Nayi yojana banayein.","",""
SAGITTARIUS,MONTHLY,22,"Is mahine partner ke saath koi shubh samachar sunne ko milega. Rishta aur mazboot hoga.","Is mahine career me naya mauka milega, interview ya meeting me safalta milegi. Confidence se baat karein.","Is mahine sharir me halki sustee rahegi, vyayam karein. Bahar ka khana avoid karein.","Is mahine paisa aayega par kharch bhi hoga. Kisi ko daan karein to punya milega.","",""
SAGITTARIUS,MONTHLY,23,"Is mahine partner ki sehat ka dhyan rakhein, unke saath samay bitayein. Chhoti baat par jhagda na karein.","Is mahine office me koi purana kaam pura hoga, senior khush honge. Naye project ki taiyari karein.","Is mahine gale me halki kharish ho sakti hai, garm paani peekar rahat milegi. Zyada bolne se bachein.","Is mahine koi purana lend wapas milega. Lekin naye nivesh se pehle achhi tarah soch lein.","",""
SAGITTARIUS,MONTHLY,24,"Is mahine prem jeevan me utar-chadhav rahega, partner se baat karke sab theek ho jayega. Sabr rakhein.","Is mahine career me thodi deri ho sakti hai, par kaam poora hoga. Kisi colleague ki madad karein.","Is mahine sir dard ho sakta hai, stress kam karein. Paani adhik peeyein aur aaram karein.","Is mahine kharcha tez hoga, kisi bade nivesh se bachein. Budget banayein aur usi me rahein.","",""
SAGITTARIUS,MONTHLY,25,"Is mahine kisi purane rishte me nayi jaan aayegi, purane mitra se mulakat hogi. Dil ki baat kehne me jhijhak na karein.","Is mahine office me mehnat ki tareef hogi, promotion ke chances hain. Mehnat jaari rakhein.","Is mahine sehat achhi rahegi, bas subah walk zaroor karein. Junk food avoid karein.","Is mahine aarthik labh hoga, koi bonus ya gift mil sakta hai. Bachat par dhyan dein.","",""
SAGITTARIUS,MONTHLY,26,"Is mahine partner ke saath koi naya plan banega, ghoomne ka mauka milega. Saath me samay bitayein.","Is mahine career me koi naya mauka milega, turant haan na kahein. Soch samajh kar nirnay lein.","Is mahine thodi thakan mehsoos hogi, aaram karein. Neend poori karein aur stress kam karein.","Is mahine paisa aayega par kharch bhi hoga. Kisi zaruratmand ki madad karein, punya milega.","",""
SAGITTARIUS,MONTHLY,27,"Is mahine prem jeevan me shanti rahegi, partner ka sahyog milega. Kisi shubh karyakram me shirkat karne ka mauka milega.","Is mahine office me yojana ko sarahna milegi. Team ke saath milkar kaam karein to safalta milegi.","Is mahine pet aur digestion ka dhyan rakhein, ghar ka khana khayein. Paani adhik peeyein.","Is mahine aarthik sthiti sudhregi, koi purana nivesh fal dega. Nayi yojana banayein.","",""
SAGITTARIUS,MONTHLY,28,"Is mahine partner ke saath koi shubh samachar sunne ko milega. Rishta aur mazboot hoga.","Is mahine career me naya mauka milega, interview ya meeting me safalta milegi. Confidence se baat karein.","Is mahine sharir me halki sustee rahegi, vyayam karein. Bahar ka khana avoid karein.","Is mahine paisa aayega par kharch bhi hoga. Kisi ko daan karein to punya milega.","",""
SAGITTARIUS,MONTHLY,29,"Is mahine partner ki sehat ka dhyan rakhein, unke saath samay bitayein. Chhoti baat par jhagda na karein.","Is mahine office me koi purana kaam pura hoga, senior khush honge. Naye project ki taiyari karein.","Is mahine gale me halki kharish ho sakti hai, garm paani peekar rahat milegi. Zyada bolne se bachein.","Is mahine koi purana lend wapas milega. Lekin naye nivesh se pehle achhi tarah soch lein.","",""
SAGITTARIUS,YEARLY,0,"Is saal prem jeevan me badi urja aayegi, vivah ke yog ban sakte hain ya purana rishta gahra hoga. Partner ke saath samay bitane ka khoob mauka milega.","Is saal career me bada badlav sambhav hai, naukri badal sakti hai ya promotion milegi. Mehnat ka poora fal zaroor milega.","Is saal sehat achhi rahegi, bas niyamit vyayam aur santulit ahar apnayein. Stress kam karein aur neend poori karein.","Is saal aarthik sthiti majboot hogi, koi bada nivesh fal dega. Lekin faltu kharch se bachein aur bachat karein.","",""
CAPRICORN,TODAY,0,"Aaj partner ke saath samay bitane ka mauka milega, purani galatfehmi door hogi. Dil ki baat khul kar kehna aaj aapke rishte ko mazboot banayega.","Career me aaj koi naya kaam shuru karne ka mauka mil sakta hai, senior ka sahyog milega. Jaldbazi na karein, soch samajh kar kadam uthayein.","Aaj sehat achhi rahegi, bas subah walk zaroor karein. Zyada thanda aur fried khane se bachein.","Aaj paisa aayega, kisi purane lend ka paisa wapas mil sakta hai. Lekin faltu kharch se bachein.","7","Blue"
CAPRICORN,TODAY,1,"Aaj prem jeevan me nayi urja aayegi, koi purana mitra mil sakta hai. Partner ki baat dhyan se sunein, jhagda ho sakta hai.","Office me aapki mehnat ki tareef hogi, promotion ke chances hain. Colleagues ke saath mil kar kaam karein.","Aaj thodi thakan mehsoos hogi, aaram karein. Paani adhik peeyein aur stress kam karein.","Aaj kharcha thoda zyada ho sakta hai, budget banayein. Kisi naye nivesh se pehle soch-vichar karein.","14","Grey"
CAPRICORN,TODAY,2,"Aaj partner ke saath koi purana mamla sulah ho sakta hai. Rishte me vishwas badhega aur madhurta aayegi.","Career me aaj koi rukavat aa sakti hai, dhairya rakhein. Kisi colleague se salah lein to fayda hoga.","Aaj gale aur sans me halki takleef ho sakti hai. Garm kapde pehnein aur thanda na khayein.","Aaj paisa aayega par kharch bhi hoga. Kisi zaruratmand ki madad karein, punya milega.","22","Blue"
CAPRICORN,TODAY,3,"Aaj kisi khaas insaan se mulaqat hogi jo aapka din bana degi. Purane jhagde sulah ho sakte hain.","Aaj office me aapki raay ko mahatva milega. Kisi naye project ki zimmedari mil sakti hai.","Sehat ke liye aaj halka vyayam karein aur khub paani peeyein. Sir dard ho sakta hai.","Aaj aarthik sthiti majboot rahegi, koi purana karz chukane ka mauka milega.","28","Grey"
CAPRICORN,TODAY,4,"Aaj partner ke saath chhoti baat par takraar ho sakti hai, shaant rahein. Raat ko sulah ho jayegi.","Career me aaj koi naya mauka milega, turant haan na kahein. Soch samajh kar nirnay lein.","Aaj pet me halki gadbad ho sakti hai, halka khana khayein. Bahar ka khana avoid karein.","Aaj paisa haath me aayega par kharch bhi tez hoga. Bachat par dhyan dein.","3","Blue"
CAPRICORN,TODAY,5,"Aaj prem jeevan me madhurta rahegi, partner ke saath ghoomne ka mauka milega. Kisi purane mitra se mulakat hogi.","Aaj office me aapki mehnat ki sarahna hogi. Senior aapki baat maanenge, confidence rakhein.","Aaj urja se bharpur rahenge, vyayam karne ka mann karega. Lekin zyada garmi se bachein.","Aaj kisi naye kaam me nivesh karne ka mauka milega, soch samajh kar haan kahein.","11","Grey"
CAPRICORN,TODAY,6,"Aaj partner ke saath koi naya rishta shuru ho sakta hai ya purana gahra ho sakta hai. Dil ki baat kehne me jhijhak na karein.","Career me aaj thodi bhaag-daud rahegi, meetings me vyast rahenge. Jaldbazi me galti na karein.","Aaj jodon me halka dard ho sakta hai, aaram karein. Subah ki dhoop aapke liye faydemand hai.","Aaj aarthik labh hoga, koi bonus ya gift mil sakta hai. Lekin kharch par niyantran rakhein.","18","Blue"
CAPRICORN,TODAY,7,"Aaj partner aapko surprise de sakta hai, prem me nayi urja aayegi. Saath me kuch naya try karein.","Aaj career me koi bada faisla lena pad sakta hai, savdhani se sochein. Kisi anubhavi se salah lein.","Aaj sehat achhi rahegi, bas subah ka nashta skip na karein. Fresh fruit khayein.","Aaj paisa aayega par kisi anavashyak cheez par kharch ho sakta hai. Ruk kar kharch karein.","25","Grey"
CAPRICORN,TODAY,8,"Aaj partner se koi purani baat chubh sakti hai, khul kar baat karein. Chhoti baat ko bada na banayein.","Career me aaj koi rukavat aa sakti hai, par dhairya se kaam lein. Koi purana project pura hoga.","Aaj mansik tanav ho sakta hai, meditation karein. Neend poori karein.","Aaj kisi dost se udhaar dene se bachein, warna paisa wapas nahi milega. Apne paise sambhal kar rakhein.","2","Blue"
CAPRICORN,TODAY,9,"Aaj prem jeevan me shanti rahegi, partner ka sahyog milega. Kisi shubh karyakram me shirkat karne ka mauka milega.","Aaj office me aapki yojana ko sarahna milegi. Team ke saath milkar kaam karein to safalta milegi.","Aaj pet aur digestion ka dhyan rakhein, ghar ka khana khayein. Paani adhik peeyein.","Aaj aarthik sthiti sudhregi, koi purana nivesh fal dega. Nayi yojana banayein.","13","Grey"
CAPRICORN,TODAY,10,"Aaj partner ke saath koi shubh samachar sunne ko milega. Rishta aur mazboot hoga.","Aaj career me naya mauka milega, interview ya meeting me safalta milegi. Confidence se baat karein.","Aaj sharir me halki sustee rahegi, vyayam karein. Bahar ka khana avoid karein.","Aaj paisa aayega par kharch bhi hoga. Kisi ko daan karein to punya milega.","20","Blue"
CAPRICORN,TODAY,11,"Aaj partner ki sehat ka dhyan rakhein, unke saath samay bitayein. Chhoti baat par jhagda na karein.","Aaj office me koi purana kaam pura hoga, senior khush honge. Naye project ki taiyari karein.","Aaj gale me halki kharish ho sakti hai, garm paani peekar rahat milegi. Zyada bolne se bachein.","Aaj koi purana lend wapas milega. Lekin naye nivesh se pehle achhi tarah soch lein.","26","Grey"
CAPRICORN,TODAY,12,"Aaj prem jeevan me utar-chadhav rahega, partner se baat karke sab theek ho jayega. Sabr rakhein.","Aaj career me thodi deri ho sakti hai, par kaam poora hoga. Kisi colleague ki madad karein.","Aaj sir dard ho sakta hai, stress kam karein. Paani adhik peeyein aur aaram karein.","Aaj kharcha tez hoga, kisi bade nivesh se bachein. Budget banayein aur usi me rahein.","5","Blue"
CAPRICORN,TODAY,13,"Aaj kisi purane rishte me nayi jaan aayegi, purane mitra se mulakat hogi. Dil ki baat kehne me jhijhak na karein.","Aaj office me aapki mehnat ki tareef hogi, promotion ke chances hain. Mehnat jaari rakhein.","Aaj sehat achhi rahegi, bas subah walk zaroor karein. Junk food avoid karein.","Aaj aarthik labh hoga, koi bonus ya gift mil sakta hai. Bachat par dhyan dein.","15","Grey"
CAPRICORN,TODAY,14,"Aaj partner ke saath koi naya plan banega, ghoomne ka mauka milega. Saath me samay bitayein.","Aaj career me koi naya mauka milega, turant haan na kahein. Soch samajh kar nirnay lein.","Aaj thodi thakan mehsoos hogi, aaram karein. Neend poori karein aur stress kam karein.","Aaj paisa aayega par kharch bhi hoga. Kisi zaruratmand ki madad karein, punya milega.","23","Blue"
CAPRICORN,TODAY,15,"Aaj prem jeevan me shanti rahegi, partner ka sahyog milega. Kisi shubh karyakram me shirkat karne ka mauka milega.","Aaj office me aapki yojana ko sarahna milegi. Team ke saath milkar kaam karein to safalta milegi.","Aaj pet aur digestion ka dhyan rakhein, ghar ka khana khayein. Paani adhik peeyein.","Aaj aarthik sthiti sudhregi, koi purana nivesh fal dega. Nayi yojana banayein.","9","Grey"
CAPRICORN,TODAY,16,"Aaj partner ke saath koi shubh samachar sunne ko milega. Rishta aur mazboot hoga.","Aaj career me naya mauka milega, interview ya meeting me safalta milegi. Confidence se baat karein.","Aaj sharir me halki sustee rahegi, vyayam karein. Bahar ka khana avoid karein.","Aaj paisa aayega par kharch bhi hoga. Kisi ko daan karein to punya milega.","30","Blue"
CAPRICORN,TODAY,17,"Aaj partner ki sehat ka dhyan rakhein, unke saath samay bitayein. Chhoti baat par jhagda na karein.","Aaj office me koi purana kaam pura hoga, senior khush honge. Naye project ki taiyari karein.","Aaj gale me halki kharish ho sakti hai, garm paani peekar rahat milegi. Zyada bolne se bachein.","Aaj koi purana lend wapas milega. Lekin naye nivesh se pehle achhi tarah soch lein.","10","Grey"
CAPRICORN,TODAY,18,"Aaj prem jeevan me utar-chadhav rahega, partner se baat karke sab theek ho jayega. Sabr rakhein.","Aaj career me thodi deri ho sakti hai, par kaam poora hoga. Kisi colleague ki madad karein.","Aaj sir dard ho sakta hai, stress kam karein. Paani adhik peeyein aur aaram karein.","Aaj kharcha tez hoga, kisi bade nivesh se bachein. Budget banayein aur usi me rahein.","17","Blue"
CAPRICORN,TODAY,19,"Aaj kisi purane rishte me nayi jaan aayegi, purane mitra se mulakat hogi. Dil ki baat kehne me jhijhak na karein.","Aaj office me aapki mehnat ki tareef hogi, promotion ke chances hain. Mehnat jaari rakhein.","Aaj sehat achhi rahegi, bas subah walk zaroor karein. Junk food avoid karein.","Aaj aarthik labh hoga, koi bonus ya gift mil sakta hai. Bachat par dhyan dein.","24","Grey"
CAPRICORN,TODAY,20,"Aaj partner ke saath koi naya plan banega, ghoomne ka mauka milega. Saath me samay bitayein.","Aaj career me koi naya mauka milega, turant haan na kahein. Soch samajh kar nirnay lein.","Aaj thodi thakan mehsoos hogi, aaram karein. Neend poori karein aur stress kam karein.","Aaj paisa aayega par kharch bhi hoga. Kisi zaruratmand ki madad karein, punya milega.","4","Blue"
CAPRICORN,TODAY,21,"Aaj prem jeevan me shanti rahegi, partner ka sahyog milega. Kisi shubh karyakram me shirkat karne ka mauka milega.","Aaj office me aapki yojana ko sarahna milegi. Team ke saath milkar kaam karein to safalta milegi.","Aaj pet aur digestion ka dhyan rakhein, ghar ka khana khayein. Paani adhik peeyein.","Aaj aarthik sthiti sudhregi, koi purana nivesh fal dega. Nayi yojana banayein.","12","Grey"
CAPRICORN,TODAY,22,"Aaj partner ke saath koi shubh samachar sunne ko milega. Rishta aur mazboot hoga.","Aaj career me naya mauka milega, interview ya meeting me safalta milegi. Confidence se baat karein.","Aaj sharir me halki sustee rahegi, vyayam karein. Bahar ka khana avoid karein.","Aaj paisa aayega par kharch bhi hoga. Kisi ko daan karein to punya milega.","19","Blue"
CAPRICORN,TODAY,23,"Aaj partner ki sehat ka dhyan rakhein, unke saath samay bitayein. Chhoti baat par jhagda na karein.","Aaj office me koi purana kaam pura hoga, senior khush honge. Naye project ki taiyari karein.","Aaj gale me halki kharish ho sakti hai, garm paani peekar rahat milegi. Zyada bolne se bachein.","Aaj koi purana lend wapas milega. Lekin naye nivesh se pehle achhi tarah soch lein.","27","Grey"
CAPRICORN,TODAY,24,"Aaj prem jeevan me utar-chadhav rahega, partner se baat karke sab theek ho jayega. Sabr rakhein.","Aaj career me thodi deri ho sakti hai, par kaam poora hoga. Kisi colleague ki madad karein.","Aaj sir dard ho sakta hai, stress kam karein. Paani adhik peeyein aur aaram karein.","Aaj kharcha tez hoga, kisi bade nivesh se bachein. Budget banayein aur usi me rahein.","6","Blue"
CAPRICORN,TODAY,25,"Aaj kisi purane rishte me nayi jaan aayegi, purane mitra se mulakat hogi. Dil ki baat kehne me jhijhak na karein.","Aaj office me aapki mehnat ki tareef hogi, promotion ke chances hain. Mehnat jaari rakhein.","Aaj sehat achhi rahegi, bas subah walk zaroor karein. Junk food avoid karein.","Aaj aarthik labh hoga, koi bonus ya gift mil sakta hai. Bachat par dhyan dein.","16","Grey"
CAPRICORN,TODAY,26,"Aaj partner ke saath koi naya plan banega, ghoomne ka mauka milega. Saath me samay bitayein.","Aaj career me koi naya mauka milega, turant haan na kahein. Soch samajh kar nirnay lein.","Aaj thodi thakan mehsoos hogi, aaram karein. Neend poori karein aur stress kam karein.","Aaj paisa aayega par kharch bhi hoga. Kisi zaruratmand ki madad karein, punya milega.","21","Blue"
CAPRICORN,TODAY,27,"Aaj prem jeevan me shanti rahegi, partner ka sahyog milega. Kisi shubh karyakram me shirkat karne ka mauka milega.","Aaj office me aapki yojana ko sarahna milegi. Team ke saath milkar kaam karein to safalta milegi.","Aaj pet aur digestion ka dhyan rakhein, ghar ka khana khayein. Paani adhik peeyein.","Aaj aarthik sthiti sudhregi, koi purana nivesh fal dega. Nayi yojana banayein.","29","Grey"
CAPRICORN,TODAY,28,"Aaj partner ke saath koi shubh samachar sunne ko milega. Rishta aur mazboot hoga.","Aaj career me naya mauka milega, interview ya meeting me safalta milegi. Confidence se baat karein.","Aaj sharir me halki sustee rahegi, vyayam karein. Bahar ka khana avoid karein.","Aaj paisa aayega par kharch bhi hoga. Kisi ko daan karein to punya milega.","1","Blue"
CAPRICORN,TODAY,29,"Aaj partner ki sehat ka dhyan rakhein, unke saath samay bitayein. Chhoti baat par jhagda na karein.","Aaj office me koi purana kaam pura hoga, senior khush honge. Naye project ki taiyari karein.","Aaj gale me halki kharish ho sakti hai, garm paani peekar rahat milegi. Zyada bolne se bachein.","Aaj koi purana lend wapas milega. Lekin naye nivesh se pehle achhi tarah soch lein.","8","Grey"
CAPRICORN,YESTERDAY,0,"Kal partner ke saath samay bitane ka mauka mila tha, purani galatfehmi door hui. Dil ki baat khul kar kehna rishte ko mazboot banata hai.","Kal career me koi naya kaam shuru karne ka mauka mila tha, senior ka sahyog mila. Jaldbazi na karna hi samajhdari hai.","Kal sehat achhi rahi, subah walk ka fayda mila. Thanda aur fried khane se bachna chahiye.","Kal paisa aaya, kisi purane lend ka paisa wapas mila. Lekin faltu kharch se bachna chahiye.","",""
CAPRICORN,YESTERDAY,1,"Kal prem jeevan me nayi urja aayi, koi purana mitra mila. Partner ki baat dhyan se sunni chahiye thi.","Kal office me mehnat ki tareef hui, promotion ke chances bane. Colleagues ke saath milkar kaam karna faydemand raha.","Kal thodi thakan mehsoos hui, aaram karna zaroori tha. Paani adhik peena aur stress kam karna chahiye.","Kal kharcha thoda zyada ho gaya, budget banane ki zarurat thi. Naye nivesh se pehle soch-vichar karna chahiye.","",""
CAPRICORN,YESTERDAY,2,"Kal partner ke saath koi purana mamla sulah hua. Rishte me vishwas badha aur madhurta aayi.","Kal career me koi rukavat aayi thi, dhairya rakhna zaroori tha. Kisi colleague se salah lena faydemand raha.","Kal gale aur sans me halki takleef hui. Garm kapde pehenna aur thanda na khana chahiye.","Kal paisa aaya par kharch bhi hua. Kisi zaruratmand ki madad karne se punya mila.","",""
CAPRICORN,YESTERDAY,3,"Kal kisi khaas insaan se mulaqat hui jo din bana gayi. Purane jhagde sulah ho gaye.","Kal office me raay ko mahatva mila. Kisi naye project ki zimmedari mili.","Kal sehat ke liye halka vyayam karna aur khub paani peena faydemand raha. Sir dard ho sakta tha.","Kal aarthik sthiti majboot rahi, koi purana karz chukane ka mauka mila.","",""
CAPRICORN,YESTERDAY,4,"Kal partner ke saath chhoti baat par takraar hui thi, shaant rehna chahiye tha. Raat ko sulah ho gayi.","Kal career me koi naya mauka mila, turant haan nahi kehna chahiye tha. Soch samajh kar nirnay lena chahiye.","Kal pet me halki gadbad hui, halka khana khana chahiye tha. Bahar ka khana avoid karna chahiye.","Kal paisa haath me aaya par kharch bhi tez hua. Bachat par dhyan dena chahiye tha.","",""
CAPRICORN,YESTERDAY,5,"Kal prem jeevan me madhurta rahi, partner ke saath ghoomne ka mauka mila. Kisi purane mitra se mulakat hui.","Kal office me mehnat ki sarahna hui. Senior ne baat maani, confidence rakhna chahiye tha.","Kal urja se bharpur rahe, vyayam karne ka mann kiya. Lekin zyada garmi se bachna chahiye tha.","Kal kisi naye kaam me nivesh karne ka mauka mila, soch samajh kar haan kehna chahiye tha.","",""
CAPRICORN,YESTERDAY,6,"Kal partner ke saath koi naya rishta shuru hua ya purana gahra hua. Dil ki baat kehne me jhijhak nahi karni chahiye thi.","Kal career me thodi bhaag-daud rahi, meetings me vyast rahe. Jaldbazi me galti nahi karni chahiye thi.","Kal jodon me halka dard hua, aaram karna chahiye tha. Subah ki dhoop faydemand rahi.","Kal aarthik labh hua, koi bonus ya gift mila. Lekin kharch par niyantran rakhna chahiye tha.","",""
CAPRICORN,YESTERDAY,7,"Kal partner ne surprise diya, prem me nayi urja aayi. Saath me kuch naya try karna chahiye tha.","Kal career me koi bada faisla lena pada, savdhani se sochna chahiye tha. Kisi anubhavi se salah leni chahiye thi.","Kal sehat achhi rahi, bas subah ka nashta skip nahi karna chahiye tha. Fresh fruit khane chahiye the.","Kal paisa aaya par kisi anavashyak cheez par kharch ho gaya. Ruk kar kharch karna chahiye tha.","",""
CAPRICORN,YESTERDAY,8,"Kal partner se koi purani baat chubhi thi, khul kar baat karni chahiye thi. Chhoti baat ko bada nahi banana chahiye tha.","Kal career me koi rukavat aayi, par dhairya se kaam liya. Koi purana project pura hua.","Kal mansik tanav hua, meditation karna chahiye tha. Neend poori karni chahiye thi.","Kal kisi dost se udhaar dena nahi chahiye tha, warna paisa wapas nahi milta. Apne paise sambhal kar rakhne chahiye the.","",""
CAPRICORN,YESTERDAY,9,"Kal prem jeevan me shanti rahi, partner ka sahyog mila. Kisi shubh karyakram me shirkat karne ka mauka mila.","Kal office me yojana ko sarahna mili. Team ke saath milkar kaam karne se safalta mili.","Kal pet aur digestion ka dhyan rakhna chahiye tha, ghar ka khana khana chahiye tha. Paani adhik peena chahiye tha.","Kal aarthik sthiti sudhri, koi purana nivesh fal diya. Nayi yojana banani chahiye thi.","",""
CAPRICORN,YESTERDAY,10,"Kal partner ke saath koi shubh samachar sunne ko mila. Rishta aur mazboot hua.","Kal career me naya mauka mila, interview ya meeting me safalta mili. Confidence se baat karni chahiye thi.","Kal sharir me halki sustee rahi, vyayam karna chahiye tha. Bahar ka khana avoid karna chahiye tha.","Kal paisa aaya par kharch bhi hua. Kisi ko daan karne se punya mila.","",""
CAPRICORN,YESTERDAY,11,"Kal partner ki sehat ka dhyan rakhna chahiye tha, unke saath samay bitana chahiye tha. Chhoti baat par jhagda nahi karna chahiye tha.","Kal office me koi purana kaam pura hua, senior khush hue. Naye project ki taiyari karni chahiye thi.","Kal gale me halki kharish hui, garm paani peekar rahat mili. Zyada bolne se bachna chahiye tha.","Kal koi purana lend wapas mila. Lekin naye nivesh se pehle achhi tarah sochna chahiye tha.","",""
CAPRICORN,YESTERDAY,12,"Kal prem jeevan me utar-chadhav raha, partner se baat karke sab theek ho gaya. Sabr rakhna chahiye tha.","Kal career me thodi deri hui, par kaam poora hua. Kisi colleague ki madad karni chahiye thi.","Kal sir dard hua, stress kam karna chahiye tha. Paani adhik peena aur aaram karna chahiye tha.","Kal kharcha tez hua, kisi bade nivesh se bachna chahiye tha. Budget banakar usi me rehna chahiye tha.","",""
CAPRICORN,YESTERDAY,13,"Kal kisi purane rishte me nayi jaan aayi, purane mitra se mulakat hui. Dil ki baat kehne me jhijhak nahi karni chahiye thi.","Kal office me mehnat ki tareef hui, promotion ke chances bane. Mehnat jaari rakhni chahiye thi.","Kal sehat achhi rahi, bas subah walk karni chahiye thi. Junk food avoid karna chahiye tha.","Kal aarthik labh hua, koi bonus ya gift mila. Bachat par dhyan dena chahiye tha.","",""
CAPRICORN,YESTERDAY,14,"Kal partner ke saath koi naya plan bana, ghoomne ka mauka mila. Saath me samay bitana chahiye tha.","Kal career me koi naya mauka mila, turant haan nahi kehna chahiye tha. Soch samajh kar nirnay lena chahiye tha.","Kal thodi thakan mehsoos hui, aaram karna chahiye tha. Neend poori karni chahiye thi aur stress kam karna chahiye tha.","Kal paisa aaya par kharch bhi hua. Kisi zaruratmand ki madad karne se punya mila.","",""
CAPRICORN,YESTERDAY,15,"Kal prem jeevan me shanti rahi, partner ka sahyog mila. Kisi shubh karyakram me shirkat karne ka mauka mila.","Kal office me yojana ko sarahna mili. Team ke saath milkar kaam karne se safalta mili.","Kal pet aur digestion ka dhyan rakhna chahiye tha, ghar ka khana khana chahiye tha. Paani adhik peena chahiye tha.","Kal aarthik sthiti sudhri, koi purana nivesh fal diya. Nayi yojana banani chahiye thi.","",""
CAPRICORN,YESTERDAY,16,"Kal partner ke saath koi shubh samachar sunne ko mila. Rishta aur mazboot hua.","Kal career me naya mauka mila, interview ya meeting me safalta mili. Confidence se baat karni chahiye thi.","Kal sharir me halki sustee rahi, vyayam karna chahiye tha. Bahar ka khana avoid karna chahiye tha.","Kal paisa aaya par kharch bhi hua. Kisi ko daan karne se punya mila.","",""
CAPRICORN,YESTERDAY,17,"Kal partner ki sehat ka dhyan rakhna chahiye tha, unke saath samay bitana chahiye tha. Chhoti baat par jhagda nahi karna chahiye tha.","Kal office me koi purana kaam pura hua, senior khush hue. Naye project ki taiyari karni chahiye thi.","Kal gale me halki kharish hui, garm paani peekar rahat mili. Zyada bolne se bachna chahiye tha.","Kal koi purana lend wapas mila. Lekin naye nivesh se pehle achhi tarah sochna chahiye tha.","",""
CAPRICORN,YESTERDAY,18,"Kal prem jeevan me utar-chadhav raha, partner se baat karke sab theek ho gaya. Sabr rakhna chahiye tha.","Kal career me thodi deri hui, par kaam poora hua. Kisi colleague ki madad karni chahiye thi.","Kal sir dard hua, stress kam karna chahiye tha. Paani adhik peena aur aaram karna chahiye tha.","Kal kharcha tez hua, kisi bade nivesh se bachna chahiye tha. Budget banakar usi me rehna chahiye tha.","",""
CAPRICORN,YESTERDAY,19,"Kal kisi purane rishte me nayi jaan aayi, purane mitra se mulakat hui. Dil ki baat kehne me jhijhak nahi karni chahiye thi.","Kal office me mehnat ki tareef hui, promotion ke chances bane. Mehnat jaari rakhni chahiye thi.","Kal sehat achhi rahi, bas subah walk karni chahiye thi. Junk food avoid karna chahiye tha.","Kal aarthik labh hua, koi bonus ya gift mila. Bachat par dhyan dena chahiye tha.","",""
CAPRICORN,YESTERDAY,20,"Kal partner ke saath koi naya plan bana, ghoomne ka mauka mila. Saath me samay bitana chahiye tha.","Kal career me koi naya mauka mila, turant haan nahi kehna chahiye tha. Soch samajh kar nirnay lena chahiye tha.","Kal thodi thakan mehsoos hui, aaram karna chahiye tha. Neend poori karni chahiye thi aur stress kam karna chahiye tha.","Kal paisa aaya par kharch bhi hua. Kisi zaruratmand ki madad karne se punya mila.","",""
CAPRICORN,YESTERDAY,21,"Kal prem jeevan me shanti rahi, partner ka sahyog mila. Kisi shubh karyakram me shirkat karne ka mauka mila.","Kal office me yojana ko sarahna mili. Team ke saath milkar kaam karne se safalta mili.","Kal pet aur digestion ka dhyan rakhna chahiye tha, ghar ka khana khana chahiye tha. Paani adhik peena chahiye tha.","Kal aarthik sthiti sudhri, koi purana nivesh fal diya. Nayi yojana banani chahiye thi.","",""
CAPRICORN,YESTERDAY,22,"Kal partner ke saath koi shubh samachar sunne ko mila. Rishta aur mazboot hua.","Kal career me naya mauka mila, interview ya meeting me safalta mili. Confidence se baat karni chahiye thi.","Kal sharir me halki sustee rahi, vyayam karna chahiye tha. Bahar ka khana avoid karna chahiye tha.","Kal paisa aaya par kharch bhi hua. Kisi ko daan karne se punya mila.","",""
CAPRICORN,YESTERDAY,23,"Kal partner ki sehat ka dhyan rakhna chahiye tha, unke saath samay bitana chahiye tha. Chhoti baat par jhagda nahi karna chahiye tha.","Kal office me koi purana kaam pura hua, senior khush hue. Naye project ki taiyari karni chahiye thi.","Kal gale me halki kharish hui, garm paani peekar rahat mili. Zyada bolne se bachna chahiye tha.","Kal koi purana lend wapas mila. Lekin naye nivesh se pehle achhi tarah sochna chahiye tha.","",""
CAPRICORN,YESTERDAY,24,"Kal prem jeevan me utar-chadhav raha, partner se baat karke sab theek ho gaya. Sabr rakhna chahiye tha.","Kal career me thodi deri hui, par kaam poora hua. Kisi colleague ki madad karni chahiye thi.","Kal sir dard hua, stress kam karna chahiye tha. Paani adhik peena aur aaram karna chahiye tha.","Kal kharcha tez hua, kisi bade nivesh se bachna chahiye tha. Budget banakar usi me rehna chahiye tha.","",""
CAPRICORN,YESTERDAY,25,"Kal kisi purane rishte me nayi jaan aayi, purane mitra se mulakat hui. Dil ki baat kehne me jhijhak nahi karni chahiye thi.","Kal office me mehnat ki tareef hui, promotion ke chances bane. Mehnat jaari rakhni chahiye thi.","Kal sehat achhi rahi, bas subah walk karni chahiye thi. Junk food avoid karna chahiye tha.","Kal aarthik labh hua, koi bonus ya gift mila. Bachat par dhyan dena chahiye tha.","",""
CAPRICORN,YESTERDAY,26,"Kal partner ke saath koi naya plan bana, ghoomne ka mauka mila. Saath me samay bitana chahiye tha.","Kal career me koi naya mauka mila, turant haan nahi kehna chahiye tha. Soch samajh kar nirnay lena chahiye tha.","Kal thodi thakan mehsoos hui, aaram karna chahiye tha. Neend poori karni chahiye thi aur stress kam karna chahiye tha.","Kal paisa aaya par kharch bhi hua. Kisi zaruratmand ki madad karne se punya mila.","",""
CAPRICORN,YESTERDAY,27,"Kal prem jeevan me shanti rahi, partner ka sahyog mila. Kisi shubh karyakram me shirkat karne ka mauka mila.","Kal office me yojana ko sarahna mili. Team ke saath milkar kaam karne se safalta mili.","Kal pet aur digestion ka dhyan rakhna chahiye tha, ghar ka khana khana chahiye tha. Paani adhik peena chahiye tha.","Kal aarthik sthiti sudhri, koi purana nivesh fal diya. Nayi yojana banani chahiye thi.","",""
CAPRICORN,YESTERDAY,28,"Kal partner ke saath koi shubh samachar sunne ko mila. Rishta aur mazboot hua.","Kal career me naya mauka mila, interview ya meeting me safalta mili. Confidence se baat karni chahiye thi.","Kal sharir me halki sustee rahi, vyayam karna chahiye tha. Bahar ka khana avoid karna chahiye tha.","Kal paisa aaya par kharch bhi hua. Kisi ko daan karne se punya mila.","",""
CAPRICORN,YESTERDAY,29,"Kal partner ki sehat ka dhyan rakhna chahiye tha, unke saath samay bitana chahiye tha. Chhoti baat par jhagda nahi karna chahiye tha.","Kal office me koi purana kaam pura hua, senior khush hue. Naye project ki taiyari karni chahiye thi.","Kal gale me halki kharish hui, garm paani peekar rahat mili. Zyada bolne se bachna chahiye tha.","Kal koi purana lend wapas mila. Lekin naye nivesh se pehle achhi tarah sochna chahiye tha.","",""
CAPRICORN,TOMORROW,0,"Kal partner ke saath samay bitane ka mauka milega, purani galatfehmi door hogi. Dil ki baat khul kar kehna rishte ko mazboot banayega.","Kal career me koi naya kaam shuru karne ka mauka mil sakta hai, senior ka sahyog milega. Jaldbazi na karein.","Kal sehat achhi rahegi, subah walk zaroor karein. Thanda aur fried khane se bachein.","Kal paisa aayega, kisi purane lend ka paisa wapas mil sakta hai. Lekin faltu kharch se bachein.","",""
CAPRICORN,TOMORROW,1,"Kal prem jeevan me nayi urja aayegi, koi purana mitra mil sakta hai. Partner ki baat dhyan se sunein.","Kal office me mehnat ki tareef hogi, promotion ke chances hain. Colleagues ke saath milkar kaam karein.","Kal thodi thakan mehsoos hogi, aaram karein. Paani adhik peeyein aur stress kam karein.","Kal kharcha thoda zyada ho sakta hai, budget banayein. Naye nivesh se pehle soch-vichar karein.","",""
CAPRICORN,TOMORROW,2,"Kal partner ke saath koi purana mamla sulah ho sakta hai. Rishte me vishwas badhega aur madhurta aayegi.","Kal career me koi rukavat aa sakti hai, dhairya rakhein. Kisi colleague se salah lein to fayda hoga.","Kal gale aur sans me halki takleef ho sakti hai. Garm kapde pehnein aur thanda na khayein.","Kal paisa aayega par kharch bhi hoga. Kisi zaruratmand ki madad karein, punya milega.","",""
CAPRICORN,TOMORROW,3,"Kal kisi khaas insaan se mulaqat hogi jo din bana degi. Purane jhagde sulah ho sakte hain.","Kal office me raay ko mahatva milega. Kisi naye project ki zimmedari mil sakti hai.","Kal sehat ke liye halka vyayam karein aur khub paani peeyein. Sir dard ho sakta hai.","Kal aarthik sthiti majboot rahegi, koi purana karz chukane ka mauka milega.","",""
CAPRICORN,TOMORROW,4,"Kal partner ke saath chhoti baat par takraar ho sakti hai, shaant rahein. Raat ko sulah ho jayegi.","Kal career me koi naya mauka milega, turant haan na kahein. Soch samajh kar nirnay lein.","Kal pet me halki gadbad ho sakti hai, halka khana khayein. Bahar ka khana avoid karein.","Kal paisa haath me aayega par kharch bhi tez hoga. Bachat par dhyan dein.","",""
CAPRICORN,TOMORROW,5,"Kal prem jeevan me madhurta rahegi, partner ke saath ghoomne ka mauka milega. Kisi purane mitra se mulakat hogi.","Kal office me mehnat ki sarahna hogi. Senior aapki baat maanenge, confidence rakhein.","Kal urja se bharpur rahenge, vyayam karne ka mann karega. Lekin zyada garmi se bachein.","Kal kisi naye kaam me nivesh karne ka mauka milega, soch samajh kar haan kahein.","",""
CAPRICORN,TOMORROW,6,"Kal partner ke saath koi naya rishta shuru ho sakta hai ya purana gahra ho sakta hai. Dil ki baat kehne me jhijhak na karein.","Kal career me thodi bhaag-daud rahegi, meetings me vyast rahenge. Jaldbazi me galti na karein.","Kal jodon me halka dard ho sakta hai, aaram karein. Subah ki dhoop faydemand hai.","Kal aarthik labh hoga, koi bonus ya gift mil sakta hai. Lekin kharch par niyantran rakhein.","",""
CAPRICORN,TOMORROW,7,"Kal partner aapko surprise de sakta hai, prem me nayi urja aayegi. Saath me kuch naya try karein.","Kal career me koi bada faisla lena pad sakta hai, savdhani se sochein. Kisi anubhavi se salah lein.","Kal sehat achhi rahegi, bas subah ka nashta skip na karein. Fresh fruit khayein.","Kal paisa aayega par kisi anavashyak cheez par kharch ho sakta hai. Ruk kar kharch karein.","",""
CAPRICORN,TOMORROW,8,"Kal partner se koi purani baat chubh sakti hai, khul kar baat karein. Chhoti baat ko bada na banayein.","Kal career me koi rukavat aa sakti hai, par dhairya se kaam lein. Koi purana project pura hoga.","Kal mansik tanav ho sakta hai, meditation karein. Neend poori karein.","Kal kisi dost se udhaar dene se bachein, warna paisa wapas nahi milega. Apne paise sambhal kar rakhein.","",""
CAPRICORN,TOMORROW,9,"Kal prem jeevan me shanti rahegi, partner ka sahyog milega. Kisi shubh karyakram me shirkat karne ka mauka milega.","Kal office me yojana ko sarahna milegi. Team ke saath milkar kaam karein to safalta milegi.","Kal pet aur digestion ka dhyan rakhein, ghar ka khana khayein. Paani adhik peeyein.","Kal aarthik sthiti sudhregi, koi purana nivesh fal dega. Nayi yojana banayein.","",""
CAPRICORN,TOMORROW,10,"Kal partner ke saath koi shubh samachar sunne ko milega. Rishta aur mazboot hoga.","Kal career me naya mauka milega, interview ya meeting me safalta milegi. Confidence se baat karein.","Kal sharir me halki sustee rahegi, vyayam karein. Bahar ka khana avoid karein.","Kal paisa aayega par kharch bhi hoga. Kisi ko daan karein to punya milega.","",""
CAPRICORN,TOMORROW,11,"Kal partner ki sehat ka dhyan rakhein, unke saath samay bitayein. Chhoti baat par jhagda na karein.","Kal office me koi purana kaam pura hoga, senior khush honge. Naye project ki taiyari karein.","Kal gale me halki kharish ho sakti hai, garm paani peekar rahat milegi. Zyada bolne se bachein.","Kal koi purana lend wapas milega. Lekin naye nivesh se pehle achhi tarah soch lein.","",""
CAPRICORN,TOMORROW,12,"Kal prem jeevan me utar-chadhav rahega, partner se baat karke sab theek ho jayega. Sabr rakhein.","Kal career me thodi deri ho sakti hai, par kaam poora hoga. Kisi colleague ki madad karein.","Kal sir dard ho sakta hai, stress kam karein. Paani adhik peeyein aur aaram karein.","Kal kharcha tez hoga, kisi bade nivesh se bachein. Budget banayein aur usi me rahein.","",""
CAPRICORN,TOMORROW,13,"Kal kisi purane rishte me nayi jaan aayegi, purane mitra se mulakat hogi. Dil ki baat kehne me jhijhak na karein.","Kal office me mehnat ki tareef hogi, promotion ke chances hain. Mehnat jaari rakhein.","Kal sehat achhi rahegi, bas subah walk zaroor karein. Junk food avoid karein.","Kal aarthik labh hoga, koi bonus ya gift mil sakta hai. Bachat par dhyan dein.","",""
CAPRICORN,TOMORROW,14,"Kal partner ke saath koi naya plan banega, ghoomne ka mauka milega. Saath me samay bitayein.","Kal career me koi naya mauka milega, turant haan na kahein. Soch samajh kar nirnay lein.","Kal thodi thakan mehsoos hogi, aaram karein. Neend poori karein aur stress kam karein.","Kal paisa aayega par kharch bhi hoga. Kisi zaruratmand ki madad karein, punya milega.","",""
CAPRICORN,TOMORROW,15,"Kal prem jeevan me shanti rahegi, partner ka sahyog milega. Kisi shubh karyakram me shirkat karne ka mauka milega.","Kal office me yojana ko sarahna milegi. Team ke saath milkar kaam karein to safalta milegi.","Kal pet aur digestion ka dhyan rakhein, ghar ka khana khayein. Paani adhik peeyein.","Kal aarthik sthiti sudhregi, koi purana nivesh fal dega. Nayi yojana banayein.","",""
CAPRICORN,TOMORROW,16,"Kal partner ke saath koi shubh samachar sunne ko milega. Rishta aur mazboot hoga.","Kal career me naya mauka milega, interview ya meeting me safalta milegi. Confidence se baat karein.","Kal sharir me halki sustee rahegi, vyayam karein. Bahar ka khana avoid karein.","Kal paisa aayega par kharch bhi hoga. Kisi ko daan karein to punya milega.","",""
CAPRICORN,TOMORROW,17,"Kal partner ki sehat ka dhyan rakhein, unke saath samay bitayein. Chhoti baat par jhagda na karein.","Kal office me koi purana kaam pura hoga, senior khush honge. Naye project ki taiyari karein.","Kal gale me halki kharish ho sakti hai, garm paani peekar rahat milegi. Zyada bolne se bachein.","Kal koi purana lend wapas milega. Lekin naye nivesh se pehle achhi tarah soch lein.","",""
CAPRICORN,TOMORROW,18,"Kal prem jeevan me utar-chadhav rahega, partner se baat karke sab theek ho jayega. Sabr rakhein.","Kal career me thodi deri ho sakti hai, par kaam poora hoga. Kisi colleague ki madad karein.","Kal sir dard ho sakta hai, stress kam karein. Paani adhik peeyein aur aaram karein.","Kal kharcha tez hoga, kisi bade nivesh se bachein. Budget banayein aur usi me rahein.","",""
CAPRICORN,TOMORROW,19,"Kal kisi purane rishte me nayi jaan aayegi, purane mitra se mulakat hogi. Dil ki baat kehne me jhijhak na karein.","Kal office me mehnat ki tareef hogi, promotion ke chances hain. Mehnat jaari rakhein.","Kal sehat achhi rahegi, bas subah walk zaroor karein. Junk food avoid karein.","Kal aarthik labh hoga, koi bonus ya gift mil sakta hai. Bachat par dhyan dein.","",""
CAPRICORN,TOMORROW,20,"Kal partner ke saath koi naya plan banega, ghoomne ka mauka milega. Saath me samay bitayein.","Kal career me koi naya mauka milega, turant haan na kahein. Soch samajh kar nirnay lein.","Kal thodi thakan mehsoos hogi, aaram karein. Neend poori karein aur stress kam karein.","Kal paisa aayega par kharch bhi hoga. Kisi zaruratmand ki madad karein, punya milega.","",""
CAPRICORN,TOMORROW,21,"Kal prem jeevan me shanti rahegi, partner ka sahyog milega. Kisi shubh karyakram me shirkat karne ka mauka milega.","Kal office me yojana ko sarahna milegi. Team ke saath milkar kaam karein to safalta milegi.","Kal pet aur digestion ka dhyan rakhein, ghar ka khana khayein. Paani adhik peeyein.","Kal aarthik sthiti sudhregi, koi purana nivesh fal dega. Nayi yojana banayein.","",""
CAPRICORN,TOMORROW,22,"Kal partner ke saath koi shubh samachar sunne ko milega. Rishta aur mazboot hoga.","Kal career me naya mauka milega, interview ya meeting me safalta milegi. Confidence se baat karein.","Kal sharir me halki sustee rahegi, vyayam karein. Bahar ka khana avoid karein.","Kal paisa aayega par kharch bhi hoga. Kisi ko daan karein to punya milega.","",""
CAPRICORN,TOMORROW,23,"Kal partner ki sehat ka dhyan rakhein, unke saath samay bitayein. Chhoti baat par jhagda na karein.","Kal office me koi purana kaam pura hoga, senior khush honge. Naye project ki taiyari karein.","Kal gale me halki kharish ho sakti hai, garm paani peekar rahat milegi. Zyada bolne se bachein.","Kal koi purana lend wapas milega. Lekin naye nivesh se pehle achhi tarah soch lein.","",""
CAPRICORN,TOMORROW,24,"Kal prem jeevan me utar-chadhav rahega, partner se baat karke sab theek ho jayega. Sabr rakhein.","Kal career me thodi deri ho sakti hai, par kaam poora hoga. Kisi colleague ki madad karein.","Kal sir dard ho sakta hai, stress kam karein. Paani adhik peeyein aur aaram karein.","Kal kharcha tez hoga, kisi bade nivesh se bachein. Budget banayein aur usi me rahein.","",""
CAPRICORN,TOMORROW,25,"Kal kisi purane rishte me nayi jaan aayegi, purane mitra se mulakat hogi. Dil ki baat kehne me jhijhak na karein.","Kal office me mehnat ki tareef hogi, promotion ke chances hain. Mehnat jaari rakhein.","Kal sehat achhi rahegi, bas subah walk zaroor karein. Junk food avoid karein.","Kal aarthik labh hoga, koi bonus ya gift mil sakta hai. Bachat par dhyan dein.","",""
CAPRICORN,TOMORROW,26,"Kal partner ke saath koi naya plan banega, ghoomne ka mauka milega. Saath me samay bitayein.","Kal career me koi naya mauka milega, turant haan na kahein. Soch samajh kar nirnay lein.","Kal thodi thakan mehsoos hogi, aaram karein. Neend poori karein aur stress kam karein.","Kal paisa aayega par kharch bhi hoga. Kisi zaruratmand ki madad karein, punya milega.","",""
CAPRICORN,TOMORROW,27,"Kal prem jeevan me shanti rahegi, partner ka sahyog milega. Kisi shubh karyakram me shirkat karne ka mauka milega.","Kal office me yojana ko sarahna milegi. Team ke saath milkar kaam karein to safalta milegi.","Kal pet aur digestion ka dhyan rakhein, ghar ka khana khayein. Paani adhik peeyein.","Kal aarthik sthiti sudhregi, koi purana nivesh fal dega. Nayi yojana banayein.","",""
CAPRICORN,TOMORROW,28,"Kal partner ke saath koi shubh samachar sunne ko milega. Rishta aur mazboot hoga.","Kal career me naya mauka milega, interview ya meeting me safalta milegi. Confidence se baat karein.","Kal sharir me halki sustee rahegi, vyayam karein. Bahar ka khana avoid karein.","Kal paisa aayega par kharch bhi hoga. Kisi ko daan karein to punya milega.","",""
CAPRICORN,TOMORROW,29,"Kal partner ki sehat ka dhyan rakhein, unke saath samay bitayein. Chhoti baat par jhagda na karein.","Kal office me koi purana kaam pura hoga, senior khush honge. Naye project ki taiyari karein.","Kal gale me halki kharish ho sakti hai, garm paani peekar rahat milegi. Zyada bolne se bachein.","Kal koi purana lend wapas milega. Lekin naye nivesh se pehle achhi tarah soch lein.","",""
CAPRICORN,WEEKLY,0,"Is hafte prem jeevan me madhurta rahegi, partner ke saath samay bitane ka mauka milega. Kisi purane mitra se mulakat hogi.","Is hafte career me naya project milega, senior ka sahyog rahega. Mehnat ka fal zaroor milega.","Is hafte sehat achhi rahegi, bas subah walk aur halka vyayam karein. Junk food avoid karein.","Is hafte aarthik labh hoga, koi purana lend wapas milega. Lekin budget banakar chalein.","",""
CAPRICORN,WEEKLY,1,"Is hafte partner ke saath koi purana mamla sulah ho sakta hai. Rishte me vishwas badhega aur prem gahra hoga.","Is hafte office me aapki mehnat ki tareef hogi, promotion ke chances hain. Team ke saath milkar kaam karein.","Is hafte thodi thakan mehsoos hogi, aaram karein aur neend poori karein. Paani adhik peeyein.","Is hafte kharcha thoda zyada hoga, savdhani rakhein. Kisi naye nivesh se pehle soch-vichar karein.","",""
CAPRICORN,WEEKLY,2,"Is hafte kisi khaas insaan se mulaqat hogi jo dil ko khush kar degi. Purane jhagde sulah ho sakte hain.","Is hafte career me koi rukavat aa sakti hai, dhairya rakhein. Kisi colleague se salah lena faydemand hoga.","Is hafte gale aur sans me halki takleef ho sakti hai. Garm kapde pehnein aur thanda na khayein.","Is hafte paisa aayega par kharch bhi hoga. Kisi zaruratmand ki madad karein, punya milega.","",""
CAPRICORN,WEEKLY,3,"Is hafte prem jeevan me shanti rahegi, partner ka sahyog milega. Kisi shubh karyakram me shirkat karne ka mauka milega.","Is hafte office me aapki yojana ko sarahna milegi. Naye project ki zimmedari mil sakti hai.","Is hafte sehat ke liye halka vyayam karein aur khub paani peeyein. Sir dard se bachein.","Is hafte aarthik sthiti majboot rahegi, koi purana karz chukane ka mauka milega.","",""
CAPRICORN,WEEKLY,4,"Is hafte partner ke saath chhoti baat par takraar ho sakti hai, shaant rahein. Hafte ke ant me sulah ho jayegi.","Is hafte career me koi naya mauka milega, turant haan na kahein. Soch samajh kar nirnay lein.","Is hafte pet me halki gadbad ho sakti hai, halka khana khayein. Bahar ka khana avoid karein.","Is hafte paisa haath me aayega par kharch bhi tez hoga. Bachat par dhyan dein.","",""
CAPRICORN,WEEKLY,5,"Is hafte prem jeevan me madhurta rahegi, partner ke saath ghoomne ka mauka milega. Kisi purane mitra se mulakat hogi.","Is hafte office me mehnat ki sarahna hogi. Senior aapki baat maanenge, confidence rakhein.","Is hafte urja se bharpur rahenge, vyayam karne ka mann karega. Lekin zyada garmi se bachein.","Is hafte kisi naye kaam me nivesh karne ka mauka milega, soch samajh kar haan kahein.","",""
CAPRICORN,WEEKLY,6,"Is hafte partner ke saath koi naya rishta shuru ho sakta hai ya purana gahra ho sakta hai. Dil ki baat kehne me jhijhak na karein.","Is hafte career me thodi bhaag-daud rahegi, meetings me vyast rahenge. Jaldbazi me galti na karein.","Is hafte jodon me halka dard ho sakta hai, aaram karein. Subah ki dhoop faydemand hai.","Is hafte aarthik labh hoga, koi bonus ya gift mil sakta hai. Lekin kharch par niyantran rakhein.","",""
CAPRICORN,WEEKLY,7,"Is hafte partner aapko surprise de sakta hai, prem me nayi urja aayegi. Saath me kuch naya try karein.","Is hafte career me koi bada faisla lena pad sakta hai, savdhani se sochein. Kisi anubhavi se salah lein.","Is hafte sehat achhi rahegi, bas subah ka nashta skip na karein. Fresh fruit khayein.","Is hafte paisa aayega par kisi anavashyak cheez par kharch ho sakta hai. Ruk kar kharch karein.","",""
CAPRICORN,WEEKLY,8,"Is hafte partner se koi purani baat chubh sakti hai, khul kar baat karein. Chhoti baat ko bada na banayein.","Is hafte career me koi rukavat aa sakti hai, par dhairya se kaam lein. Koi purana project pura hoga.","Is hafte mansik tanav ho sakta hai, meditation karein. Neend poori karein.","Is hafte kisi dost se udhaar dene se bachein, warna paisa wapas nahi milega. Apne paise sambhal kar rakhein.","",""
CAPRICORN,WEEKLY,9,"Is hafte prem jeevan me shanti rahegi, partner ka sahyog milega. Kisi shubh karyakram me shirkat karne ka mauka milega.","Is hafte office me yojana ko sarahna milegi. Team ke saath milkar kaam karein to safalta milegi.","Is hafte pet aur digestion ka dhyan rakhein, ghar ka khana khayein. Paani adhik peeyein.","Is hafte aarthik sthiti sudhregi, koi purana nivesh fal dega. Nayi yojana banayein.","",""
CAPRICORN,WEEKLY,10,"Is hafte partner ke saath koi shubh samachar sunne ko milega. Rishta aur mazboot hoga.","Is hafte career me naya mauka milega, interview ya meeting me safalta milegi. Confidence se baat karein.","Is hafte sharir me halki sustee rahegi, vyayam karein. Bahar ka khana avoid karein.","Is hafte paisa aayega par kharch bhi hoga. Kisi ko daan karein to punya milega.","",""
CAPRICORN,WEEKLY,11,"Is hafte partner ki sehat ka dhyan rakhein, unke saath samay bitayein. Chhoti baat par jhagda na karein.","Is hafte office me koi purana kaam pura hoga, senior khush honge. Naye project ki taiyari karein.","Is hafte gale me halki kharish ho sakti hai, garm paani peekar rahat milegi. Zyada bolne se bachein.","Is hafte koi purana lend wapas milega. Lekin naye nivesh se pehle achhi tarah soch lein.","",""
CAPRICORN,WEEKLY,12,"Is hafte prem jeevan me utar-chadhav rahega, partner se baat karke sab theek ho jayega. Sabr rakhein.","Is hafte career me thodi deri ho sakti hai, par kaam poora hoga. Kisi colleague ki madad karein.","Is hafte sir dard ho sakta hai, stress kam karein. Paani adhik peeyein aur aaram karein.","Is hafte kharcha tez hoga, kisi bade nivesh se bachein. Budget banayein aur usi me rahein.","",""
CAPRICORN,WEEKLY,13,"Is hafte kisi purane rishte me nayi jaan aayegi, purane mitra se mulakat hogi. Dil ki baat kehne me jhijhak na karein.","Is hafte office me mehnat ki tareef hogi, promotion ke chances hain. Mehnat jaari rakhein.","Is hafte sehat achhi rahegi, bas subah walk zaroor karein. Junk food avoid karein.","Is hafte aarthik labh hoga, koi bonus ya gift mil sakta hai. Bachat par dhyan dein.","",""
CAPRICORN,WEEKLY,14,"Is hafte partner ke saath koi naya plan banega, ghoomne ka mauka milega. Saath me samay bitayein.","Is hafte career me koi naya mauka milega, turant haan na kahein. Soch samajh kar nirnay lein.","Is hafte thodi thakan mehsoos hogi, aaram karein. Neend poori karein aur stress kam karein.","Is hafte paisa aayega par kharch bhi hoga. Kisi zaruratmand ki madad karein, punya milega.","",""
CAPRICORN,WEEKLY,15,"Is hafte prem jeevan me shanti rahegi, partner ka sahyog milega. Kisi shubh karyakram me shirkat karne ka mauka milega.","Is hafte office me yojana ko sarahna milegi. Team ke saath milkar kaam karein to safalta milegi.","Is hafte pet aur digestion ka dhyan rakhein, ghar ka khana khayein. Paani adhik peeyein.","Is hafte aarthik sthiti sudhregi, koi purana nivesh fal dega. Nayi yojana banayein.","",""
CAPRICORN,WEEKLY,16,"Is hafte partner ke saath koi shubh samachar sunne ko milega. Rishta aur mazboot hoga.","Is hafte career me naya mauka milega, interview ya meeting me safalta milegi. Confidence se baat karein.","Is hafte sharir me halki sustee rahegi, vyayam karein. Bahar ka khana avoid karein.","Is hafte paisa aayega par kharch bhi hoga. Kisi ko daan karein to punya milega.","",""
CAPRICORN,WEEKLY,17,"Is hafte partner ki sehat ka dhyan rakhein, unke saath samay bitayein. Chhoti baat par jhagda na karein.","Is hafte office me koi purana kaam pura hoga, senior khush honge. Naye project ki taiyari karein.","Is hafte gale me halki kharish ho sakti hai, garm paani peekar rahat milegi. Zyada bolne se bachein.","Is hafte koi purana lend wapas milega. Lekin naye nivesh se pehle achhi tarah soch lein.","",""
CAPRICORN,WEEKLY,18,"Is hafte prem jeevan me utar-chadhav rahega, partner se baat karke sab theek ho jayega. Sabr rakhein.","Is hafte career me thodi deri ho sakti hai, par kaam poora hoga. Kisi colleague ki madad karein.","Is hafte sir dard ho sakta hai, stress kam karein. Paani adhik peeyein aur aaram karein.","Is hafte kharcha tez hoga, kisi bade nivesh se bachein. Budget banayein aur usi me rahein.","",""
CAPRICORN,WEEKLY,19,"Is hafte kisi purane rishte me nayi jaan aayegi, purane mitra se mulakat hogi. Dil ki baat kehne me jhijhak na karein.","Is hafte office me mehnat ki tareef hogi, promotion ke chances hain. Mehnat jaari rakhein.","Is hafte sehat achhi rahegi, bas subah walk zaroor karein. Junk food avoid karein.","Is hafte aarthik labh hoga, koi bonus ya gift mil sakta hai. Bachat par dhyan dein.","",""
CAPRICORN,WEEKLY,20,"Is hafte partner ke saath koi naya plan banega, ghoomne ka mauka milega. Saath me samay bitayein.","Is hafte career me koi naya mauka milega, turant haan na kahein. Soch samajh kar nirnay lein.","Is hafte thodi thakan mehsoos hogi, aaram karein. Neend poori karein aur stress kam karein.","Is hafte paisa aayega par kharch bhi hoga. Kisi zaruratmand ki madad karein, punya milega.","",""
CAPRICORN,WEEKLY,21,"Is hafte prem jeevan me shanti rahegi, partner ka sahyog milega. Kisi shubh karyakram me shirkat karne ka mauka milega.","Is hafte office me yojana ko sarahna milegi. Team ke saath milkar kaam karein to safalta milegi.","Is hafte pet aur digestion ka dhyan rakhein, ghar ka khana khayein. Paani adhik peeyein.","Is hafte aarthik sthiti sudhregi, koi purana nivesh fal dega. Nayi yojana banayein.","",""
CAPRICORN,WEEKLY,22,"Is hafte partner ke saath koi shubh samachar sunne ko milega. Rishta aur mazboot hoga.","Is hafte career me naya mauka milega, interview ya meeting me safalta milegi. Confidence se baat karein.","Is hafte sharir me halki sustee rahegi, vyayam karein. Bahar ka khana avoid karein.","Is hafte paisa aayega par kharch bhi hoga. Kisi ko daan karein to punya milega.","",""
CAPRICORN,WEEKLY,23,"Is hafte partner ki sehat ka dhyan rakhein, unke saath samay bitayein. Chhoti baat par jhagda na karein.","Is hafte office me koi purana kaam pura hoga, senior khush honge. Naye project ki taiyari karein.","Is hafte gale me halki kharish ho sakti hai, garm paani peekar rahat milegi. Zyada bolne se bachein.","Is hafte koi purana lend wapas milega. Lekin naye nivesh se pehle achhi tarah soch lein.","",""
CAPRICORN,WEEKLY,24,"Is hafte prem jeevan me utar-chadhav rahega, partner se baat karke sab theek ho jayega. Sabr rakhein.","Is hafte career me thodi deri ho sakti hai, par kaam poora hoga. Kisi colleague ki madad karein.","Is hafte sir dard ho sakta hai, stress kam karein. Paani adhik peeyein aur aaram karein.","Is hafte kharcha tez hoga, kisi bade nivesh se bachein. Budget banayein aur usi me rahein.","",""
CAPRICORN,WEEKLY,25,"Is hafte kisi purane rishte me nayi jaan aayegi, purane mitra se mulakat hogi. Dil ki baat kehne me jhijhak na karein.","Is hafte office me mehnat ki tareef hogi, promotion ke chances hain. Mehnat jaari rakhein.","Is hafte sehat achhi rahegi, bas subah walk zaroor karein. Junk food avoid karein.","Is hafte aarthik labh hoga, koi bonus ya gift mil sakta hai. Bachat par dhyan dein.","",""
CAPRICORN,WEEKLY,26,"Is hafte partner ke saath koi naya plan banega, ghoomne ka mauka milega. Saath me samay bitayein.","Is hafte career me koi naya mauka milega, turant haan na kahein. Soch samajh kar nirnay lein.","Is hafte thodi thakan mehsoos hogi, aaram karein. Neend poori karein aur stress kam karein.","Is hafte paisa aayega par kharch bhi hoga. Kisi zaruratmand ki madad karein, punya milega.","",""
CAPRICORN,WEEKLY,27,"Is hafte prem jeevan me shanti rahegi, partner ka sahyog milega. Kisi shubh karyakram me shirkat karne ka mauka milega.","Is hafte office me yojana ko sarahna milegi. Team ke saath milkar kaam karein to safalta milegi.","Is hafte pet aur digestion ka dhyan rakhein, ghar ka khana khayein. Paani adhik peeyein.","Is hafte aarthik sthiti sudhregi, koi purana nivesh fal dega. Nayi yojana banayein.","",""
CAPRICORN,WEEKLY,28,"Is hafte partner ke saath koi shubh samachar sunne ko milega. Rishta aur mazboot hoga.","Is hafte career me naya mauka milega, interview ya meeting me safalta milegi. Confidence se baat karein.","Is hafte sharir me halki sustee rahegi, vyayam karein. Bahar ka khana avoid karein.","Is hafte paisa aayega par kharch bhi hoga. Kisi ko daan karein to punya milega.","",""
CAPRICORN,WEEKLY,29,"Is hafte partner ki sehat ka dhyan rakhein, unke saath samay bitayein. Chhoti baat par jhagda na karein.","Is hafte office me koi purana kaam pura hoga, senior khush honge. Naye project ki taiyari karein.","Is hafte gale me halki kharish ho sakti hai, garm paani peekar rahat milegi. Zyada bolne se bachein.","Is hafte koi purana lend wapas milega. Lekin naye nivesh se pehle achhi tarah soch lein.","",""
CAPRICORN,MONTHLY,0,"Is mahine prem jeevan me madhurta rahegi, partner ke saath samay bitane ka mauka milega. Kisi purane mitra se mulakat hogi.","Is mahine career me naya project milega, senior ka sahyog rahega. Mehnat ka fal zaroor milega.","Is mahine sehat achhi rahegi, bas subah walk aur halka vyayam karein. Junk food avoid karein.","Is mahine aarthik labh hoga, koi purana lend wapas milega. Lekin budget banakar chalein.","",""
CAPRICORN,MONTHLY,1,"Is mahine partner ke saath koi purana mamla sulah ho sakta hai. Rishte me vishwas badhega aur prem gahra hoga.","Is mahine office me aapki mehnat ki tareef hogi, promotion ke chances hain. Team ke saath milkar kaam karein.","Is mahine thodi thakan mehsoos hogi, aaram karein aur neend poori karein. Paani adhik peeyein.","Is mahine kharcha thoda zyada hoga, savdhani rakhein. Kisi naye nivesh se pehle soch-vichar karein.","",""
CAPRICORN,MONTHLY,2,"Is mahine kisi khaas insaan se mulaqat hogi jo dil ko khush kar degi. Purane jhagde sulah ho sakte hain.","Is mahine career me koi rukavat aa sakti hai, dhairya rakhein. Kisi colleague se salah lena faydemand hoga.","Is mahine gale aur sans me halki takleef ho sakti hai. Garm kapde pehnein aur thanda na khayein.","Is mahine paisa aayega par kharch bhi hoga. Kisi zaruratmand ki madad karein, punya milega.","",""
CAPRICORN,MONTHLY,3,"Is mahine prem jeevan me shanti rahegi, partner ka sahyog milega. Kisi shubh karyakram me shirkat karne ka mauka milega.","Is mahine office me aapki yojana ko sarahna milegi. Naye project ki zimmedari mil sakti hai.","Is mahine sehat ke liye halka vyayam karein aur khub paani peeyein. Sir dard se bachein.","Is mahine aarthik sthiti majboot rahegi, koi purana karz chukane ka mauka milega.","",""
CAPRICORN,MONTHLY,4,"Is mahine partner ke saath chhoti baat par takraar ho sakti hai, shaant rahein. Mahine ke ant me sulah ho jayegi.","Is mahine career me koi naya mauka milega, turant haan na kahein. Soch samajh kar nirnay lein.","Is mahine pet me halki gadbad ho sakti hai, halka khana khayein. Bahar ka khana avoid karein.","Is mahine paisa haath me aayega par kharch bhi tez hoga. Bachat par dhyan dein.","",""
CAPRICORN,MONTHLY,5,"Is mahine prem jeevan me madhurta rahegi, partner ke saath ghoomne ka mauka milega. Kisi purane mitra se mulakat hogi.","Is mahine office me mehnat ki sarahna hogi. Senior aapki baat maanenge, confidence rakhein.","Is mahine urja se bharpur rahenge, vyayam karne ka mann karega. Lekin zyada garmi se bachein.","Is mahine kisi naye kaam me nivesh karne ka mauka milega, soch samajh kar haan kahein.","",""
CAPRICORN,MONTHLY,6,"Is mahine partner ke saath koi naya rishta shuru ho sakta hai ya purana gahra ho sakta hai. Dil ki baat kehne me jhijhak na karein.","Is mahine career me thodi bhaag-daud rahegi, meetings me vyast rahenge. Jaldbazi me galti na karein.","Is mahine jodon me halka dard ho sakta hai, aaram karein. Subah ki dhoop faydemand hai.","Is mahine aarthik labh hoga, koi bonus ya gift mil sakta hai. Lekin kharch par niyantran rakhein.","",""
CAPRICORN,MONTHLY,7,"Is mahine partner aapko surprise de sakta hai, prem me nayi urja aayegi. Saath me kuch naya try karein.","Is mahine career me koi bada faisla lena pad sakta hai, savdhani se sochein. Kisi anubhavi se salah lein.","Is mahine sehat achhi rahegi, bas subah ka nashta skip na karein. Fresh fruit khayein.","Is mahine paisa aayega par kisi anavashyak cheez par kharch ho sakta hai. Ruk kar kharch karein.","",""
CAPRICORN,MONTHLY,8,"Is mahine partner se koi purani baat chubh sakti hai, khul kar baat karein. Chhoti baat ko bada na banayein.","Is mahine career me koi rukavat aa sakti hai, par dhairya se kaam lein. Koi purana project pura hoga.","Is mahine mansik tanav ho sakta hai, meditation karein. Neend poori karein.","Is mahine kisi dost se udhaar dene se bachein, warna paisa wapas nahi milega. Apne paise sambhal kar rakhein.","",""
CAPRICORN,MONTHLY,9,"Is mahine prem jeevan me shanti rahegi, partner ka sahyog milega. Kisi shubh karyakram me shirkat karne ka mauka milega.","Is mahine office me yojana ko sarahna milegi. Team ke saath milkar kaam karein to safalta milegi.","Is mahine pet aur digestion ka dhyan rakhein, ghar ka khana khayein. Paani adhik peeyein.","Is mahine aarthik sthiti sudhregi, koi purana nivesh fal dega. Nayi yojana banayein.","",""
CAPRICORN,MONTHLY,10,"Is mahine partner ke saath koi shubh samachar sunne ko milega. Rishta aur mazboot hoga.","Is mahine career me naya mauka milega, interview ya meeting me safalta milegi. Confidence se baat karein.","Is mahine sharir me halki sustee rahegi, vyayam karein. Bahar ka khana avoid karein.","Is mahine paisa aayega par kharch bhi hoga. Kisi ko daan karein to punya milega.","",""
CAPRICORN,MONTHLY,11,"Is mahine partner ki sehat ka dhyan rakhein, unke saath samay bitayein. Chhoti baat par jhagda na karein.","Is mahine office me koi purana kaam pura hoga, senior khush honge. Naye project ki taiyari karein.","Is mahine gale me halki kharish ho sakti hai, garm paani peekar rahat milegi. Zyada bolne se bachein.","Is mahine koi purana lend wapas milega. Lekin naye nivesh se pehle achhi tarah soch lein.","",""
CAPRICORN,MONTHLY,12,"Is mahine prem jeevan me utar-chadhav rahega, partner se baat karke sab theek ho jayega. Sabr rakhein.","Is mahine career me thodi deri ho sakti hai, par kaam poora hoga. Kisi colleague ki madad karein.","Is mahine sir dard ho sakta hai, stress kam karein. Paani adhik peeyein aur aaram karein.","Is mahine kharcha tez hoga, kisi bade nivesh se bachein. Budget banayein aur usi me rahein.","",""
CAPRICORN,MONTHLY,13,"Is mahine kisi purane rishte me nayi jaan aayegi, purane mitra se mulakat hogi. Dil ki baat kehne me jhijhak na karein.","Is mahine office me mehnat ki tareef hogi, promotion ke chances hain. Mehnat jaari rakhein.","Is mahine sehat achhi rahegi, bas subah walk zaroor karein. Junk food avoid karein.","Is mahine aarthik labh hoga, koi bonus ya gift mil sakta hai. Bachat par dhyan dein.","",""
CAPRICORN,MONTHLY,14,"Is mahine partner ke saath koi naya plan banega, ghoomne ka mauka milega. Saath me samay bitayein.","Is mahine career me koi naya mauka milega, turant haan na kahein. Soch samajh kar nirnay lein.","Is mahine thodi thakan mehsoos hogi, aaram karein. Neend poori karein aur stress kam karein.","Is mahine paisa aayega par kharch bhi hoga. Kisi zaruratmand ki madad karein, punya milega.","",""
CAPRICORN,MONTHLY,15,"Is mahine prem jeevan me shanti rahegi, partner ka sahyog milega. Kisi shubh karyakram me shirkat karne ka mauka milega.","Is mahine office me yojana ko sarahna milegi. Team ke saath milkar kaam karein to safalta milegi.","Is mahine pet aur digestion ka dhyan rakhein, ghar ka khana khayein. Paani adhik peeyein.","Is mahine aarthik sthiti sudhregi, koi purana nivesh fal dega. Nayi yojana banayein.","",""
CAPRICORN,MONTHLY,16,"Is mahine partner ke saath koi shubh samachar sunne ko milega. Rishta aur mazboot hoga.","Is mahine career me naya mauka milega, interview ya meeting me safalta milegi. Confidence se baat karein.","Is mahine sharir me halki sustee rahegi, vyayam karein. Bahar ka khana avoid karein.","Is mahine paisa aayega par kharch bhi hoga. Kisi ko daan karein to punya milega.","",""
CAPRICORN,MONTHLY,17,"Is mahine partner ki sehat ka dhyan rakhein, unke saath samay bitayein. Chhoti baat par jhagda na karein.","Is mahine office me koi purana kaam pura hoga, senior khush honge. Naye project ki taiyari karein.","Is mahine gale me halki kharish ho sakti hai, garm paani peekar rahat milegi. Zyada bolne se bachein.","Is mahine koi purana lend wapas milega. Lekin naye nivesh se pehle achhi tarah soch lein.","",""
CAPRICORN,MONTHLY,18,"Is mahine prem jeevan me utar-chadhav rahega, partner se baat karke sab theek ho jayega. Sabr rakhein.","Is mahine career me thodi deri ho sakti hai, par kaam poora hoga. Kisi colleague ki madad karein.","Is mahine sir dard ho sakta hai, stress kam karein. Paani adhik peeyein aur aaram karein.","Is mahine kharcha tez hoga, kisi bade nivesh se bachein. Budget banayein aur usi me rahein.","",""
CAPRICORN,MONTHLY,19,"Is mahine kisi purane rishte me nayi jaan aayegi, purane mitra se mulakat hogi. Dil ki baat kehne me jhijhak na karein.","Is mahine office me mehnat ki tareef hogi, promotion ke chances hain. Mehnat jaari rakhein.","Is mahine sehat achhi rahegi, bas subah walk zaroor karein. Junk food avoid karein.","Is mahine aarthik labh hoga, koi bonus ya gift mil sakta hai. Bachat par dhyan dein.","",""
CAPRICORN,MONTHLY,20,"Is mahine partner ke saath koi naya plan banega, ghoomne ka mauka milega. Saath me samay bitayein.","Is mahine career me koi naya mauka milega, turant haan na kahein. Soch samajh kar nirnay lein.","Is mahine thodi thakan mehsoos hogi, aaram karein. Neend poori karein aur stress kam karein.","Is mahine paisa aayega par kharch bhi hoga. Kisi zaruratmand ki madad karein, punya milega.","",""
CAPRICORN,MONTHLY,21,"Is mahine prem jeevan me shanti rahegi, partner ka sahyog milega. Kisi shubh karyakram me shirkat karne ka mauka milega.","Is mahine office me yojana ko sarahna milegi. Team ke saath milkar kaam karein to safalta milegi.","Is mahine pet aur digestion ka dhyan rakhein, ghar ka khana khayein. Paani adhik peeyein.","Is mahine aarthik sthiti sudhregi, koi purana nivesh fal dega. Nayi yojana banayein.","",""
CAPRICORN,MONTHLY,22,"Is mahine partner ke saath koi shubh samachar sunne ko milega. Rishta aur mazboot hoga.","Is mahine career me naya mauka milega, interview ya meeting me safalta milegi. Confidence se baat karein.","Is mahine sharir me halki sustee rahegi, vyayam karein. Bahar ka khana avoid karein.","Is mahine paisa aayega par kharch bhi hoga. Kisi ko daan karein to punya milega.","",""
CAPRICORN,MONTHLY,23,"Is mahine partner ki sehat ka dhyan rakhein, unke saath samay bitayein. Chhoti baat par jhagda na karein.","Is mahine office me koi purana kaam pura hoga, senior khush honge. Naye project ki taiyari karein.","Is mahine gale me halki kharish ho sakti hai, garm paani peekar rahat milegi. Zyada bolne se bachein.","Is mahine koi purana lend wapas milega. Lekin naye nivesh se pehle achhi tarah soch lein.","",""
CAPRICORN,MONTHLY,24,"Is mahine prem jeevan me utar-chadhav rahega, partner se baat karke sab theek ho jayega. Sabr rakhein.","Is mahine career me thodi deri ho sakti hai, par kaam poora hoga. Kisi colleague ki madad karein.","Is mahine sir dard ho sakta hai, stress kam karein. Paani adhik peeyein aur aaram karein.","Is mahine kharcha tez hoga, kisi bade nivesh se bachein. Budget banayein aur usi me rahein.","",""
CAPRICORN,MONTHLY,25,"Is mahine kisi purane rishte me nayi jaan aayegi, purane mitra se mulakat hogi. Dil ki baat kehne me jhijhak na karein.","Is mahine office me mehnat ki tareef hogi, promotion ke chances hain. Mehnat jaari rakhein.","Is mahine sehat achhi rahegi, bas subah walk zaroor karein. Junk food avoid karein.","Is mahine aarthik labh hoga, koi bonus ya gift mil sakta hai. Bachat par dhyan dein.","",""
CAPRICORN,MONTHLY,26,"Is mahine partner ke saath koi naya plan banega, ghoomne ka mauka milega. Saath me samay bitayein.","Is mahine career me koi naya mauka milega, turant haan na kahein. Soch samajh kar nirnay lein.","Is mahine thodi thakan mehsoos hogi, aaram karein. Neend poori karein aur stress kam karein.","Is mahine paisa aayega par kharch bhi hoga. Kisi zaruratmand ki madad karein, punya milega.","",""
CAPRICORN,MONTHLY,27,"Is mahine prem jeevan me shanti rahegi, partner ka sahyog milega. Kisi shubh karyakram me shirkat karne ka mauka milega.","Is mahine office me yojana ko sarahna milegi. Team ke saath milkar kaam karein to safalta milegi.","Is mahine pet aur digestion ka dhyan rakhein, ghar ka khana khayein. Paani adhik peeyein.","Is mahine aarthik sthiti sudhregi, koi purana nivesh fal dega. Nayi yojana banayein.","",""
CAPRICORN,MONTHLY,28,"Is mahine partner ke saath koi shubh samachar sunne ko milega. Rishta aur mazboot hoga.","Is mahine career me naya mauka milega, interview ya meeting me safalta milegi. Confidence se baat karein.","Is mahine sharir me halki sustee rahegi, vyayam karein. Bahar ka khana avoid karein.","Is mahine paisa aayega par kharch bhi hoga. Kisi ko daan karein to punya milega.","",""
CAPRICORN,MONTHLY,29,"Is mahine partner ki sehat ka dhyan rakhein, unke saath samay bitayein. Chhoti baat par jhagda na karein.","Is mahine office me koi purana kaam pura hoga, senior khush honge. Naye project ki taiyari karein.","Is mahine gale me halki kharish ho sakti hai, garm paani peekar rahat milegi. Zyada bolne se bachein.","Is mahine koi purana lend wapas milega. Lekin naye nivesh se pehle achhi tarah soch lein.","",""
CAPRICORN,YEARLY,0,"Is saal prem jeevan me badi urja aayegi, vivah ke yog ban sakte hain ya purana rishta gahra hoga. Partner ke saath samay bitane ka khoob mauka milega.","Is saal career me bada badlav sambhav hai, naukri badal sakti hai ya promotion milegi. Mehnat ka poora fal zaroor milega.","Is saal sehat achhi rahegi, bas niyamit vyayam aur santulit ahar apnayein. Stress kam karein aur neend poori karein.","Is saal aarthik sthiti majboot hogi, koi bada nivesh fal dega. Lekin faltu kharch se bachein aur bachat karein.","",""
AQUARIUS,TODAY,0,"Aaj partner ke saath samay bitane ka mauka milega, purani galatfehmi door hogi. Dil ki baat khul kar kehna aaj aapke rishte ko mazboot banayega.","Career me aaj koi naya kaam shuru karne ka mauka mil sakta hai, senior ka sahyog milega. Jaldbazi na karein, soch samajh kar kadam uthayein.","Aaj sehat achhi rahegi, bas subah walk zaroor karein. Zyada thanda aur fried khane se bachein.","Aaj paisa aayega, kisi purane lend ka paisa wapas mil sakta hai. Lekin faltu kharch se bachein.","8","Blue"
AQUARIUS,TODAY,1,"Aaj prem jeevan me nayi urja aayegi, koi purana mitra mil sakta hai. Partner ki baat dhyan se sunein, jhagda ho sakta hai.","Office me aapki mehnat ki tareef hogi, promotion ke chances hain. Colleagues ke saath mil kar kaam karein.","Aaj thodi thakan mehsoos hogi, aaram karein. Paani adhik peeyein aur stress kam karein.","Aaj kharcha thoda zyada ho sakta hai, budget banayein. Kisi naye nivesh se pehle soch-vichar karein.","16","Grey"
AQUARIUS,TODAY,2,"Aaj partner ke saath koi purana mamla sulah ho sakta hai. Rishte me vishwas badhega aur madhurta aayegi.","Career me aaj koi rukavat aa sakti hai, dhairya rakhein. Kisi colleague se salah lein to fayda hoga.","Aaj gale aur sans me halki takleef ho sakti hai. Garm kapde pehnein aur thanda na khayein.","Aaj paisa aayega par kharch bhi hoga. Kisi zaruratmand ki madad karein, punya milega.","23","Blue"
AQUARIUS,TODAY,3,"Aaj kisi khaas insaan se mulaqat hogi jo aapka din bana degi. Purane jhagde sulah ho sakte hain.","Aaj office me aapki raay ko mahatva milega. Kisi naye project ki zimmedari mil sakti hai.","Sehat ke liye aaj halka vyayam karein aur khub paani peeyein. Sir dard ho sakta hai.","Aaj aarthik sthiti majboot rahegi, koi purana karz chukane ka mauka milega.","29","Grey"
AQUARIUS,TODAY,4,"Aaj partner ke saath chhoti baat par takraar ho sakti hai, shaant rahein. Raat ko sulah ho jayegi.","Career me aaj koi naya mauka milega, turant haan na kahein. Soch samajh kar nirnay lein.","Aaj pet me halki gadbad ho sakti hai, halka khana khayein. Bahar ka khana avoid karein.","Aaj paisa haath me aayega par kharch bhi tez hoga. Bachat par dhyan dein.","4","Blue"
AQUARIUS,TODAY,5,"Aaj prem jeevan me madhurta rahegi, partner ke saath ghoomne ka mauka milega. Kisi purane mitra se mulakat hogi.","Aaj office me aapki mehnat ki sarahna hogi. Senior aapki baat maanenge, confidence rakhein.","Aaj urja se bharpur rahenge, vyayam karne ka mann karega. Lekin zyada garmi se bachein.","Aaj kisi naye kaam me nivesh karne ka mauka milega, soch samajh kar haan kahein.","12","Grey"
AQUARIUS,TODAY,6,"Aaj partner ke saath koi naya rishta shuru ho sakta hai ya purana gahra ho sakta hai. Dil ki baat kehne me jhijhak na karein.","Career me aaj thodi bhaag-daud rahegi, meetings me vyast rahenge. Jaldbazi me galti na karein.","Aaj jodon me halka dard ho sakta hai, aaram karein. Subah ki dhoop aapke liye faydemand hai.","Aaj aarthik labh hoga, koi bonus ya gift mil sakta hai. Lekin kharch par niyantran rakhein.","18","Blue"
AQUARIUS,TODAY,7,"Aaj partner aapko surprise de sakta hai, prem me nayi urja aayegi. Saath me kuch naya try karein.","Aaj career me koi bada faisla lena pad sakta hai, savdhani se sochein. Kisi anubhavi se salah lein.","Aaj sehat achhi rahegi, bas subah ka nashta skip na karein. Fresh fruit khayein.","Aaj paisa aayega par kisi anavashyak cheez par kharch ho sakta hai. Ruk kar kharch karein.","25","Grey"
AQUARIUS,TODAY,8,"Aaj partner se koi purani baat chubh sakti hai, khul kar baat karein. Chhoti baat ko bada na banayein.","Career me aaj koi rukavat aa sakti hai, par dhairya se kaam lein. Koi purana project pura hoga.","Aaj mansik tanav ho sakta hai, meditation karein. Neend poori karein.","Aaj kisi dost se udhaar dene se bachein, warna paisa wapas nahi milega. Apne paise sambhal kar rakhein.","2","Blue"
AQUARIUS,TODAY,9,"Aaj prem jeevan me shanti rahegi, partner ka sahyog milega. Kisi shubh karyakram me shirkat karne ka mauka milega.","Aaj office me aapki yojana ko sarahna milegi. Team ke saath milkar kaam karein to safalta milegi.","Aaj pet aur digestion ka dhyan rakhein, ghar ka khana khayein. Paani adhik peeyein.","Aaj aarthik sthiti sudhregi, koi purana nivesh fal dega. Nayi yojana banayein.","14","Grey"
AQUARIUS,TODAY,10,"Aaj partner ke saath koi shubh samachar sunne ko milega. Rishta aur mazboot hoga.","Aaj career me naya mauka milega, interview ya meeting me safalta milegi. Confidence se baat karein.","Aaj sharir me halki sustee rahegi, vyayam karein. Bahar ka khana avoid karein.","Aaj paisa aayega par kharch bhi hoga. Kisi ko daan karein to punya milega.","21","Blue"
AQUARIUS,TODAY,11,"Aaj partner ki sehat ka dhyan rakhein, unke saath samay bitayein. Chhoti baat par jhagda na karein.","Aaj office me koi purana kaam pura hoga, senior khush honge. Naye project ki taiyari karein.","Aaj gale me halki kharish ho sakti hai, garm paani peekar rahat milegi. Zyada bolne se bachein.","Aaj koi purana lend wapas milega. Lekin naye nivesh se pehle achhi tarah soch lein.","27","Grey"
AQUARIUS,TODAY,12,"Aaj prem jeevan me utar-chadhav rahega, partner se baat karke sab theek ho jayega. Sabr rakhein.","Aaj career me thodi deri ho sakti hai, par kaam poora hoga. Kisi colleague ki madad karein.","Aaj sir dard ho sakta hai, stress kam karein. Paani adhik peeyein aur aaram karein.","Aaj kharcha tez hoga, kisi bade nivesh se bachein. Budget banayein aur usi me rahein.","6","Blue"
AQUARIUS,TODAY,13,"Aaj kisi purane rishte me nayi jaan aayegi, purane mitra se mulakat hogi. Dil ki baat kehne me jhijhak na karein.","Aaj office me aapki mehnat ki tareef hogi, promotion ke chances hain. Mehnat jaari rakhein.","Aaj sehat achhi rahegi, bas subah walk zaroor karein. Junk food avoid karein.","Aaj aarthik labh hoga, koi bonus ya gift mil sakta hai. Bachat par dhyan dein.","15","Grey"
AQUARIUS,TODAY,14,"Aaj partner ke saath koi naya plan banega, ghoomne ka mauka milega. Saath me samay bitayein.","Aaj career me koi naya mauka milega, turant haan na kahein. Soch samajh kar nirnay lein.","Aaj thodi thakan mehsoos hogi, aaram karein. Neend poori karein aur stress kam karein.","Aaj paisa aayega par kharch bhi hoga. Kisi zaruratmand ki madad karein, punya milega.","22","Blue"
AQUARIUS,TODAY,15,"Aaj prem jeevan me shanti rahegi, partner ka sahyog milega. Kisi shubh karyakram me shirkat karne ka mauka milega.","Aaj office me aapki yojana ko sarahna milegi. Team ke saath milkar kaam karein to safalta milegi.","Aaj pet aur digestion ka dhyan rakhein, ghar ka khana khayein. Paani adhik peeyein.","Aaj aarthik sthiti sudhregi, koi purana nivesh fal dega. Nayi yojana banayein.","9","Grey"
AQUARIUS,TODAY,16,"Aaj partner ke saath koi shubh samachar sunne ko milega. Rishta aur mazboot hoga.","Aaj career me naya mauka milega, interview ya meeting me safalta milegi. Confidence se baat karein.","Aaj sharir me halki sustee rahegi, vyayam karein. Bahar ka khana avoid karein.","Aaj paisa aayega par kharch bhi hoga. Kisi ko daan karein to punya milega.","30","Blue"
AQUARIUS,TODAY,17,"Aaj partner ki sehat ka dhyan rakhein, unke saath samay bitayein. Chhoti baat par jhagda na karein.","Aaj office me koi purana kaam pura hoga, senior khush honge. Naye project ki taiyari karein.","Aaj gale me halki kharish ho sakti hai, garm paani peekar rahat milegi. Zyada bolne se bachein.","Aaj koi purana lend wapas milega. Lekin naye nivesh se pehle achhi tarah soch lein.","10","Grey"
AQUARIUS,TODAY,18,"Aaj prem jeevan me utar-chadhav rahega, partner se baat karke sab theek ho jayega. Sabr rakhein.","Aaj career me thodi deri ho sakti hai, par kaam poora hoga. Kisi colleague ki madad karein.","Aaj sir dard ho sakta hai, stress kam karein. Paani adhik peeyein aur aaram karein.","Aaj kharcha tez hoga, kisi bade nivesh se bachein. Budget banayein aur usi me rahein.","17","Blue"
AQUARIUS,TODAY,19,"Aaj kisi purane rishte me nayi jaan aayegi, purane mitra se mulakat hogi. Dil ki baat kehne me jhijhak na karein.","Aaj office me aapki mehnat ki tareef hogi, promotion ke chances hain. Mehnat jaari rakhein.","Aaj sehat achhi rahegi, bas subah walk zaroor karein. Junk food avoid karein.","Aaj aarthik labh hoga, koi bonus ya gift mil sakta hai. Bachat par dhyan dein.","24","Grey"
AQUARIUS,TODAY,20,"Aaj partner ke saath koi naya plan banega, ghoomne ka mauka milega. Saath me samay bitayein.","Aaj career me koi naya mauka milega, turant haan na kahein. Soch samajh kar nirnay lein.","Aaj thodi thakan mehsoos hogi, aaram karein. Neend poori karein aur stress kam karein.","Aaj paisa aayega par kharch bhi hoga. Kisi zaruratmand ki madad karein, punya milega.","3","Blue"
AQUARIUS,TODAY,21,"Aaj prem jeevan me shanti rahegi, partner ka sahyog milega. Kisi shubh karyakram me shirkat karne ka mauka milega.","Aaj office me aapki yojana ko sarahna milegi. Team ke saath milkar kaam karein to safalta milegi.","Aaj pet aur digestion ka dhyan rakhein, ghar ka khana khayein. Paani adhik peeyein.","Aaj aarthik sthiti sudhregi, koi purana nivesh fal dega. Nayi yojana banayein.","13","Grey"
AQUARIUS,TODAY,22,"Aaj partner ke saath koi shubh samachar sunne ko milega. Rishta aur mazboot hoga.","Aaj career me naya mauka milega, interview ya meeting me safalta milegi. Confidence se baat karein.","Aaj sharir me halki sustee rahegi, vyayam karein. Bahar ka khana avoid karein.","Aaj paisa aayega par kharch bhi hoga. Kisi ko daan karein to punya milega.","20","Blue"
AQUARIUS,TODAY,23,"Aaj partner ki sehat ka dhyan rakhein, unke saath samay bitayein. Chhoti baat par jhagda na karein.","Aaj office me koi purana kaam pura hoga, senior khush honge. Naye project ki taiyari karein.","Aaj gale me halki kharish ho sakti hai, garm paani peekar rahat milegi. Zyada bolne se bachein.","Aaj koi purana lend wapas milega. Lekin naye nivesh se pehle achhi tarah soch lein.","28","Grey"
AQUARIUS,TODAY,24,"Aaj prem jeevan me utar-chadhav rahega, partner se baat karke sab theek ho jayega. Sabr rakhein.","Aaj career me thodi deri ho sakti hai, par kaam poora hoga. Kisi colleague ki madad karein.","Aaj sir dard ho sakta hai, stress kam karein. Paani adhik peeyein aur aaram karein.","Aaj kharcha tez hoga, kisi bade nivesh se bachein. Budget banayein aur usi me rahein.","5","Blue"
AQUARIUS,TODAY,25,"Aaj kisi purane rishte me nayi jaan aayegi, purane mitra se mulakat hogi. Dil ki baat kehne me jhijhak na karein.","Aaj office me aapki mehnat ki tareef hogi, promotion ke chances hain. Mehnat jaari rakhein.","Aaj sehat achhi rahegi, bas subah walk zaroor karein. Junk food avoid karein.","Aaj aarthik labh hoga, koi bonus ya gift mil sakta hai. Bachat par dhyan dein.","19","Grey"
AQUARIUS,TODAY,26,"Aaj partner ke saath koi naya plan banega, ghoomne ka mauka milega. Saath me samay bitayein.","Aaj career me koi naya mauka milega, turant haan na kahein. Soch samajh kar nirnay lein.","Aaj thodi thakan mehsoos hogi, aaram karein. Neend poori karein aur stress kam karein.","Aaj paisa aayega par kharch bhi hoga. Kisi zaruratmand ki madad karein, punya milega.","26","Blue"
AQUARIUS,TODAY,27,"Aaj prem jeevan me shanti rahegi, partner ka sahyog milega. Kisi shubh karyakram me shirkat karne ka mauka milega.","Aaj office me aapki yojana ko sarahna milegi. Team ke saath milkar kaam karein to safalta milegi.","Aaj pet aur digestion ka dhyan rakhein, ghar ka khana khayein. Paani adhik peeyein.","Aaj aarthik sthiti sudhregi, koi purana nivesh fal dega. Nayi yojana banayein.","1","Grey"
AQUARIUS,TODAY,28,"Aaj partner ke saath koi shubh samachar sunne ko milega. Rishta aur mazboot hoga.","Aaj career me naya mauka milega, interview ya meeting me safalta milegi. Confidence se baat karein.","Aaj sharir me halki sustee rahegi, vyayam karein. Bahar ka khana avoid karein.","Aaj paisa aayega par kharch bhi hoga. Kisi ko daan karein to punya milega.","11","Blue"
AQUARIUS,TODAY,29,"Aaj partner ki sehat ka dhyan rakhein, unke saath samay bitayein. Chhoti baat par jhagda na karein.","Aaj office me koi purana kaam pura hoga, senior khush honge. Naye project ki taiyari karein.","Aaj gale me halki kharish ho sakti hai, garm paani peekar rahat milegi. Zyada bolne se bachein.","Aaj koi purana lend wapas milega. Lekin naye nivesh se pehle achhi tarah soch lein.","7","Grey"
AQUARIUS,YESTERDAY,0,"Kal partner ke saath samay bitane ka mauka mila tha, purani galatfehmi door hui. Dil ki baat khul kar kehna rishte ko mazboot banata hai.","Kal career me koi naya kaam shuru karne ka mauka mila tha, senior ka sahyog mila. Jaldbazi na karna hi samajhdari hai.","Kal sehat achhi rahi, subah walk ka fayda mila. Thanda aur fried khane se bachna chahiye.","Kal paisa aaya, kisi purane lend ka paisa wapas mila. Lekin faltu kharch se bachna chahiye.","",""
AQUARIUS,YESTERDAY,1,"Kal prem jeevan me nayi urja aayi, koi purana mitra mila. Partner ki baat dhyan se sunni chahiye thi.","Kal office me mehnat ki tareef hui, promotion ke chances bane. Colleagues ke saath milkar kaam karna faydemand raha.","Kal thodi thakan mehsoos hui, aaram karna zaroori tha. Paani adhik peena aur stress kam karna chahiye.","Kal kharcha thoda zyada ho gaya, budget banane ki zarurat thi. Naye nivesh se pehle soch-vichar karna chahiye.","",""
AQUARIUS,YESTERDAY,2,"Kal partner ke saath koi purana mamla sulah hua. Rishte me vishwas badha aur madhurta aayi.","Kal career me koi rukavat aayi thi, dhairya rakhna zaroori tha. Kisi colleague se salah lena faydemand raha.","Kal gale aur sans me halki takleef hui. Garm kapde pehenna aur thanda na khana chahiye.","Kal paisa aaya par kharch bhi hua. Kisi zaruratmand ki madad karne se punya mila.","",""
AQUARIUS,YESTERDAY,3,"Kal kisi khaas insaan se mulaqat hui jo din bana gayi. Purane jhagde sulah ho gaye.","Kal office me raay ko mahatva mila. Kisi naye project ki zimmedari mili.","Kal sehat ke liye halka vyayam karna aur khub paani peena faydemand raha. Sir dard ho sakta tha.","Kal aarthik sthiti majboot rahi, koi purana karz chukane ka mauka mila.","",""
AQUARIUS,YESTERDAY,4,"Kal partner ke saath chhoti baat par takraar hui thi, shaant rehna chahiye tha. Raat ko sulah ho gayi.","Kal career me koi naya mauka mila, turant haan nahi kehna chahiye tha. Soch samajh kar nirnay lena chahiye.","Kal pet me halki gadbad hui, halka khana khana chahiye tha. Bahar ka khana avoid karna chahiye.","Kal paisa haath me aaya par kharch bhi tez hua. Bachat par dhyan dena chahiye tha.","",""
AQUARIUS,YESTERDAY,5,"Kal prem jeevan me madhurta rahi, partner ke saath ghoomne ka mauka mila. Kisi purane mitra se mulakat hui.","Kal office me mehnat ki sarahna hui. Senior ne baat maani, confidence rakhna chahiye tha.","Kal urja se bharpur rahe, vyayam karne ka mann kiya. Lekin zyada garmi se bachna chahiye tha.","Kal kisi naye kaam me nivesh karne ka mauka mila, soch samajh kar haan kehna chahiye tha.","",""
AQUARIUS,YESTERDAY,6,"Kal partner ke saath koi naya rishta shuru hua ya purana gahra hua. Dil ki baat kehne me jhijhak nahi karni chahiye thi.","Kal career me thodi bhaag-daud rahi, meetings me vyast rahe. Jaldbazi me galti nahi karni chahiye thi.","Kal jodon me halka dard hua, aaram karna chahiye tha. Subah ki dhoop faydemand rahi.","Kal aarthik labh hua, koi bonus ya gift mila. Lekin kharch par niyantran rakhna chahiye tha.","",""
AQUARIUS,YESTERDAY,7,"Kal partner ne surprise diya, prem me nayi urja aayi. Saath me kuch naya try karna chahiye tha.","Kal career me koi bada faisla lena pada, savdhani se sochna chahiye tha. Kisi anubhavi se salah leni chahiye thi.","Kal sehat achhi rahi, bas subah ka nashta skip nahi karna chahiye tha. Fresh fruit khane chahiye the.","Kal paisa aaya par kisi anavashyak cheez par kharch ho gaya. Ruk kar kharch karna chahiye tha.","",""
AQUARIUS,YESTERDAY,8,"Kal partner se koi purani baat chubhi thi, khul kar baat karni chahiye thi. Chhoti baat ko bada nahi banana chahiye tha.","Kal career me koi rukavat aayi, par dhairya se kaam liya. Koi purana project pura hua.","Kal mansik tanav hua, meditation karna chahiye tha. Neend poori karni chahiye thi.","Kal kisi dost se udhaar dena nahi chahiye tha, warna paisa wapas nahi milta. Apne paise sambhal kar rakhne chahiye the.","",""
AQUARIUS,YESTERDAY,9,"Kal prem jeevan me shanti rahi, partner ka sahyog mila. Kisi shubh karyakram me shirkat karne ka mauka mila.","Kal office me yojana ko sarahna mili. Team ke saath milkar kaam karne se safalta mili.","Kal pet aur digestion ka dhyan rakhna chahiye tha, ghar ka khana khana chahiye tha. Paani adhik peena chahiye tha.","Kal aarthik sthiti sudhri, koi purana nivesh fal diya. Nayi yojana banani chahiye thi.","",""
AQUARIUS,YESTERDAY,10,"Kal partner ke saath koi shubh samachar sunne ko mila. Rishta aur mazboot hua.","Kal career me naya mauka mila, interview ya meeting me safalta mili. Confidence se baat karni chahiye thi.","Kal sharir me halki sustee rahi, vyayam karna chahiye tha. Bahar ka khana avoid karna chahiye tha.","Kal paisa aaya par kharch bhi hua. Kisi ko daan karne se punya mila.","",""
AQUARIUS,YESTERDAY,11,"Kal partner ki sehat ka dhyan rakhna chahiye tha, unke saath samay bitana chahiye tha. Chhoti baat par jhagda nahi karna chahiye tha.","Kal office me koi purana kaam pura hua, senior khush hue. Naye project ki taiyari karni chahiye thi.","Kal gale me halki kharish hui, garm paani peekar rahat mili. Zyada bolne se bachna chahiye tha.","Kal koi purana lend wapas mila. Lekin naye nivesh se pehle achhi tarah sochna chahiye tha.","",""
AQUARIUS,YESTERDAY,12,"Kal prem jeevan me utar-chadhav raha, partner se baat karke sab theek ho gaya. Sabr rakhna chahiye tha.","Kal career me thodi deri hui, par kaam poora hua. Kisi colleague ki madad karni chahiye thi.","Kal sir dard hua, stress kam karna chahiye tha. Paani adhik peena aur aaram karna chahiye tha.","Kal kharcha tez hua, kisi bade nivesh se bachna chahiye tha. Budget banakar usi me rehna chahiye tha.","",""
AQUARIUS,YESTERDAY,13,"Kal kisi purane rishte me nayi jaan aayi, purane mitra se mulakat hui. Dil ki baat kehne me jhijhak nahi karni chahiye thi.","Kal office me mehnat ki tareef hui, promotion ke chances bane. Mehnat jaari rakhni chahiye thi.","Kal sehat achhi rahi, bas subah walk karni chahiye thi. Junk food avoid karna chahiye tha.","Kal aarthik labh hua, koi bonus ya gift mila. Bachat par dhyan dena chahiye tha.","",""
AQUARIUS,YESTERDAY,14,"Kal partner ke saath koi naya plan bana, ghoomne ka mauka mila. Saath me samay bitana chahiye tha.","Kal career me koi naya mauka mila, turant haan nahi kehna chahiye tha. Soch samajh kar nirnay lena chahiye tha.","Kal thodi thakan mehsoos hui, aaram karna chahiye tha. Neend poori karni chahiye thi aur stress kam karna chahiye tha.","Kal paisa aaya par kharch bhi hua. Kisi zaruratmand ki madad karne se punya mila.","",""
AQUARIUS,YESTERDAY,15,"Kal prem jeevan me shanti rahi, partner ka sahyog mila. Kisi shubh karyakram me shirkat karne ka mauka mila.","Kal office me yojana ko sarahna mili. Team ke saath milkar kaam karne se safalta mili.","Kal pet aur digestion ka dhyan rakhna chahiye tha, ghar ka khana khana chahiye tha. Paani adhik peena chahiye tha.","Kal aarthik sthiti sudhri, koi purana nivesh fal diya. Nayi yojana banani chahiye thi.","",""
AQUARIUS,YESTERDAY,16,"Kal partner ke saath koi shubh samachar sunne ko mila. Rishta aur mazboot hua.","Kal career me naya mauka mila, interview ya meeting me safalta mili. Confidence se baat karni chahiye thi.","Kal sharir me halki sustee rahi, vyayam karna chahiye tha. Bahar ka khana avoid karna chahiye tha.","Kal paisa aaya par kharch bhi hua. Kisi ko daan karne se punya mila.","",""
AQUARIUS,YESTERDAY,17,"Kal partner ki sehat ka dhyan rakhna chahiye tha, unke saath samay bitana chahiye tha. Chhoti baat par jhagda nahi karna chahiye tha.","Kal office me koi purana kaam pura hua, senior khush hue. Naye project ki taiyari karni chahiye thi.","Kal gale me halki kharish hui, garm paani peekar rahat mili. Zyada bolne se bachna chahiye tha.","Kal koi purana lend wapas mila. Lekin naye nivesh se pehle achhi tarah sochna chahiye tha.","",""
AQUARIUS,YESTERDAY,18,"Kal prem jeevan me utar-chadhav raha, partner se baat karke sab theek ho gaya. Sabr rakhna chahiye tha.","Kal career me thodi deri hui, par kaam poora hua. Kisi colleague ki madad karni chahiye thi.","Kal sir dard hua, stress kam karna chahiye tha. Paani adhik peena aur aaram karna chahiye tha.","Kal kharcha tez hua, kisi bade nivesh se bachna chahiye tha. Budget banakar usi me rehna chahiye tha.","",""
AQUARIUS,YESTERDAY,19,"Kal kisi purane rishte me nayi jaan aayi, purane mitra se mulakat hui. Dil ki baat kehne me jhijhak nahi karni chahiye thi.","Kal office me mehnat ki tareef hui, promotion ke chances bane. Mehnat jaari rakhni chahiye thi.","Kal sehat achhi rahi, bas subah walk karni chahiye thi. Junk food avoid karna chahiye tha.","Kal aarthik labh hua, koi bonus ya gift mila. Bachat par dhyan dena chahiye tha.","",""
AQUARIUS,YESTERDAY,20,"Kal partner ke saath koi naya plan bana, ghoomne ka mauka mila. Saath me samay bitana chahiye tha.","Kal career me koi naya mauka mila, turant haan nahi kehna chahiye tha. Soch samajh kar nirnay lena chahiye tha.","Kal thodi thakan mehsoos hui, aaram karna chahiye tha. Neend poori karni chahiye thi aur stress kam karna chahiye tha.","Kal paisa aaya par kharch bhi hua. Kisi zaruratmand ki madad karne se punya mila.","",""
AQUARIUS,YESTERDAY,21,"Kal prem jeevan me shanti rahi, partner ka sahyog mila. Kisi shubh karyakram me shirkat karne ka mauka mila.","Kal office me yojana ko sarahna mili. Team ke saath milkar kaam karne se safalta mili.","Kal pet aur digestion ka dhyan rakhna chahiye tha, ghar ka khana khana chahiye tha. Paani adhik peena chahiye tha.","Kal aarthik sthiti sudhri, koi purana nivesh fal diya. Nayi yojana banani chahiye thi.","",""
AQUARIUS,YESTERDAY,22,"Kal partner ke saath koi shubh samachar sunne ko mila. Rishta aur mazboot hua.","Kal career me naya mauka mila, interview ya meeting me safalta mili. Confidence se baat karni chahiye thi.","Kal sharir me halki sustee rahi, vyayam karna chahiye tha. Bahar ka khana avoid karna chahiye tha.","Kal paisa aaya par kharch bhi hua. Kisi ko daan karne se punya mila.","",""
AQUARIUS,YESTERDAY,23,"Kal partner ki sehat ka dhyan rakhna chahiye tha, unke saath samay bitana chahiye tha. Chhoti baat par jhagda nahi karna chahiye tha.","Kal office me koi purana kaam pura hua, senior khush hue. Naye project ki taiyari karni chahiye thi.","Kal gale me halki kharish hui, garm paani peekar rahat mili. Zyada bolne se bachna chahiye tha.","Kal koi purana lend wapas mila. Lekin naye nivesh se pehle achhi tarah sochna chahiye tha.","",""
AQUARIUS,YESTERDAY,24,"Kal prem jeevan me utar-chadhav raha, partner se baat karke sab theek ho gaya. Sabr rakhna chahiye tha.","Kal career me thodi deri hui, par kaam poora hua. Kisi colleague ki madad karni chahiye thi.","Kal sir dard hua, stress kam karna chahiye tha. Paani adhik peena aur aaram karna chahiye tha.","Kal kharcha tez hua, kisi bade nivesh se bachna chahiye tha. Budget banakar usi me rehna chahiye tha.","",""
AQUARIUS,YESTERDAY,25,"Kal kisi purane rishte me nayi jaan aayi, purane mitra se mulakat hui. Dil ki baat kehne me jhijhak nahi karni chahiye thi.","Kal office me mehnat ki tareef hui, promotion ke chances bane. Mehnat jaari rakhni chahiye thi.","Kal sehat achhi rahi, bas subah walk karni chahiye thi. Junk food avoid karna chahiye tha.","Kal aarthik labh hua, koi bonus ya gift mila. Bachat par dhyan dena chahiye tha.","",""
AQUARIUS,YESTERDAY,26,"Kal partner ke saath koi naya plan bana, ghoomne ka mauka mila. Saath me samay bitana chahiye tha.","Kal career me koi naya mauka mila, turant haan nahi kehna chahiye tha. Soch samajh kar nirnay lena chahiye tha.","Kal thodi thakan mehsoos hui, aaram karna chahiye tha. Neend poori karni chahiye thi aur stress kam karna chahiye tha.","Kal paisa aaya par kharch bhi hua. Kisi zaruratmand ki madad karne se punya mila.","",""
AQUARIUS,YESTERDAY,27,"Kal prem jeevan me shanti rahi, partner ka sahyog mila. Kisi shubh karyakram me shirkat karne ka mauka mila.","Kal office me yojana ko sarahna mili. Team ke saath milkar kaam karne se safalta mili.","Kal pet aur digestion ka dhyan rakhna chahiye tha, ghar ka khana khana chahiye tha. Paani adhik peena chahiye tha.","Kal aarthik sthiti sudhri, koi purana nivesh fal diya. Nayi yojana banani chahiye thi.","",""
AQUARIUS,YESTERDAY,28,"Kal partner ke saath koi shubh samachar sunne ko mila. Rishta aur mazboot hua.","Kal career me naya mauka mila, interview ya meeting me safalta mili. Confidence se baat karni chahiye thi.","Kal sharir me halki sustee rahi, vyayam karna chahiye tha. Bahar ka khana avoid karna chahiye tha.","Kal paisa aaya par kharch bhi hua. Kisi ko daan karne se punya mila.","",""
AQUARIUS,YESTERDAY,29,"Kal partner ki sehat ka dhyan rakhna chahiye tha, unke saath samay bitana chahiye tha. Chhoti baat par jhagda nahi karna chahiye tha.","Kal office me koi purana kaam pura hua, senior khush hue. Naye project ki taiyari karni chahiye thi.","Kal gale me halki kharish hui, garm paani peekar rahat mili. Zyada bolne se bachna chahiye tha.","Kal koi purana lend wapas mila. Lekin naye nivesh se pehle achhi tarah sochna chahiye tha.","",""
AQUARIUS,TOMORROW,0,"Kal partner ke saath samay bitane ka mauka milega, purani galatfehmi door hogi. Dil ki baat khul kar kehna rishte ko mazboot banayega.","Kal career me koi naya kaam shuru karne ka mauka mil sakta hai, senior ka sahyog milega. Jaldbazi na karein.","Kal sehat achhi rahegi, subah walk zaroor karein. Thanda aur fried khane se bachein.","Kal paisa aayega, kisi purane lend ka paisa wapas mil sakta hai. Lekin faltu kharch se bachein.","",""
AQUARIUS,TOMORROW,1,"Kal prem jeevan me nayi urja aayegi, koi purana mitra mil sakta hai. Partner ki baat dhyan se sunein.","Kal office me mehnat ki tareef hogi, promotion ke chances hain. Colleagues ke saath milkar kaam karein.","Kal thodi thakan mehsoos hogi, aaram karein. Paani adhik peeyein aur stress kam karein.","Kal kharcha thoda zyada ho sakta hai, budget banayein. Naye nivesh se pehle soch-vichar karein.","",""
AQUARIUS,TOMORROW,2,"Kal partner ke saath koi purana mamla sulah ho sakta hai. Rishte me vishwas badhega aur madhurta aayegi.","Kal career me koi rukavat aa sakti hai, dhairya rakhein. Kisi colleague se salah lein to fayda hoga.","Kal gale aur sans me halki takleef ho sakti hai. Garm kapde pehnein aur thanda na khayein.","Kal paisa aayega par kharch bhi hoga. Kisi zaruratmand ki madad karein, punya milega.","",""
AQUARIUS,TOMORROW,3,"Kal kisi khaas insaan se mulaqat hogi jo din bana degi. Purane jhagde sulah ho sakte hain.","Kal office me raay ko mahatva milega. Kisi naye project ki zimmedari mil sakti hai.","Kal sehat ke liye halka vyayam karein aur khub paani peeyein. Sir dard ho sakta hai.","Kal aarthik sthiti majboot rahegi, koi purana karz chukane ka mauka milega.","",""
AQUARIUS,TOMORROW,4,"Kal partner ke saath chhoti baat par takraar ho sakti hai, shaant rahein. Raat ko sulah ho jayegi.","Kal career me koi naya mauka milega, turant haan na kahein. Soch samajh kar nirnay lein.","Kal pet me halki gadbad ho sakti hai, halka khana khayein. Bahar ka khana avoid karein.","Kal paisa haath me aayega par kharch bhi tez hoga. Bachat par dhyan dein.","",""
AQUARIUS,TOMORROW,5,"Kal prem jeevan me madhurta rahegi, partner ke saath ghoomne ka mauka milega. Kisi purane mitra se mulakat hogi.","Kal office me mehnat ki sarahna hogi. Senior aapki baat maanenge, confidence rakhein.","Kal urja se bharpur rahenge, vyayam karne ka mann karega. Lekin zyada garmi se bachein.","Kal kisi naye kaam me nivesh karne ka mauka milega, soch samajh kar haan kahein.","",""
AQUARIUS,TOMORROW,6,"Kal partner ke saath koi naya rishta shuru ho sakta hai ya purana gahra ho sakta hai. Dil ki baat kehne me jhijhak na karein.","Kal career me thodi bhaag-daud rahegi, meetings me vyast rahenge. Jaldbazi me galti na karein.","Kal jodon me halka dard ho sakta hai, aaram karein. Subah ki dhoop faydemand hai.","Kal aarthik labh hoga, koi bonus ya gift mil sakta hai. Lekin kharch par niyantran rakhein.","",""
AQUARIUS,TOMORROW,7,"Kal partner aapko surprise de sakta hai, prem me nayi urja aayegi. Saath me kuch naya try karein.","Kal career me koi bada faisla lena pad sakta hai, savdhani se sochein. Kisi anubhavi se salah lein.","Kal sehat achhi rahegi, bas subah ka nashta skip na karein. Fresh fruit khayein.","Kal paisa aayega par kisi anavashyak cheez par kharch ho sakta hai. Ruk kar kharch karein.","",""
AQUARIUS,TOMORROW,8,"Kal partner se koi purani baat chubh sakti hai, khul kar baat karein. Chhoti baat ko bada na banayein.","Kal career me koi rukavat aa sakti hai, par dhairya se kaam lein. Koi purana project pura hoga.","Kal mansik tanav ho sakta hai, meditation karein. Neend poori karein.","Kal kisi dost se udhaar dene se bachein, warna paisa wapas nahi milega. Apne paise sambhal kar rakhein.","",""
AQUARIUS,TOMORROW,9,"Kal prem jeevan me shanti rahegi, partner ka sahyog milega. Kisi shubh karyakram me shirkat karne ka mauka milega.","Kal office me yojana ko sarahna milegi. Team ke saath milkar kaam karein to safalta milegi.","Kal pet aur digestion ka dhyan rakhein, ghar ka khana khayein. Paani adhik peeyein.","Kal aarthik sthiti sudhregi, koi purana nivesh fal dega. Nayi yojana banayein.","",""
AQUARIUS,TOMORROW,10,"Kal partner ke saath koi shubh samachar sunne ko milega. Rishta aur mazboot hoga.","Kal career me naya mauka milega, interview ya meeting me safalta milegi. Confidence se baat karein.","Kal sharir me halki sustee rahegi, vyayam karein. Bahar ka khana avoid karein.","Kal paisa aayega par kharch bhi hoga. Kisi ko daan karein to punya milega.","",""
AQUARIUS,TOMORROW,11,"Kal partner ki sehat ka dhyan rakhein, unke saath samay bitayein. Chhoti baat par jhagda na karein.","Kal office me koi purana kaam pura hoga, senior khush honge. Naye project ki taiyari karein.","Kal gale me halki kharish ho sakti hai, garm paani peekar rahat milegi. Zyada bolne se bachein.","Kal koi purana lend wapas milega. Lekin naye nivesh se pehle achhi tarah soch lein.","",""
AQUARIUS,TOMORROW,12,"Kal prem jeevan me utar-chadhav rahega, partner se baat karke sab theek ho jayega. Sabr rakhein.","Kal career me thodi deri ho sakti hai, par kaam poora hoga. Kisi colleague ki madad karein.","Kal sir dard ho sakta hai, stress kam karein. Paani adhik peeyein aur aaram karein.","Kal kharcha tez hoga, kisi bade nivesh se bachein. Budget banayein aur usi me rahein.","",""
AQUARIUS,TOMORROW,13,"Kal kisi purane rishte me nayi jaan aayegi, purane mitra se mulakat hogi. Dil ki baat kehne me jhijhak na karein.","Kal office me mehnat ki tareef hogi, promotion ke chances hain. Mehnat jaari rakhein.","Kal sehat achhi rahegi, bas subah walk zaroor karein. Junk food avoid karein.","Kal aarthik labh hoga, koi bonus ya gift mil sakta hai. Bachat par dhyan dein.","",""
AQUARIUS,TOMORROW,14,"Kal partner ke saath koi naya plan banega, ghoomne ka mauka milega. Saath me samay bitayein.","Kal career me koi naya mauka milega, turant haan na kahein. Soch samajh kar nirnay lein.","Kal thodi thakan mehsoos hogi, aaram karein. Neend poori karein aur stress kam karein.","Kal paisa aayega par kharch bhi hoga. Kisi zaruratmand ki madad karein, punya milega.","",""
AQUARIUS,TOMORROW,15,"Kal prem jeevan me shanti rahegi, partner ka sahyog milega. Kisi shubh karyakram me shirkat karne ka mauka milega.","Kal office me yojana ko sarahna milegi. Team ke saath milkar kaam karein to safalta milegi.","Kal pet aur digestion ka dhyan rakhein, ghar ka khana khayein. Paani adhik peeyein.","Kal aarthik sthiti sudhregi, koi purana nivesh fal dega. Nayi yojana banayein.","",""
AQUARIUS,TOMORROW,16,"Kal partner ke saath koi shubh samachar sunne ko milega. Rishta aur mazboot hoga.","Kal career me naya mauka milega, interview ya meeting me safalta milegi. Confidence se baat karein.","Kal sharir me halki sustee rahegi, vyayam karein. Bahar ka khana avoid karein.","Kal paisa aayega par kharch bhi hoga. Kisi ko daan karein to punya milega.","",""
AQUARIUS,TOMORROW,17,"Kal partner ki sehat ka dhyan rakhein, unke saath samay bitayein. Chhoti baat par jhagda na karein.","Kal office me koi purana kaam pura hoga, senior khush honge. Naye project ki taiyari karein.","Kal gale me halki kharish ho sakti hai, garm paani peekar rahat milegi. Zyada bolne se bachein.","Kal koi purana lend wapas milega. Lekin naye nivesh se pehle achhi tarah soch lein.","",""
AQUARIUS,TOMORROW,18,"Kal prem jeevan me utar-chadhav rahega, partner se baat karke sab theek ho jayega. Sabr rakhein.","Kal career me thodi deri ho sakti hai, par kaam poora hoga. Kisi colleague ki madad karein.","Kal sir dard ho sakta hai, stress kam karein. Paani adhik peeyein aur aaram karein.","Kal kharcha tez hoga, kisi bade nivesh se bachein. Budget banayein aur usi me rahein.","",""
AQUARIUS,TOMORROW,19,"Kal kisi purane rishte me nayi jaan aayegi, purane mitra se mulakat hogi. Dil ki baat kehne me jhijhak na karein.","Kal office me mehnat ki tareef hogi, promotion ke chances hain. Mehnat jaari rakhein.","Kal sehat achhi rahegi, bas subah walk zaroor karein. Junk food avoid karein.","Kal aarthik labh hoga, koi bonus ya gift mil sakta hai. Bachat par dhyan dein.","",""
AQUARIUS,TOMORROW,20,"Kal partner ke saath koi naya plan banega, ghoomne ka mauka milega. Saath me samay bitayein.","Kal career me koi naya mauka milega, turant haan na kahein. Soch samajh kar nirnay lein.","Kal thodi thakan mehsoos hogi, aaram karein. Neend poori karein aur stress kam karein.","Kal paisa aayega par kharch bhi hoga. Kisi zaruratmand ki madad karein, punya milega.","",""
AQUARIUS,TOMORROW,21,"Kal prem jeevan me shanti rahegi, partner ka sahyog milega. Kisi shubh karyakram me shirkat karne ka mauka milega.","Kal office me yojana ko sarahna milegi. Team ke saath milkar kaam karein to safalta milegi.","Kal pet aur digestion ka dhyan rakhein, ghar ka khana khayein. Paani adhik peeyein.","Kal aarthik sthiti sudhregi, koi purana nivesh fal dega. Nayi yojana banayein.","",""
AQUARIUS,TOMORROW,22,"Kal partner ke saath koi shubh samachar sunne ko milega. Rishta aur mazboot hoga.","Kal career me naya mauka milega, interview ya meeting me safalta milegi. Confidence se baat karein.","Kal sharir me halki sustee rahegi, vyayam karein. Bahar ka khana avoid karein.","Kal paisa aayega par kharch bhi hoga. Kisi ko daan karein to punya milega.","",""
AQUARIUS,TOMORROW,23,"Kal partner ki sehat ka dhyan rakhein, unke saath samay bitayein. Chhoti baat par jhagda na karein.","Kal office me koi purana kaam pura hoga, senior khush honge. Naye project ki taiyari karein.","Kal gale me halki kharish ho sakti hai, garm paani peekar rahat milegi. Zyada bolne se bachein.","Kal koi purana lend wapas milega. Lekin naye nivesh se pehle achhi tarah soch lein.","",""
AQUARIUS,TOMORROW,24,"Kal prem jeevan me utar-chadhav rahega, partner se baat karke sab theek ho jayega. Sabr rakhein.","Kal career me thodi deri ho sakti hai, par kaam poora hoga. Kisi colleague ki madad karein.","Kal sir dard ho sakta hai, stress kam karein. Paani adhik peeyein aur aaram karein.","Kal kharcha tez hoga, kisi bade nivesh se bachein. Budget banayein aur usi me rahein.","",""
AQUARIUS,TOMORROW,25,"Kal kisi purane rishte me nayi jaan aayegi, purane mitra se mulakat hogi. Dil ki baat kehne me jhijhak na karein.","Kal office me mehnat ki tareef hogi, promotion ke chances hain. Mehnat jaari rakhein.","Kal sehat achhi rahegi, bas subah walk zaroor karein. Junk food avoid karein.","Kal aarthik labh hoga, koi bonus ya gift mil sakta hai. Bachat par dhyan dein.","",""
AQUARIUS,TOMORROW,26,"Kal partner ke saath koi naya plan banega, ghoomne ka mauka milega. Saath me samay bitayein.","Kal career me koi naya mauka milega, turant haan na kahein. Soch samajh kar nirnay lein.","Kal thodi thakan mehsoos hogi, aaram karein. Neend poori karein aur stress kam karein.","Kal paisa aayega par kharch bhi hoga. Kisi zaruratmand ki madad karein, punya milega.","",""
AQUARIUS,TOMORROW,27,"Kal prem jeevan me shanti rahegi, partner ka sahyog milega. Kisi shubh karyakram me shirkat karne ka mauka milega.","Kal office me yojana ko sarahna milegi. Team ke saath milkar kaam karein to safalta milegi.","Kal pet aur digestion ka dhyan rakhein, ghar ka khana khayein. Paani adhik peeyein.","Kal aarthik sthiti sudhregi, koi purana nivesh fal dega. Nayi yojana banayein.","",""
AQUARIUS,TOMORROW,28,"Kal partner ke saath koi shubh samachar sunne ko milega. Rishta aur mazboot hoga.","Kal career me naya mauka milega, interview ya meeting me safalta milegi. Confidence se baat karein.","Kal sharir me halki sustee rahegi, vyayam karein. Bahar ka khana avoid karein.","Kal paisa aayega par kharch bhi hoga. Kisi ko daan karein to punya milega.","",""
AQUARIUS,TOMORROW,29,"Kal partner ki sehat ka dhyan rakhein, unke saath samay bitayein. Chhoti baat par jhagda na karein.","Kal office me koi purana kaam pura hoga, senior khush honge. Naye project ki taiyari karein.","Kal gale me halki kharish ho sakti hai, garm paani peekar rahat milegi. Zyada bolne se bachein.","Kal koi purana lend wapas milega. Lekin naye nivesh se pehle achhi tarah soch lein.","",""
AQUARIUS,WEEKLY,0,"Is hafte prem jeevan me madhurta rahegi, partner ke saath samay bitane ka mauka milega. Kisi purane mitra se mulakat hogi.","Is hafte career me naya project milega, senior ka sahyog rahega. Mehnat ka fal zaroor milega.","Is hafte sehat achhi rahegi, bas subah walk aur halka vyayam karein. Junk food avoid karein.","Is hafte aarthik labh hoga, koi purana lend wapas milega. Lekin budget banakar chalein.","",""
AQUARIUS,WEEKLY,1,"Is hafte partner ke saath koi purana mamla sulah ho sakta hai. Rishte me vishwas badhega aur prem gahra hoga.","Is hafte office me aapki mehnat ki tareef hogi, promotion ke chances hain. Team ke saath milkar kaam karein.","Is hafte thodi thakan mehsoos hogi, aaram karein aur neend poori karein. Paani adhik peeyein.","Is hafte kharcha thoda zyada hoga, savdhani rakhein. Kisi naye nivesh se pehle soch-vichar karein.","",""
AQUARIUS,WEEKLY,2,"Is hafte kisi khaas insaan se mulaqat hogi jo dil ko khush kar degi. Purane jhagde sulah ho sakte hain.","Is hafte career me koi rukavat aa sakti hai, dhairya rakhein. Kisi colleague se salah lena faydemand hoga.","Is hafte gale aur sans me halki takleef ho sakti hai. Garm kapde pehnein aur thanda na khayein.","Is hafte paisa aayega par kharch bhi hoga. Kisi zaruratmand ki madad karein, punya milega.","",""
AQUARIUS,WEEKLY,3,"Is hafte prem jeevan me shanti rahegi, partner ka sahyog milega. Kisi shubh karyakram me shirkat karne ka mauka milega.","Is hafte office me aapki yojana ko sarahna milegi. Naye project ki zimmedari mil sakti hai.","Is hafte sehat ke liye halka vyayam karein aur khub paani peeyein. Sir dard se bachein.","Is hafte aarthik sthiti majboot rahegi, koi purana karz chukane ka mauka milega.","",""
AQUARIUS,WEEKLY,4,"Is hafte partner ke saath chhoti baat par takraar ho sakti hai, shaant rahein. Hafte ke ant me sulah ho jayegi.","Is hafte career me koi naya mauka milega, turant haan na kahein. Soch samajh kar nirnay lein.","Is hafte pet me halki gadbad ho sakti hai, halka khana khayein. Bahar ka khana avoid karein.","Is hafte paisa haath me aayega par kharch bhi tez hoga. Bachat par dhyan dein.","",""
AQUARIUS,WEEKLY,5,"Is hafte prem jeevan me madhurta rahegi, partner ke saath ghoomne ka mauka milega. Kisi purane mitra se mulakat hogi.","Is hafte office me mehnat ki sarahna hogi. Senior aapki baat maanenge, confidence rakhein.","Is hafte urja se bharpur rahenge, vyayam karne ka mann karega. Lekin zyada garmi se bachein.","Is hafte kisi naye kaam me nivesh karne ka mauka milega, soch samajh kar haan kahein.","",""
AQUARIUS,WEEKLY,6,"Is hafte partner ke saath koi naya rishta shuru ho sakta hai ya purana gahra ho sakta hai. Dil ki baat kehne me jhijhak na karein.","Is hafte career me thodi bhaag-daud rahegi, meetings me vyast rahenge. Jaldbazi me galti na karein.","Is hafte jodon me halka dard ho sakta hai, aaram karein. Subah ki dhoop faydemand hai.","Is hafte aarthik labh hoga, koi bonus ya gift mil sakta hai. Lekin kharch par niyantran rakhein.","",""
AQUARIUS,WEEKLY,7,"Is hafte partner aapko surprise de sakta hai, prem me nayi urja aayegi. Saath me kuch naya try karein.","Is hafte career me koi bada faisla lena pad sakta hai, savdhani se sochein. Kisi anubhavi se salah lein.","Is hafte sehat achhi rahegi, bas subah ka nashta skip na karein. Fresh fruit khayein.","Is hafte paisa aayega par kisi anavashyak cheez par kharch ho sakta hai. Ruk kar kharch karein.","",""
AQUARIUS,WEEKLY,8,"Is hafte partner se koi purani baat chubh sakti hai, khul kar baat karein. Chhoti baat ko bada na banayein.","Is hafte career me koi rukavat aa sakti hai, par dhairya se kaam lein. Koi purana project pura hoga.","Is hafte mansik tanav ho sakta hai, meditation karein. Neend poori karein.","Is hafte kisi dost se udhaar dene se bachein, warna paisa wapas nahi milega. Apne paise sambhal kar rakhein.","",""
AQUARIUS,WEEKLY,9,"Is hafte prem jeevan me shanti rahegi, partner ka sahyog milega. Kisi shubh karyakram me shirkat karne ka mauka milega.","Is hafte office me yojana ko sarahna milegi. Team ke saath milkar kaam karein to safalta milegi.","Is hafte pet aur digestion ka dhyan rakhein, ghar ka khana khayein. Paani adhik peeyein.","Is hafte aarthik sthiti sudhregi, koi purana nivesh fal dega. Nayi yojana banayein.","",""
AQUARIUS,WEEKLY,10,"Is hafte partner ke saath koi shubh samachar sunne ko milega. Rishta aur mazboot hoga.","Is hafte career me naya mauka milega, interview ya meeting me safalta milegi. Confidence se baat karein.","Is hafte sharir me halki sustee rahegi, vyayam karein. Bahar ka khana avoid karein.","Is hafte paisa aayega par kharch bhi hoga. Kisi ko daan karein to punya milega.","",""
AQUARIUS,WEEKLY,11,"Is hafte partner ki sehat ka dhyan rakhein, unke saath samay bitayein. Chhoti baat par jhagda na karein.","Is hafte office me koi purana kaam pura hoga, senior khush honge. Naye project ki taiyari karein.","Is hafte gale me halki kharish ho sakti hai, garm paani peekar rahat milegi. Zyada bolne se bachein.","Is hafte koi purana lend wapas milega. Lekin naye nivesh se pehle achhi tarah soch lein.","",""
AQUARIUS,WEEKLY,12,"Is hafte prem jeevan me utar-chadhav rahega, partner se baat karke sab theek ho jayega. Sabr rakhein.","Is hafte career me thodi deri ho sakti hai, par kaam poora hoga. Kisi colleague ki madad karein.","Is hafte sir dard ho sakta hai, stress kam karein. Paani adhik peeyein aur aaram karein.","Is hafte kharcha tez hoga, kisi bade nivesh se bachein. Budget banayein aur usi me rahein.","",""
AQUARIUS,WEEKLY,13,"Is hafte kisi purane rishte me nayi jaan aayegi, purane mitra se mulakat hogi. Dil ki baat kehne me jhijhak na karein.","Is hafte office me mehnat ki tareef hogi, promotion ke chances hain. Mehnat jaari rakhein.","Is hafte sehat achhi rahegi, bas subah walk zaroor karein. Junk food avoid karein.","Is hafte aarthik labh hoga, koi bonus ya gift mil sakta hai. Bachat par dhyan dein.","",""
AQUARIUS,WEEKLY,14,"Is hafte partner ke saath koi naya plan banega, ghoomne ka mauka milega. Saath me samay bitayein.","Is hafte career me koi naya mauka milega, turant haan na kahein. Soch samajh kar nirnay lein.","Is hafte thodi thakan mehsoos hogi, aaram karein. Neend poori karein aur stress kam karein.","Is hafte paisa aayega par kharch bhi hoga. Kisi zaruratmand ki madad karein, punya milega.","",""
AQUARIUS,WEEKLY,15,"Is hafte prem jeevan me shanti rahegi, partner ka sahyog milega. Kisi shubh karyakram me shirkat karne ka mauka milega.","Is hafte office me yojana ko sarahna milegi. Team ke saath milkar kaam karein to safalta milegi.","Is hafte pet aur digestion ka dhyan rakhein, ghar ka khana khayein. Paani adhik peeyein.","Is hafte aarthik sthiti sudhregi, koi purana nivesh fal dega. Nayi yojana banayein.","",""
AQUARIUS,WEEKLY,16,"Is hafte partner ke saath koi shubh samachar sunne ko milega. Rishta aur mazboot hoga.","Is hafte career me naya mauka milega, interview ya meeting me safalta milegi. Confidence se baat karein.","Is hafte sharir me halki sustee rahegi, vyayam karein. Bahar ka khana avoid karein.","Is hafte paisa aayega par kharch bhi hoga. Kisi ko daan karein to punya milega.","",""
AQUARIUS,WEEKLY,17,"Is hafte partner ki sehat ka dhyan rakhein, unke saath samay bitayein. Chhoti baat par jhagda na karein.","Is hafte office me koi purana kaam pura hoga, senior khush honge. Naye project ki taiyari karein.","Is hafte gale me halki kharish ho sakti hai, garm paani peekar rahat milegi. Zyada bolne se bachein.","Is hafte koi purana lend wapas milega. Lekin naye nivesh se pehle achhi tarah soch lein.","",""
AQUARIUS,WEEKLY,18,"Is hafte prem jeevan me utar-chadhav rahega, partner se baat karke sab theek ho jayega. Sabr rakhein.","Is hafte career me thodi deri ho sakti hai, par kaam poora hoga. Kisi colleague ki madad karein.","Is hafte sir dard ho sakta hai, stress kam karein. Paani adhik peeyein aur aaram karein.","Is hafte kharcha tez hoga, kisi bade nivesh se bachein. Budget banayein aur usi me rahein.","",""
AQUARIUS,WEEKLY,19,"Is hafte kisi purane rishte me nayi jaan aayegi, purane mitra se mulakat hogi. Dil ki baat kehne me jhijhak na karein.","Is hafte office me mehnat ki tareef hogi, promotion ke chances hain. Mehnat jaari rakhein.","Is hafte sehat achhi rahegi, bas subah walk zaroor karein. Junk food avoid karein.","Is hafte aarthik labh hoga, koi bonus ya gift mil sakta hai. Bachat par dhyan dein.","",""
AQUARIUS,WEEKLY,20,"Is hafte partner ke saath koi naya plan banega, ghoomne ka mauka milega. Saath me samay bitayein.","Is hafte career me koi naya mauka milega, turant haan na kahein. Soch samajh kar nirnay lein.","Is hafte thodi thakan mehsoos hogi, aaram karein. Neend poori karein aur stress kam karein.","Is hafte paisa aayega par kharch bhi hoga. Kisi zaruratmand ki madad karein, punya milega.","",""
AQUARIUS,WEEKLY,21,"Is hafte prem jeevan me shanti rahegi, partner ka sahyog milega. Kisi shubh karyakram me shirkat karne ka mauka milega.","Is hafte office me yojana ko sarahna milegi. Team ke saath milkar kaam karein to safalta milegi.","Is hafte pet aur digestion ka dhyan rakhein, ghar ka khana khayein. Paani adhik peeyein.","Is hafte aarthik sthiti sudhregi, koi purana nivesh fal dega. Nayi yojana banayein.","",""
AQUARIUS,WEEKLY,22,"Is hafte partner ke saath koi shubh samachar sunne ko milega. Rishta aur mazboot hoga.","Is hafte career me naya mauka milega, interview ya meeting me safalta milegi. Confidence se baat karein.","Is hafte sharir me halki sustee rahegi, vyayam karein. Bahar ka khana avoid karein.","Is hafte paisa aayega par kharch bhi hoga. Kisi ko daan karein to punya milega.","",""
AQUARIUS,WEEKLY,23,"Is hafte partner ki sehat ka dhyan rakhein, unke saath samay bitayein. Chhoti baat par jhagda na karein.","Is hafte office me koi purana kaam pura hoga, senior khush honge. Naye project ki taiyari karein.","Is hafte gale me halki kharish ho sakti hai, garm paani peekar rahat milegi. Zyada bolne se bachein.","Is hafte koi purana lend wapas milega. Lekin naye nivesh se pehle achhi tarah soch lein.","",""
AQUARIUS,WEEKLY,24,"Is hafte prem jeevan me utar-chadhav rahega, partner se baat karke sab theek ho jayega. Sabr rakhein.","Is hafte career me thodi deri ho sakti hai, par kaam poora hoga. Kisi colleague ki madad karein.","Is hafte sir dard ho sakta hai, stress kam karein. Paani adhik peeyein aur aaram karein.","Is hafte kharcha tez hoga, kisi bade nivesh se bachein. Budget banayein aur usi me rahein.","",""
AQUARIUS,WEEKLY,25,"Is hafte kisi purane rishte me nayi jaan aayegi, purane mitra se mulakat hogi. Dil ki baat kehne me jhijhak na karein.","Is hafte office me mehnat ki tareef hogi, promotion ke chances hain. Mehnat jaari rakhein.","Is hafte sehat achhi rahegi, bas subah walk zaroor karein. Junk food avoid karein.","Is hafte aarthik labh hoga, koi bonus ya gift mil sakta hai. Bachat par dhyan dein.","",""
AQUARIUS,WEEKLY,26,"Is hafte partner ke saath koi naya plan banega, ghoomne ka mauka milega. Saath me samay bitayein.","Is hafte career me koi naya mauka milega, turant haan na kahein. Soch samajh kar nirnay lein.","Is hafte thodi thakan mehsoos hogi, aaram karein. Neend poori karein aur stress kam karein.","Is hafte paisa aayega par kharch bhi hoga. Kisi zaruratmand ki madad karein, punya milega.","",""
AQUARIUS,WEEKLY,27,"Is hafte prem jeevan me shanti rahegi, partner ka sahyog milega. Kisi shubh karyakram me shirkat karne ka mauka milega.","Is hafte office me yojana ko sarahna milegi. Team ke saath milkar kaam karein to safalta milegi.","Is hafte pet aur digestion ka dhyan rakhein, ghar ka khana khayein. Paani adhik peeyein.","Is hafte aarthik sthiti sudhregi, koi purana nivesh fal dega. Nayi yojana banayein.","",""
AQUARIUS,WEEKLY,28,"Is hafte partner ke saath koi shubh samachar sunne ko milega. Rishta aur mazboot hoga.","Is hafte career me naya mauka milega, interview ya meeting me safalta milegi. Confidence se baat karein.","Is hafte sharir me halki sustee rahegi, vyayam karein. Bahar ka khana avoid karein.","Is hafte paisa aayega par kharch bhi hoga. Kisi ko daan karein to punya milega.","",""
AQUARIUS,WEEKLY,29,"Is hafte partner ki sehat ka dhyan rakhein, unke saath samay bitayein. Chhoti baat par jhagda na karein.","Is hafte office me koi purana kaam pura hoga, senior khush honge. Naye project ki taiyari karein.","Is hafte gale me halki kharish ho sakti hai, garm paani peekar rahat milegi. Zyada bolne se bachein.","Is hafte koi purana lend wapas milega. Lekin naye nivesh se pehle achhi tarah soch lein.","",""
AQUARIUS,MONTHLY,0,"Is mahine prem jeevan me madhurta rahegi, partner ke saath samay bitane ka mauka milega. Kisi purane mitra se mulakat hogi.","Is mahine career me naya project milega, senior ka sahyog rahega. Mehnat ka fal zaroor milega.","Is mahine sehat achhi rahegi, bas subah walk aur halka vyayam karein. Junk food avoid karein.","Is mahine aarthik labh hoga, koi purana lend wapas milega. Lekin budget banakar chalein.","",""
AQUARIUS,MONTHLY,1,"Is mahine partner ke saath koi purana mamla sulah ho sakta hai. Rishte me vishwas badhega aur prem gahra hoga.","Is mahine office me aapki mehnat ki tareef hogi, promotion ke chances hain. Team ke saath milkar kaam karein.","Is mahine thodi thakan mehsoos hogi, aaram karein aur neend poori karein. Paani adhik peeyein.","Is mahine kharcha thoda zyada hoga, savdhani rakhein. Kisi naye nivesh se pehle soch-vichar karein.","",""
AQUARIUS,MONTHLY,2,"Is mahine kisi khaas insaan se mulaqat hogi jo dil ko khush kar degi. Purane jhagde sulah ho sakte hain.","Is mahine career me koi rukavat aa sakti hai, dhairya rakhein. Kisi colleague se salah lena faydemand hoga.","Is mahine gale aur sans me halki takleef ho sakti hai. Garm kapde pehnein aur thanda na khayein.","Is mahine paisa aayega par kharch bhi hoga. Kisi zaruratmand ki madad karein, punya milega.","",""
AQUARIUS,MONTHLY,3,"Is mahine prem jeevan me shanti rahegi, partner ka sahyog milega. Kisi shubh karyakram me shirkat karne ka mauka milega.","Is mahine office me aapki yojana ko sarahna milegi. Naye project ki zimmedari mil sakti hai.","Is mahine sehat ke liye halka vyayam karein aur khub paani peeyein. Sir dard se bachein.","Is mahine aarthik sthiti majboot rahegi, koi purana karz chukane ka mauka milega.","",""
AQUARIUS,MONTHLY,4,"Is mahine partner ke saath chhoti baat par takraar ho sakti hai, shaant rahein. Mahine ke ant me sulah ho jayegi.","Is mahine career me koi naya mauka milega, turant haan na kahein. Soch samajh kar nirnay lein.","Is mahine pet me halki gadbad ho sakti hai, halka khana khayein. Bahar ka khana avoid karein.","Is mahine paisa haath me aayega par kharch bhi tez hoga. Bachat par dhyan dein.","",""
AQUARIUS,MONTHLY,5,"Is mahine prem jeevan me madhurta rahegi, partner ke saath ghoomne ka mauka milega. Kisi purane mitra se mulakat hogi.","Is mahine office me mehnat ki sarahna hogi. Senior aapki baat maanenge, confidence rakhein.","Is mahine urja se bharpur rahenge, vyayam karne ka mann karega. Lekin zyada garmi se bachein.","Is mahine kisi naye kaam me nivesh karne ka mauka milega, soch samajh kar haan kahein.","",""
AQUARIUS,MONTHLY,6,"Is mahine partner ke saath koi naya rishta shuru ho sakta hai ya purana gahra ho sakta hai. Dil ki baat kehne me jhijhak na karein.","Is mahine career me thodi bhaag-daud rahegi, meetings me vyast rahenge. Jaldbazi me galti na karein.","Is mahine jodon me halka dard ho sakta hai, aaram karein. Subah ki dhoop faydemand hai.","Is mahine aarthik labh hoga, koi bonus ya gift mil sakta hai. Lekin kharch par niyantran rakhein.","",""
AQUARIUS,MONTHLY,7,"Is mahine partner aapko surprise de sakta hai, prem me nayi urja aayegi. Saath me kuch naya try karein.","Is mahine career me koi bada faisla lena pad sakta hai, savdhani se sochein. Kisi anubhavi se salah lein.","Is mahine sehat achhi rahegi, bas subah ka nashta skip na karein. Fresh fruit khayein.","Is mahine paisa aayega par kisi anavashyak cheez par kharch ho sakta hai. Ruk kar kharch karein.","",""
AQUARIUS,MONTHLY,8,"Is mahine partner se koi purani baat chubh sakti hai, khul kar baat karein. Chhoti baat ko bada na banayein.","Is mahine career me koi rukavat aa sakti hai, par dhairya se kaam lein. Koi purana project pura hoga.","Is mahine mansik tanav ho sakta hai, meditation karein. Neend poori karein.","Is mahine kisi dost se udhaar dene se bachein, warna paisa wapas nahi milega. Apne paise sambhal kar rakhein.","",""
AQUARIUS,MONTHLY,9,"Is mahine prem jeevan me shanti rahegi, partner ka sahyog milega. Kisi shubh karyakram me shirkat karne ka mauka milega.","Is mahine office me yojana ko sarahna milegi. Team ke saath milkar kaam karein to safalta milegi.","Is mahine pet aur digestion ka dhyan rakhein, ghar ka khana khayein. Paani adhik peeyein.","Is mahine aarthik sthiti sudhregi, koi purana nivesh fal dega. Nayi yojana banayein.","",""
AQUARIUS,MONTHLY,10,"Is mahine partner ke saath koi shubh samachar sunne ko milega. Rishta aur mazboot hoga.","Is mahine career me naya mauka milega, interview ya meeting me safalta milegi. Confidence se baat karein.","Is mahine sharir me halki sustee rahegi, vyayam karein. Bahar ka khana avoid karein.","Is mahine paisa aayega par kharch bhi hoga. Kisi ko daan karein to punya milega.","",""
AQUARIUS,MONTHLY,11,"Is mahine partner ki sehat ka dhyan rakhein, unke saath samay bitayein. Chhoti baat par jhagda na karein.","Is mahine office me koi purana kaam pura hoga, senior khush honge. Naye project ki taiyari karein.","Is mahine gale me halki kharish ho sakti hai, garm paani peekar rahat milegi. Zyada bolne se bachein.","Is mahine koi purana lend wapas milega. Lekin naye nivesh se pehle achhi tarah soch lein.","",""
AQUARIUS,MONTHLY,12,"Is mahine prem jeevan me utar-chadhav rahega, partner se baat karke sab theek ho jayega. Sabr rakhein.","Is mahine career me thodi deri ho sakti hai, par kaam poora hoga. Kisi colleague ki madad karein.","Is mahine sir dard ho sakta hai, stress kam karein. Paani adhik peeyein aur aaram karein.","Is mahine kharcha tez hoga, kisi bade nivesh se bachein. Budget banayein aur usi me rahein.","",""
AQUARIUS,MONTHLY,13,"Is mahine kisi purane rishte me nayi jaan aayegi, purane mitra se mulakat hogi. Dil ki baat kehne me jhijhak na karein.","Is mahine office me mehnat ki tareef hogi, promotion ke chances hain. Mehnat jaari rakhein.","Is mahine sehat achhi rahegi, bas subah walk zaroor karein. Junk food avoid karein.","Is mahine aarthik labh hoga, koi bonus ya gift mil sakta hai. Bachat par dhyan dein.","",""
AQUARIUS,MONTHLY,14,"Is mahine partner ke saath koi naya plan banega, ghoomne ka mauka milega. Saath me samay bitayein.","Is mahine career me koi naya mauka milega, turant haan na kahein. Soch samajh kar nirnay lein.","Is mahine thodi thakan mehsoos hogi, aaram karein. Neend poori karein aur stress kam karein.","Is mahine paisa aayega par kharch bhi hoga. Kisi zaruratmand ki madad karein, punya milega.","",""
AQUARIUS,MONTHLY,15,"Is mahine prem jeevan me shanti rahegi, partner ka sahyog milega. Kisi shubh karyakram me shirkat karne ka mauka milega.","Is mahine office me yojana ko sarahna milegi. Team ke saath milkar kaam karein to safalta milegi.","Is mahine pet aur digestion ka dhyan rakhein, ghar ka khana khayein. Paani adhik peeyein.","Is mahine aarthik sthiti sudhregi, koi purana nivesh fal dega. Nayi yojana banayein.","",""
AQUARIUS,MONTHLY,16,"Is mahine partner ke saath koi shubh samachar sunne ko milega. Rishta aur mazboot hoga.","Is mahine career me naya mauka milega, interview ya meeting me safalta milegi. Confidence se baat karein.","Is mahine sharir me halki sustee rahegi, vyayam karein. Bahar ka khana avoid karein.","Is mahine paisa aayega par kharch bhi hoga. Kisi ko daan karein to punya milega.","",""
AQUARIUS,MONTHLY,17,"Is mahine partner ki sehat ka dhyan rakhein, unke saath samay bitayein. Chhoti baat par jhagda na karein.","Is mahine office me koi purana kaam pura hoga, senior khush honge. Naye project ki taiyari karein.","Is mahine gale me halki kharish ho sakti hai, garm paani peekar rahat milegi. Zyada bolne se bachein.","Is mahine koi purana lend wapas milega. Lekin naye nivesh se pehle achhi tarah soch lein.","",""
AQUARIUS,MONTHLY,18,"Is mahine prem jeevan me utar-chadhav rahega, partner se baat karke sab theek ho jayega. Sabr rakhein.","Is mahine career me thodi deri ho sakti hai, par kaam poora hoga. Kisi colleague ki madad karein.","Is mahine sir dard ho sakta hai, stress kam karein. Paani adhik peeyein aur aaram karein.","Is mahine kharcha tez hoga, kisi bade nivesh se bachein. Budget banayein aur usi me rahein.","",""
AQUARIUS,MONTHLY,19,"Is mahine kisi purane rishte me nayi jaan aayegi, purane mitra se mulakat hogi. Dil ki baat kehne me jhijhak na karein.","Is mahine office me mehnat ki tareef hogi, promotion ke chances hain. Mehnat jaari rakhein.","Is mahine sehat achhi rahegi, bas subah walk zaroor karein. Junk food avoid karein.","Is mahine aarthik labh hoga, koi bonus ya gift mil sakta hai. Bachat par dhyan dein.","",""
AQUARIUS,MONTHLY,20,"Is mahine partner ke saath koi naya plan banega, ghoomne ka mauka milega. Saath me samay bitayein.","Is mahine career me koi naya mauka milega, turant haan na kahein. Soch samajh kar nirnay lein.","Is mahine thodi thakan mehsoos hogi, aaram karein. Neend poori karein aur stress kam karein.","Is mahine paisa aayega par kharch bhi hoga. Kisi zaruratmand ki madad karein, punya milega.","",""
AQUARIUS,MONTHLY,21,"Is mahine prem jeevan me shanti rahegi, partner ka sahyog milega. Kisi shubh karyakram me shirkat karne ka mauka milega.","Is mahine office me yojana ko sarahna milegi. Team ke saath milkar kaam karein to safalta milegi.","Is mahine pet aur digestion ka dhyan rakhein, ghar ka khana khayein. Paani adhik peeyein.","Is mahine aarthik sthiti sudhregi, koi purana nivesh fal dega. Nayi yojana banayein.","",""
AQUARIUS,MONTHLY,22,"Is mahine partner ke saath koi shubh samachar sunne ko milega. Rishta aur mazboot hoga.","Is mahine career me naya mauka milega, interview ya meeting me safalta milegi. Confidence se baat karein.","Is mahine sharir me halki sustee rahegi, vyayam karein. Bahar ka khana avoid karein.","Is mahine paisa aayega par kharch bhi hoga. Kisi ko daan karein to punya milega.","",""
AQUARIUS,MONTHLY,23,"Is mahine partner ki sehat ka dhyan rakhein, unke saath samay bitayein. Chhoti baat par jhagda na karein.","Is mahine office me koi purana kaam pura hoga, senior khush honge. Naye project ki taiyari karein.","Is mahine gale me halki kharish ho sakti hai, garm paani peekar rahat milegi. Zyada bolne se bachein.","Is mahine koi purana lend wapas milega. Lekin naye nivesh se pehle achhi tarah soch lein.","",""
AQUARIUS,MONTHLY,24,"Is mahine prem jeevan me utar-chadhav rahega, partner se baat karke sab theek ho jayega. Sabr rakhein.","Is mahine career me thodi deri ho sakti hai, par kaam poora hoga. Kisi colleague ki madad karein.","Is mahine sir dard ho sakta hai, stress kam karein. Paani adhik peeyein aur aaram karein.","Is mahine kharcha tez hoga, kisi bade nivesh se bachein. Budget banayein aur usi me rahein.","",""
AQUARIUS,MONTHLY,25,"Is mahine kisi purane rishte me nayi jaan aayegi, purane mitra se mulakat hogi. Dil ki baat kehne me jhijhak na karein.","Is mahine office me mehnat ki tareef hogi, promotion ke chances hain. Mehnat jaari rakhein.","Is mahine sehat achhi rahegi, bas subah walk zaroor karein. Junk food avoid karein.","Is mahine aarthik labh hoga, koi bonus ya gift mil sakta hai. Bachat par dhyan dein.","",""
AQUARIUS,MONTHLY,26,"Is mahine partner ke saath koi naya plan banega, ghoomne ka mauka milega. Saath me samay bitayein.","Is mahine career me koi naya mauka milega, turant haan na kahein. Soch samajh kar nirnay lein.","Is mahine thodi thakan mehsoos hogi, aaram karein. Neend poori karein aur stress kam karein.","Is mahine paisa aayega par kharch bhi hoga. Kisi zaruratmand ki madad karein, punya milega.","",""
AQUARIUS,MONTHLY,27,"Is mahine prem jeevan me shanti rahegi, partner ka sahyog milega. Kisi shubh karyakram me shirkat karne ka mauka milega.","Is mahine office me yojana ko sarahna milegi. Team ke saath milkar kaam karein to safalta milegi.","Is mahine pet aur digestion ka dhyan rakhein, ghar ka khana khayein. Paani adhik peeyein.","Is mahine aarthik sthiti sudhregi, koi purana nivesh fal dega. Nayi yojana banayein.","",""
AQUARIUS,MONTHLY,28,"Is mahine partner ke saath koi shubh samachar sunne ko milega. Rishta aur mazboot hoga.","Is mahine career me naya mauka milega, interview ya meeting me safalta milegi. Confidence se baat karein.","Is mahine sharir me halki sustee rahegi, vyayam karein. Bahar ka khana avoid karein.","Is mahine paisa aayega par kharch bhi hoga. Kisi ko daan karein to punya milega.","",""
AQUARIUS,MONTHLY,29,"Is mahine partner ki sehat ka dhyan rakhein, unke saath samay bitayein. Chhoti baat par jhagda na karein.","Is mahine office me koi purana kaam pura hoga, senior khush honge. Naye project ki taiyari karein.","Is mahine gale me halki kharish ho sakti hai, garm paani peekar rahat milegi. Zyada bolne se bachein.","Is mahine koi purana lend wapas milega. Lekin naye nivesh se pehle achhi tarah soch lein.","",""
AQUARIUS,YEARLY,0,"Is saal prem jeevan me badi urja aayegi, vivah ke yog ban sakte hain ya purana rishta gahra hoga. Partner ke saath samay bitane ka khoob mauka milega.","Is saal career me bada badlav sambhav hai, naukri badal sakti hai ya promotion milegi. Mehnat ka poora fal zaroor milega.","Is saal sehat achhi rahegi, bas niyamit vyayam aur santulit ahar apnayein. Stress kam karein aur neend poori karein.","Is saal aarthik sthiti majboot hogi, koi bada nivesh fal dega. Lekin faltu kharch se bachein aur bachat karein.","",""
PISCES,TODAY,0,"Aaj partner ke saath samay bitane ka mauka milega, purani galatfehmi door hogi. Dil ki baat khul kar kehna aaj aapke rishte ko mazboot banayega.","Career me aaj koi naya kaam shuru karne ka mauka mil sakta hai, senior ka sahyog milega. Jaldbazi na karein, soch samajh kar kadam uthayein.","Aaj sehat achhi rahegi, bas subah walk zaroor karein. Zyada thanda aur fried khane se bachein.","Aaj paisa aayega, kisi purane lend ka paisa wapas mil sakta hai. Lekin faltu kharch se bachein.","7","Yellow"
PISCES,TODAY,1,"Aaj prem jeevan me nayi urja aayegi, koi purana mitra mil sakta hai. Partner ki baat dhyan se sunein, jhagda ho sakta hai.","Office me aapki mehnat ki tareef hogi, promotion ke chances hain. Colleagues ke saath mil kar kaam karein.","Aaj thodi thakan mehsoos hogi, aaram karein. Paani adhik peeyein aur stress kam karein.","Aaj kharcha thoda zyada ho sakta hai, budget banayein. Kisi naye nivesh se pehle soch-vichar karein.","16","White"
PISCES,TODAY,2,"Aaj partner ke saath koi purana mamla sulah ho sakta hai. Rishte me vishwas badhega aur madhurta aayegi.","Career me aaj koi rukavat aa sakti hai, dhairya rakhein. Kisi colleague se salah lein to fayda hoga.","Aaj gale aur sans me halki takleef ho sakti hai. Garm kapde pehnein aur thanda na khayein.","Aaj paisa aayega par kharch bhi hoga. Kisi zaruratmand ki madad karein, punya milega.","24","Yellow"
PISCES,TODAY,3,"Aaj kisi khaas insaan se mulaqat hogi jo aapka din bana degi. Purane jhagde sulah ho sakte hain.","Aaj office me aapki raay ko mahatva milega. Kisi naye project ki zimmedari mil sakti hai.","Sehat ke liye aaj halka vyayam karein aur khub paani peeyein. Sir dard ho sakta hai.","Aaj aarthik sthiti majboot rahegi, koi purana karz chukane ka mauka milega.","5","White"
PISCES,TODAY,4,"Aaj partner ke saath chhoti baat par takraar ho sakti hai, shaant rahein. Raat ko sulah ho jayegi.","Career me aaj koi naya mauka milega, turant haan na kahein. Soch samajh kar nirnay lein.","Aaj pet me halki gadbad ho sakti hai, halka khana khayein. Bahar ka khana avoid karein.","Aaj paisa haath me aayega par kharch bhi tez hoga. Bachat par dhyan dein.","13","Yellow"
PISCES,TODAY,5,"Aaj prem jeevan me madhurta rahegi, partner ke saath ghoomne ka mauka milega. Kisi purane mitra se mulakat hogi.","Aaj office me aapki mehnat ki sarahna hogi. Senior aapki baat maanenge, confidence rakhein.","Aaj urja se bharpur rahenge, vyayam karne ka mann karega. Lekin zyada garmi se bachein.","Aaj kisi naye kaam me nivesh karne ka mauka milega, soch samajh kar haan kahein.","21","White"
PISCES,TODAY,6,"Aaj partner ke saath koi naya rishta shuru ho sakta hai ya purana gahra ho sakta hai. Dil ki baat kehne me jhijhak na karein.","Career me aaj thodi bhaag-daud rahegi, meetings me vyast rahenge. Jaldbazi me galti na karein.","Aaj jodon me halka dard ho sakta hai, aaram karein. Subah ki dhoop aapke liye faydemand hai.","Aaj aarthik labh hoga, koi bonus ya gift mil sakta hai. Lekin kharch par niyantran rakhein.","28","Yellow"
PISCES,TODAY,7,"Aaj partner aapko surprise de sakta hai, prem me nayi urja aayegi. Saath me kuch naya try karein.","Aaj career me koi bada faisla lena pad sakta hai, savdhani se sochein. Kisi anubhavi se salah lein.","Aaj sehat achhi rahegi, bas subah ka nashta skip na karein. Fresh fruit khayein.","Aaj paisa aayega par kisi anavashyak cheez par kharch ho sakta hai. Ruk kar kharch karein.","3","White"
PISCES,TODAY,8,"Aaj partner se koi purani baat chubh sakti hai, khul kar baat karein. Chhoti baat ko bada na banayein.","Career me aaj koi rukavat aa sakti hai, par dhairya se kaam lein. Koi purana project pura hoga.","Aaj mansik tanav ho sakta hai, meditation karein. Neend poori karein.","Aaj kisi dost se udhaar dene se bachein, warna paisa wapas nahi milega. Apne paise sambhal kar rakhein.","11","Yellow"
PISCES,TODAY,9,"Aaj prem jeevan me shanti rahegi, partner ka sahyog milega. Kisi shubh karyakram me shirkat karne ka mauka milega.","Aaj office me aapki yojana ko sarahna milegi. Team ke saath milkar kaam karein to safalta milegi.","Aaj pet aur digestion ka dhyan rakhein, ghar ka khana khayein. Paani adhik peeyein.","Aaj aarthik sthiti sudhregi, koi purana nivesh fal dega. Nayi yojana banayein.","19","White"
PISCES,TODAY,10,"Aaj partner ke saath koi shubh samachar sunne ko milega. Rishta aur mazboot hoga.","Aaj career me naya mauka milega, interview ya meeting me safalta milegi. Confidence se baat karein.","Aaj sharir me halki sustee rahegi, vyayam karein. Bahar ka khana avoid karein.","Aaj paisa aayega par kharch bhi hoga. Kisi ko daan karein to punya milega.","26","Yellow"
PISCES,TODAY,11,"Aaj partner ki sehat ka dhyan rakhein, unke saath samay bitayein. Chhoti baat par jhagda na karein.","Aaj office me koi purana kaam pura hoga, senior khush honge. Naye project ki taiyari karein.","Aaj gale me halki kharish ho sakti hai, garm paani peekar rahat milegi. Zyada bolne se bachein.","Aaj koi purana lend wapas milega. Lekin naye nivesh se pehle achhi tarah soch lein.","2","White"
PISCES,TODAY,12,"Aaj prem jeevan me utar-chadhav rahega, partner se baat karke sab theek ho jayega. Sabr rakhein.","Aaj career me thodi deri ho sakti hai, par kaam poora hoga. Kisi colleague ki madad karein.","Aaj sir dard ho sakta hai, stress kam karein. Paani adhik peeyein aur aaram karein.","Aaj kharcha tez hoga, kisi bade nivesh se bachein. Budget banayein aur usi me rahein.","14","Yellow"
PISCES,TODAY,13,"Aaj kisi purane rishte me nayi jaan aayegi, purane mitra se mulakat hogi. Dil ki baat kehne me jhijhak na karein.","Aaj office me aapki mehnat ki tareef hogi, promotion ke chances hain. Mehnat jaari rakhein.","Aaj sehat achhi rahegi, bas subah walk zaroor karein. Junk food avoid karein.","Aaj aarthik labh hoga, koi bonus ya gift mil sakta hai. Bachat par dhyan dein.","22","White"
PISCES,TODAY,14,"Aaj partner ke saath koi naya plan banega, ghoomne ka mauka milega. Saath me samay bitayein.","Aaj career me koi naya mauka milega, turant haan na kahein. Soch samajh kar nirnay lein.","Aaj thodi thakan mehsoos hogi, aaram karein. Neend poori karein aur stress kam karein.","Aaj paisa aayega par kharch bhi hoga. Kisi zaruratmand ki madad karein, punya milega.","9","Yellow"
PISCES,TODAY,15,"Aaj prem jeevan me shanti rahegi, partner ka sahyog milega. Kisi shubh karyakram me shirkat karne ka mauka milega.","Aaj office me aapki yojana ko sarahna milegi. Team ke saath milkar kaam karein to safalta milegi.","Aaj pet aur digestion ka dhyan rakhein, ghar ka khana khayein. Paani adhik peeyein.","Aaj aarthik sthiti sudhregi, koi purana nivesh fal dega. Nayi yojana banayein.","17","White"
PISCES,TODAY,16,"Aaj partner ke saath koi shubh samachar sunne ko milega. Rishta aur mazboot hoga.","Aaj career me naya mauka milega, interview ya meeting me safalta milegi. Confidence se baat karein.","Aaj sharir me halki sustee rahegi, vyayam karein. Bahar ka khana avoid karein.","Aaj paisa aayega par kharch bhi hoga. Kisi ko daan karein to punya milega.","30","Yellow"
PISCES,TODAY,17,"Aaj partner ki sehat ka dhyan rakhein, unke saath samay bitayein. Chhoti baat par jhagda na karein.","Aaj office me koi purana kaam pura hoga, senior khush honge. Naye project ki taiyari karein.","Aaj gale me halki kharish ho sakti hai, garm paani peekar rahat milegi. Zyada bolne se bachein.","Aaj koi purana lend wapas milega. Lekin naye nivesh se pehle achhi tarah soch lein.","10","White"
PISCES,TODAY,18,"Aaj prem jeevan me utar-chadhav rahega, partner se baat karke sab theek ho jayega. Sabr rakhein.","Aaj career me thodi deri ho sakti hai, par kaam poora hoga. Kisi colleague ki madad karein.","Aaj sir dard ho sakta hai, stress kam karein. Paani adhik peeyein aur aaram karein.","Aaj kharcha tez hoga, kisi bade nivesh se bachein. Budget banayein aur usi me rahein.","18","Yellow"
PISCES,TODAY,19,"Aaj kisi purane rishte me nayi jaan aayegi, purane mitra se mulakat hogi. Dil ki baat kehne me jhijhak na karein.","Aaj office me aapki mehnat ki tareef hogi, promotion ke chances hain. Mehnat jaari rakhein.","Aaj sehat achhi rahegi, bas subah walk zaroor karein. Junk food avoid karein.","Aaj aarthik labh hoga, koi bonus ya gift mil sakta hai. Bachat par dhyan dein.","25","White"
PISCES,TODAY,20,"Aaj partner ke saath koi naya plan banega, ghoomne ka mauka milega. Saath me samay bitayein.","Aaj career me koi naya mauka milega, turant haan na kahein. Soch samajh kar nirnay lein.","Aaj thodi thakan mehsoos hogi, aaram karein. Neend poori karein aur stress kam karein.","Aaj paisa aayega par kharch bhi hoga. Kisi zaruratmand ki madad karein, punya milega.","4","Yellow"
PISCES,TODAY,21,"Aaj prem jeevan me shanti rahegi, partner ka sahyog milega. Kisi shubh karyakram me shirkat karne ka mauka milega.","Aaj office me aapki yojana ko sarahna milegi. Team ke saath milkar kaam karein to safalta milegi.","Aaj pet aur digestion ka dhyan rakhein, ghar ka khana khayein. Paani adhik peeyein.","Aaj aarthik sthiti sudhregi, koi purana nivesh fal dega. Nayi yojana banayein.","12","White"
PISCES,TODAY,22,"Aaj partner ke saath koi shubh samachar sunne ko milega. Rishta aur mazboot hoga.","Aaj career me naya mauka milega, interview ya meeting me safalta milegi. Confidence se baat karein.","Aaj sharir me halki sustee rahegi, vyayam karein. Bahar ka khana avoid karein.","Aaj paisa aayega par kharch bhi hoga. Kisi ko daan karein to punya milega.","20","Yellow"
PISCES,TODAY,23,"Aaj partner ki sehat ka dhyan rakhein, unke saath samay bitayein. Chhoti baat par jhagda na karein.","Aaj office me koi purana kaam pura hoga, senior khush honge. Naye project ki taiyari karein.","Aaj gale me halki kharish ho sakti hai, garm paani peekar rahat milegi. Zyada bolne se bachein.","Aaj koi purana lend wapas milega. Lekin naye nivesh se pehle achhi tarah soch lein.","29","White"
PISCES,TODAY,24,"Aaj prem jeevan me utar-chadhav rahega, partner se baat karke sab theek ho jayega. Sabr rakhein.","Aaj career me thodi deri ho sakti hai, par kaam poora hoga. Kisi colleague ki madad karein.","Aaj sir dard ho sakta hai, stress kam karein. Paani adhik peeyein aur aaram karein.","Aaj kharcha tez hoga, kisi bade nivesh se bachein. Budget banayein aur usi me rahein.","6","Yellow"
PISCES,TODAY,25,"Aaj kisi purane rishte me nayi jaan aayegi, purane mitra se mulakat hogi. Dil ki baat kehne me jhijhak na karein.","Aaj office me aapki mehnat ki tareef hogi, promotion ke chances hain. Mehnat jaari rakhein.","Aaj sehat achhi rahegi, bas subah walk zaroor karein. Junk food avoid karein.","Aaj aarthik labh hoga, koi bonus ya gift mil sakta hai. Bachat par dhyan dein.","15","White"
PISCES,TODAY,26,"Aaj partner ke saath koi naya plan banega, ghoomne ka mauka milega. Saath me samay bitayein.","Aaj career me koi naya mauka milega, turant haan na kahein. Soch samajh kar nirnay lein.","Aaj thodi thakan mehsoos hogi, aaram karein. Neend poori karein aur stress kam karein.","Aaj paisa aayega par kharch bhi hoga. Kisi zaruratmand ki madad karein, punya milega.","23","Yellow"
PISCES,TODAY,27,"Aaj prem jeevan me shanti rahegi, partner ka sahyog milega. Kisi shubh karyakram me shirkat karne ka mauka milega.","Aaj office me aapki yojana ko sarahna milegi. Team ke saath milkar kaam karein to safalta milegi.","Aaj pet aur digestion ka dhyan rakhein, ghar ka khana khayein. Paani adhik peeyein.","Aaj aarthik sthiti sudhregi, koi purana nivesh fal dega. Nayi yojana banayein.","1","White"
PISCES,TODAY,28,"Aaj partner ke saath koi shubh samachar sunne ko milega. Rishta aur mazboot hoga.","Aaj career me naya mauka milega, interview ya meeting me safalta milegi. Confidence se baat karein.","Aaj sharir me halki sustee rahegi, vyayam karein. Bahar ka khana avoid karein.","Aaj paisa aayega par kharch bhi hoga. Kisi ko daan karein to punya milega.","8","Yellow"
PISCES,TODAY,29,"Aaj partner ki sehat ka dhyan rakhein, unke saath samay bitayein. Chhoti baat par jhagda na karein.","Aaj office me koi purana kaam pura hoga, senior khush honge. Naye project ki taiyari karein.","Aaj gale me halki kharish ho sakti hai, garm paani peekar rahat milegi. Zyada bolne se bachein.","Aaj koi purana lend wapas milega. Lekin naye nivesh se pehle achhi tarah soch lein.","27","White"
PISCES,YESTERDAY,0,"Kal partner ke saath samay bitane ka mauka mila tha, purani galatfehmi door hui. Dil ki baat khul kar kehna rishte ko mazboot banata hai.","Kal career me koi naya kaam shuru karne ka mauka mila tha, senior ka sahyog mila. Jaldbazi na karna hi samajhdari hai.","Kal sehat achhi rahi, subah walk ka fayda mila. Thanda aur fried khane se bachna chahiye.","Kal paisa aaya, kisi purane lend ka paisa wapas mila. Lekin faltu kharch se bachna chahiye.","",""
PISCES,YESTERDAY,1,"Kal prem jeevan me nayi urja aayi, koi purana mitra mila. Partner ki baat dhyan se sunni chahiye thi.","Kal office me mehnat ki tareef hui, promotion ke chances bane. Colleagues ke saath milkar kaam karna faydemand raha.","Kal thodi thakan mehsoos hui, aaram karna zaroori tha. Paani adhik peena aur stress kam karna chahiye.","Kal kharcha thoda zyada ho gaya, budget banane ki zarurat thi. Naye nivesh se pehle soch-vichar karna chahiye.","",""
PISCES,YESTERDAY,2,"Kal partner ke saath koi purana mamla sulah hua. Rishte me vishwas badha aur madhurta aayi.","Kal career me koi rukavat aayi thi, dhairya rakhna zaroori tha. Kisi colleague se salah lena faydemand raha.","Kal gale aur sans me halki takleef hui. Garm kapde pehenna aur thanda na khana chahiye.","Kal paisa aaya par kharch bhi hua. Kisi zaruratmand ki madad karne se punya mila.","",""
PISCES,YESTERDAY,3,"Kal kisi khaas insaan se mulaqat hui jo din bana gayi. Purane jhagde sulah ho gaye.","Kal office me raay ko mahatva mila. Kisi naye project ki zimmedari mili.","Kal sehat ke liye halka vyayam karna aur khub paani peena faydemand raha. Sir dard ho sakta tha.","Kal aarthik sthiti majboot rahi, koi purana karz chukane ka mauka mila.","",""
PISCES,YESTERDAY,4,"Kal partner ke saath chhoti baat par takraar hui thi, shaant rehna chahiye tha. Raat ko sulah ho gayi.","Kal career me koi naya mauka mila, turant haan nahi kehna chahiye tha. Soch samajh kar nirnay lena chahiye.","Kal pet me halki gadbad hui, halka khana khana chahiye tha. Bahar ka khana avoid karna chahiye.","Kal paisa haath me aaya par kharch bhi tez hua. Bachat par dhyan dena chahiye tha.","",""
PISCES,YESTERDAY,5,"Kal prem jeevan me madhurta rahi, partner ke saath ghoomne ka mauka mila. Kisi purane mitra se mulakat hui.","Kal office me mehnat ki sarahna hui. Senior ne baat maani, confidence rakhna chahiye tha.","Kal urja se bharpur rahe, vyayam karne ka mann kiya. Lekin zyada garmi se bachna chahiye tha.","Kal kisi naye kaam me nivesh karne ka mauka mila, soch samajh kar haan kehna chahiye tha.","",""
PISCES,YESTERDAY,6,"Kal partner ke saath koi naya rishta shuru hua ya purana gahra hua. Dil ki baat kehne me jhijhak nahi karni chahiye thi.","Kal career me thodi bhaag-daud rahi, meetings me vyast rahe. Jaldbazi me galti nahi karni chahiye thi.","Kal jodon me halka dard hua, aaram karna chahiye tha. Subah ki dhoop faydemand rahi.","Kal aarthik labh hua, koi bonus ya gift mila. Lekin kharch par niyantran rakhna chahiye tha.","",""
PISCES,YESTERDAY,7,"Kal partner ne surprise diya, prem me nayi urja aayi. Saath me kuch naya try karna chahiye tha.","Kal career me koi bada faisla lena pada, savdhani se sochna chahiye tha. Kisi anubhavi se salah leni chahiye thi.","Kal sehat achhi rahi, bas subah ka nashta skip nahi karna chahiye tha. Fresh fruit khane chahiye the.","Kal paisa aaya par kisi anavashyak cheez par kharch ho gaya. Ruk kar kharch karna chahiye tha.","",""
PISCES,YESTERDAY,8,"Kal partner se koi purani baat chubhi thi, khul kar baat karni chahiye thi. Chhoti baat ko bada nahi banana chahiye tha.","Kal career me koi rukavat aayi, par dhairya se kaam liya. Koi purana project pura hua.","Kal mansik tanav hua, meditation karna chahiye tha. Neend poori karni chahiye thi.","Kal kisi dost se udhaar dena nahi chahiye tha, warna paisa wapas nahi milta. Apne paise sambhal kar rakhne chahiye the.","",""
PISCES,YESTERDAY,9,"Kal prem jeevan me shanti rahi, partner ka sahyog mila. Kisi shubh karyakram me shirkat karne ka mauka mila.","Kal office me yojana ko sarahna mili. Team ke saath milkar kaam karne se safalta mili.","Kal pet aur digestion ka dhyan rakhna chahiye tha, ghar ka khana khana chahiye tha. Paani adhik peena chahiye tha.","Kal aarthik sthiti sudhri, koi purana nivesh fal diya. Nayi yojana banani chahiye thi.","",""
PISCES,YESTERDAY,10,"Kal partner ke saath koi shubh samachar sunne ko mila. Rishta aur mazboot hua.","Kal career me naya mauka mila, interview ya meeting me safalta mili. Confidence se baat karni chahiye thi.","Kal sharir me halki sustee rahi, vyayam karna chahiye tha. Bahar ka khana avoid karna chahiye tha.","Kal paisa aaya par kharch bhi hua. Kisi ko daan karne se punya mila.","",""
PISCES,YESTERDAY,11,"Kal partner ki sehat ka dhyan rakhna chahiye tha, unke saath samay bitana chahiye tha. Chhoti baat par jhagda nahi karna chahiye tha.","Kal office me koi purana kaam pura hua, senior khush hue. Naye project ki taiyari karni chahiye thi.","Kal gale me halki kharish hui, garm paani peekar rahat mili. Zyada bolne se bachna chahiye tha.","Kal koi purana lend wapas mila. Lekin naye nivesh se pehle achhi tarah sochna chahiye tha.","",""
PISCES,YESTERDAY,12,"Kal prem jeevan me utar-chadhav raha, partner se baat karke sab theek ho gaya. Sabr rakhna chahiye tha.","Kal career me thodi deri hui, par kaam poora hua. Kisi colleague ki madad karni chahiye thi.","Kal sir dard hua, stress kam karna chahiye tha. Paani adhik peena aur aaram karna chahiye tha.","Kal kharcha tez hua, kisi bade nivesh se bachna chahiye tha. Budget banakar usi me rehna chahiye tha.","",""
PISCES,YESTERDAY,13,"Kal kisi purane rishte me nayi jaan aayi, purane mitra se mulakat hui. Dil ki baat kehne me jhijhak nahi karni chahiye thi.","Kal office me mehnat ki tareef hui, promotion ke chances bane. Mehnat jaari rakhni chahiye thi.","Kal sehat achhi rahi, bas subah walk karni chahiye thi. Junk food avoid karna chahiye tha.","Kal aarthik labh hua, koi bonus ya gift mila. Bachat par dhyan dena chahiye tha.","",""
PISCES,YESTERDAY,14,"Kal partner ke saath koi naya plan bana, ghoomne ka mauka mila. Saath me samay bitana chahiye tha.","Kal career me koi naya mauka mila, turant haan nahi kehna chahiye tha. Soch samajh kar nirnay lena chahiye tha.","Kal thodi thakan mehsoos hui, aaram karna chahiye tha. Neend poori karni chahiye thi aur stress kam karna chahiye tha.","Kal paisa aaya par kharch bhi hua. Kisi zaruratmand ki madad karne se punya mila.","",""
PISCES,YESTERDAY,15,"Kal prem jeevan me shanti rahi, partner ka sahyog mila. Kisi shubh karyakram me shirkat karne ka mauka mila.","Kal office me yojana ko sarahna mili. Team ke saath milkar kaam karne se safalta mili.","Kal pet aur digestion ka dhyan rakhna chahiye tha, ghar ka khana khana chahiye tha. Paani adhik peena chahiye tha.","Kal aarthik sthiti sudhri, koi purana nivesh fal diya. Nayi yojana banani chahiye thi.","",""
PISCES,YESTERDAY,16,"Kal partner ke saath koi shubh samachar sunne ko mila. Rishta aur mazboot hua.","Kal career me naya mauka mila, interview ya meeting me safalta mili. Confidence se baat karni chahiye thi.","Kal sharir me halki sustee rahi, vyayam karna chahiye tha. Bahar ka khana avoid karna chahiye tha.","Kal paisa aaya par kharch bhi hua. Kisi ko daan karne se punya mila.","",""
PISCES,YESTERDAY,17,"Kal partner ki sehat ka dhyan rakhna chahiye tha, unke saath samay bitana chahiye tha. Chhoti baat par jhagda nahi karna chahiye tha.","Kal office me koi purana kaam pura hua, senior khush hue. Naye project ki taiyari karni chahiye thi.","Kal gale me halki kharish hui, garm paani peekar rahat mili. Zyada bolne se bachna chahiye tha.","Kal koi purana lend wapas mila. Lekin naye nivesh se pehle achhi tarah sochna chahiye tha.","",""
PISCES,YESTERDAY,18,"Kal prem jeevan me utar-chadhav raha, partner se baat karke sab theek ho gaya. Sabr rakhna chahiye tha.","Kal career me thodi deri hui, par kaam poora hua. Kisi colleague ki madad karni chahiye thi.","Kal sir dard hua, stress kam karna chahiye tha. Paani adhik peena aur aaram karna chahiye tha.","Kal kharcha tez hua, kisi bade nivesh se bachna chahiye tha. Budget banakar usi me rehna chahiye tha.","",""
PISCES,YESTERDAY,19,"Kal kisi purane rishte me nayi jaan aayi, purane mitra se mulakat hui. Dil ki baat kehne me jhijhak nahi karni chahiye thi.","Kal office me mehnat ki tareef hui, promotion ke chances bane. Mehnat jaari rakhni chahiye thi.","Kal sehat achhi rahi, bas subah walk karni chahiye thi. Junk food avoid karna chahiye tha.","Kal aarthik labh hua, koi bonus ya gift mila. Bachat par dhyan dena chahiye tha.","",""
PISCES,YESTERDAY,20,"Kal partner ke saath koi naya plan bana, ghoomne ka mauka mila. Saath me samay bitana chahiye tha.","Kal career me koi naya mauka mila, turant haan nahi kehna chahiye tha. Soch samajh kar nirnay lena chahiye tha.","Kal thodi thakan mehsoos hui, aaram karna chahiye tha. Neend poori karni chahiye thi aur stress kam karna chahiye tha.","Kal paisa aaya par kharch bhi hua. Kisi zaruratmand ki madad karne se punya mila.","",""
PISCES,YESTERDAY,21,"Kal prem jeevan me shanti rahi, partner ka sahyog mila. Kisi shubh karyakram me shirkat karne ka mauka mila.","Kal office me yojana ko sarahna mili. Team ke saath milkar kaam karne se safalta mili.","Kal pet aur digestion ka dhyan rakhna chahiye tha, ghar ka khana khana chahiye tha. Paani adhik peena chahiye tha.","Kal aarthik sthiti sudhri, koi purana nivesh fal diya. Nayi yojana banani chahiye thi.","",""
PISCES,YESTERDAY,22,"Kal partner ke saath koi shubh samachar sunne ko mila. Rishta aur mazboot hua.","Kal career me naya mauka mila, interview ya meeting me safalta mili. Confidence se baat karni chahiye thi.","Kal sharir me halki sustee rahi, vyayam karna chahiye tha. Bahar ka khana avoid karna chahiye tha.","Kal paisa aaya par kharch bhi hua. Kisi ko daan karne se punya mila.","",""
PISCES,YESTERDAY,23,"Kal partner ki sehat ka dhyan rakhna chahiye tha, unke saath samay bitana chahiye tha. Chhoti baat par jhagda nahi karna chahiye tha.","Kal office me koi purana kaam pura hua, senior khush hue. Naye project ki taiyari karni chahiye thi.","Kal gale me halki kharish hui, garm paani peekar rahat mili. Zyada bolne se bachna chahiye tha.","Kal koi purana lend wapas mila. Lekin naye nivesh se pehle achhi tarah sochna chahiye tha.","",""
PISCES,YESTERDAY,24,"Kal prem jeevan me utar-chadhav raha, partner se baat karke sab theek ho gaya. Sabr rakhna chahiye tha.","Kal career me thodi deri hui, par kaam poora hua. Kisi colleague ki madad karni chahiye thi.","Kal sir dard hua, stress kam karna chahiye tha. Paani adhik peena aur aaram karna chahiye tha.","Kal kharcha tez hua, kisi bade nivesh se bachna chahiye tha. Budget banakar usi me rehna chahiye tha.","",""
PISCES,YESTERDAY,25,"Kal kisi purane rishte me nayi jaan aayi, purane mitra se mulakat hui. Dil ki baat kehne me jhijhak nahi karni chahiye thi.","Kal office me mehnat ki tareef hui, promotion ke chances bane. Mehnat jaari rakhni chahiye thi.","Kal sehat achhi rahi, bas subah walk karni chahiye thi. Junk food avoid karna chahiye tha.","Kal aarthik labh hua, koi bonus ya gift mila. Bachat par dhyan dena chahiye tha.","",""
PISCES,YESTERDAY,26,"Kal partner ke saath koi naya plan bana, ghoomne ka mauka mila. Saath me samay bitana chahiye tha.","Kal career me koi naya mauka mila, turant haan nahi kehna chahiye tha. Soch samajh kar nirnay lena chahiye tha.","Kal thodi thakan mehsoos hui, aaram karna chahiye tha. Neend poori karni chahiye thi aur stress kam karna chahiye tha.","Kal paisa aaya par kharch bhi hua. Kisi zaruratmand ki madad karne se punya mila.","",""
PISCES,YESTERDAY,27,"Kal prem jeevan me shanti rahi, partner ka sahyog mila. Kisi shubh karyakram me shirkat karne ka mauka mila.","Kal office me yojana ko sarahna mili. Team ke saath milkar kaam karne se safalta mili.","Kal pet aur digestion ka dhyan rakhna chahiye tha, ghar ka khana khana chahiye tha. Paani adhik peena chahiye tha.","Kal aarthik sthiti sudhri, koi purana nivesh fal diya. Nayi yojana banani chahiye thi.","",""
PISCES,YESTERDAY,28,"Kal partner ke saath koi shubh samachar sunne ko mila. Rishta aur mazboot hua.","Kal career me naya mauka mila, interview ya meeting me safalta mili. Confidence se baat karni chahiye thi.","Kal sharir me halki sustee rahi, vyayam karna chahiye tha. Bahar ka khana avoid karna chahiye tha.","Kal paisa aaya par kharch bhi hua. Kisi ko daan karne se punya mila.","",""
PISCES,YESTERDAY,29,"Kal partner ki sehat ka dhyan rakhna chahiye tha, unke saath samay bitana chahiye tha. Chhoti baat par jhagda nahi karna chahiye tha.","Kal office me koi purana kaam pura hua, senior khush hue. Naye project ki taiyari karni chahiye thi.","Kal gale me halki kharish hui, garm paani peekar rahat mili. Zyada bolne se bachna chahiye tha.","Kal koi purana lend wapas mila. Lekin naye nivesh se pehle achhi tarah sochna chahiye tha.","",""
PISCES,TOMORROW,0,"Kal partner ke saath samay bitane ka mauka milega, purani galatfehmi door hogi. Dil ki baat khul kar kehna rishte ko mazboot banayega.","Kal career me koi naya kaam shuru karne ka mauka mil sakta hai, senior ka sahyog milega. Jaldbazi na karein.","Kal sehat achhi rahegi, subah walk zaroor karein. Thanda aur fried khane se bachein.","Kal paisa aayega, kisi purane lend ka paisa wapas mil sakta hai. Lekin faltu kharch se bachein.","",""
PISCES,TOMORROW,1,"Kal prem jeevan me nayi urja aayegi, koi purana mitra mil sakta hai. Partner ki baat dhyan se sunein.","Kal office me mehnat ki tareef hogi, promotion ke chances hain. Colleagues ke saath milkar kaam karein.","Kal thodi thakan mehsoos hogi, aaram karein. Paani adhik peeyein aur stress kam karein.","Kal kharcha thoda zyada ho sakta hai, budget banayein. Naye nivesh se pehle soch-vichar karein.","",""
PISCES,TOMORROW,2,"Kal partner ke saath koi purana mamla sulah ho sakta hai. Rishte me vishwas badhega aur madhurta aayegi.","Kal career me koi rukavat aa sakti hai, dhairya rakhein. Kisi colleague se salah lein to fayda hoga.","Kal gale aur sans me halki takleef ho sakti hai. Garm kapde pehnein aur thanda na khayein.","Kal paisa aayega par kharch bhi hoga. Kisi zaruratmand ki madad karein, punya milega.","",""
PISCES,TOMORROW,3,"Kal kisi khaas insaan se mulaqat hogi jo din bana degi. Purane jhagde sulah ho sakte hain.","Kal office me raay ko mahatva milega. Kisi naye project ki zimmedari mil sakti hai.","Kal sehat ke liye halka vyayam karein aur khub paani peeyein. Sir dard ho sakta hai.","Kal aarthik sthiti majboot rahegi, koi purana karz chukane ka mauka milega.","",""
PISCES,TOMORROW,4,"Kal partner ke saath chhoti baat par takraar ho sakti hai, shaant rahein. Raat ko sulah ho jayegi.","Kal career me koi naya mauka milega, turant haan na kahein. Soch samajh kar nirnay lein.","Kal pet me halki gadbad ho sakti hai, halka khana khayein. Bahar ka khana avoid karein.","Kal paisa haath me aayega par kharch bhi tez hoga. Bachat par dhyan dein.","",""
PISCES,TOMORROW,5,"Kal prem jeevan me madhurta rahegi, partner ke saath ghoomne ka mauka milega. Kisi purane mitra se mulakat hogi.","Kal office me mehnat ki sarahna hogi. Senior aapki baat maanenge, confidence rakhein.","Kal urja se bharpur rahenge, vyayam karne ka mann karega. Lekin zyada garmi se bachein.","Kal kisi naye kaam me nivesh karne ka mauka milega, soch samajh kar haan kahein.","",""
PISCES,TOMORROW,6,"Kal partner ke saath koi naya rishta shuru ho sakta hai ya purana gahra ho sakta hai. Dil ki baat kehne me jhijhak na karein.","Kal career me thodi bhaag-daud rahegi, meetings me vyast rahenge. Jaldbazi me galti na karein.","Kal jodon me halka dard ho sakta hai, aaram karein. Subah ki dhoop faydemand hai.","Kal aarthik labh hoga, koi bonus ya gift mil sakta hai. Lekin kharch par niyantran rakhein.","",""
PISCES,TOMORROW,7,"Kal partner aapko surprise de sakta hai, prem me nayi urja aayegi. Saath me kuch naya try karein.","Kal career me koi bada faisla lena pad sakta hai, savdhani se sochein. Kisi anubhavi se salah lein.","Kal sehat achhi rahegi, bas subah ka nashta skip na karein. Fresh fruit khayein.","Kal paisa aayega par kisi anavashyak cheez par kharch ho sakta hai. Ruk kar kharch karein.","",""
PISCES,TOMORROW,8,"Kal partner se koi purani baat chubh sakti hai, khul kar baat karein. Chhoti baat ko bada na banayein.","Kal career me koi rukavat aa sakti hai, par dhairya se kaam lein. Koi purana project pura hoga.","Kal mansik tanav ho sakta hai, meditation karein. Neend poori karein.","Kal kisi dost se udhaar dene se bachein, warna paisa wapas nahi milega. Apne paise sambhal kar rakhein.","",""
PISCES,TOMORROW,9,"Kal prem jeevan me shanti rahegi, partner ka sahyog milega. Kisi shubh karyakram me shirkat karne ka mauka milega.","Kal office me yojana ko sarahna milegi. Team ke saath milkar kaam karein to safalta milegi.","Kal pet aur digestion ka dhyan rakhein, ghar ka khana khayein. Paani adhik peeyein.","Kal aarthik sthiti sudhregi, koi purana nivesh fal dega. Nayi yojana banayein.","",""
PISCES,TOMORROW,10,"Kal partner ke saath koi shubh samachar sunne ko milega. Rishta aur mazboot hoga.","Kal career me naya mauka milega, interview ya meeting me safalta milegi. Confidence se baat karein.","Kal sharir me halki sustee rahegi, vyayam karein. Bahar ka khana avoid karein.","Kal paisa aayega par kharch bhi hoga. Kisi ko daan karein to punya milega.","",""
PISCES,TOMORROW,11,"Kal partner ki sehat ka dhyan rakhein, unke saath samay bitayein. Chhoti baat par jhagda na karein.","Kal office me koi purana kaam pura hoga, senior khush honge. Naye project ki taiyari karein.","Kal gale me halki kharish ho sakti hai, garm paani peekar rahat milegi. Zyada bolne se bachein.","Kal koi purana lend wapas milega. Lekin naye nivesh se pehle achhi tarah soch lein.","",""
PISCES,TOMORROW,12,"Kal prem jeevan me utar-chadhav rahega, partner se baat karke sab theek ho jayega. Sabr rakhein.","Kal career me thodi deri ho sakti hai, par kaam poora hoga. Kisi colleague ki madad karein.","Kal sir dard ho sakta hai, stress kam karein. Paani adhik peeyein aur aaram karein.","Kal kharcha tez hoga, kisi bade nivesh se bachein. Budget banayein aur usi me rahein.","",""
PISCES,TOMORROW,13,"Kal kisi purane rishte me nayi jaan aayegi, purane mitra se mulakat hogi. Dil ki baat kehne me jhijhak na karein.","Kal office me mehnat ki tareef hogi, promotion ke chances hain. Mehnat jaari rakhein.","Kal sehat achhi rahegi, bas subah walk zaroor karein. Junk food avoid karein.","Kal aarthik labh hoga, koi bonus ya gift mil sakta hai. Bachat par dhyan dein.","",""
PISCES,TOMORROW,14,"Kal partner ke saath koi naya plan banega, ghoomne ka mauka milega. Saath me samay bitayein.","Kal career me koi naya mauka milega, turant haan na kahein. Soch samajh kar nirnay lein.","Kal thodi thakan mehsoos hogi, aaram karein. Neend poori karein aur stress kam karein.","Kal paisa aayega par kharch bhi hoga. Kisi zaruratmand ki madad karein, punya milega.","",""
PISCES,TOMORROW,15,"Kal prem jeevan me shanti rahegi, partner ka sahyog milega. Kisi shubh karyakram me shirkat karne ka mauka milega.","Kal office me yojana ko sarahna milegi. Team ke saath milkar kaam karein to safalta milegi.","Kal pet aur digestion ka dhyan rakhein, ghar ka khana khayein. Paani adhik peeyein.","Kal aarthik sthiti sudhregi, koi purana nivesh fal dega. Nayi yojana banayein.","",""
PISCES,TOMORROW,16,"Kal partner ke saath koi shubh samachar sunne ko milega. Rishta aur mazboot hoga.","Kal career me naya mauka milega, interview ya meeting me safalta milegi. Confidence se baat karein.","Kal sharir me halki sustee rahegi, vyayam karein. Bahar ka khana avoid karein.","Kal paisa aayega par kharch bhi hoga. Kisi ko daan karein to punya milega.","",""
PISCES,TOMORROW,17,"Kal partner ki sehat ka dhyan rakhein, unke saath samay bitayein. Chhoti baat par jhagda na karein.","Kal office me koi purana kaam pura hoga, senior khush honge. Naye project ki taiyari karein.","Kal gale me halki kharish ho sakti hai, garm paani peekar rahat milegi. Zyada bolne se bachein.","Kal koi purana lend wapas milega. Lekin naye nivesh se pehle achhi tarah soch lein.","",""
PISCES,TOMORROW,18,"Kal prem jeevan me utar-chadhav rahega, partner se baat karke sab theek ho jayega. Sabr rakhein.","Kal career me thodi deri ho sakti hai, par kaam poora hoga. Kisi colleague ki madad karein.","Kal sir dard ho sakta hai, stress kam karein. Paani adhik peeyein aur aaram karein.","Kal kharcha tez hoga, kisi bade nivesh se bachein. Budget banayein aur usi me rahein.","",""
PISCES,TOMORROW,19,"Kal kisi purane rishte me nayi jaan aayegi, purane mitra se mulakat hogi. Dil ki baat kehne me jhijhak na karein.","Kal office me mehnat ki tareef hogi, promotion ke chances hain. Mehnat jaari rakhein.","Kal sehat achhi rahegi, bas subah walk zaroor karein. Junk food avoid karein.","Kal aarthik labh hoga, koi bonus ya gift mil sakta hai. Bachat par dhyan dein.","",""
PISCES,TOMORROW,20,"Kal partner ke saath koi naya plan banega, ghoomne ka mauka milega. Saath me samay bitayein.","Kal career me koi naya mauka milega, turant haan na kahein. Soch samajh kar nirnay lein.","Kal thodi thakan mehsoos hogi, aaram karein. Neend poori karein aur stress kam karein.","Kal paisa aayega par kharch bhi hoga. Kisi zaruratmand ki madad karein, punya milega.","",""
PISCES,TOMORROW,21,"Kal prem jeevan me shanti rahegi, partner ka sahyog milega. Kisi shubh karyakram me shirkat karne ka mauka milega.","Kal office me yojana ko sarahna milegi. Team ke saath milkar kaam karein to safalta milegi.","Kal pet aur digestion ka dhyan rakhein, ghar ka khana khayein. Paani adhik peeyein.","Kal aarthik sthiti sudhregi, koi purana nivesh fal dega. Nayi yojana banayein.","",""
PISCES,TOMORROW,22,"Kal partner ke saath koi shubh samachar sunne ko milega. Rishta aur mazboot hoga.","Kal career me naya mauka milega, interview ya meeting me safalta milegi. Confidence se baat karein.","Kal sharir me halki sustee rahegi, vyayam karein. Bahar ka khana avoid karein.","Kal paisa aayega par kharch bhi hoga. Kisi ko daan karein to punya milega.","",""
PISCES,TOMORROW,23,"Kal partner ki sehat ka dhyan rakhein, unke saath samay bitayein. Chhoti baat par jhagda na karein.","Kal office me koi purana kaam pura hoga, senior khush honge. Naye project ki taiyari karein.","Kal gale me halki kharish ho sakti hai, garm paani peekar rahat milegi. Zyada bolne se bachein.","Kal koi purana lend wapas milega. Lekin naye nivesh se pehle achhi tarah soch lein.","",""
PISCES,TOMORROW,24,"Kal prem jeevan me utar-chadhav rahega, partner se baat karke sab theek ho jayega. Sabr rakhein.","Kal career me thodi deri ho sakti hai, par kaam poora hoga. Kisi colleague ki madad karein.","Kal sir dard ho sakta hai, stress kam karein. Paani adhik peeyein aur aaram karein.","Kal kharcha tez hoga, kisi bade nivesh se bachein. Budget banayein aur usi me rahein.","",""
PISCES,TOMORROW,25,"Kal kisi purane rishte me nayi jaan aayegi, purane mitra se mulakat hogi. Dil ki baat kehne me jhijhak na karein.","Kal office me mehnat ki tareef hogi, promotion ke chances hain. Mehnat jaari rakhein.","Kal sehat achhi rahegi, bas subah walk zaroor karein. Junk food avoid karein.","Kal aarthik labh hoga, koi bonus ya gift mil sakta hai. Bachat par dhyan dein.","",""
PISCES,TOMORROW,26,"Kal partner ke saath koi naya plan banega, ghoomne ka mauka milega. Saath me samay bitayein.","Kal career me koi naya mauka milega, turant haan na kahein. Soch samajh kar nirnay lein.","Kal thodi thakan mehsoos hogi, aaram karein. Neend poori karein aur stress kam karein.","Kal paisa aayega par kharch bhi hoga. Kisi zaruratmand ki madad karein, punya milega.","",""
PISCES,TOMORROW,27,"Kal prem jeevan me shanti rahegi, partner ka sahyog milega. Kisi shubh karyakram me shirkat karne ka mauka milega.","Kal office me yojana ko sarahna milegi. Team ke saath milkar kaam karein to safalta milegi.","Kal pet aur digestion ka dhyan rakhein, ghar ka khana khayein. Paani adhik peeyein.","Kal aarthik sthiti sudhregi, koi purana nivesh fal dega. Nayi yojana banayein.","",""
PISCES,TOMORROW,28,"Kal partner ke saath koi shubh samachar sunne ko milega. Rishta aur mazboot hoga.","Kal career me naya mauka milega, interview ya meeting me safalta milegi. Confidence se baat karein.","Kal sharir me halki sustee rahegi, vyayam karein. Bahar ka khana avoid karein.","Kal paisa aayega par kharch bhi hoga. Kisi ko daan karein to punya milega.","",""
PISCES,TOMORROW,29,"Kal partner ki sehat ka dhyan rakhein, unke saath samay bitayein. Chhoti baat par jhagda na karein.","Kal office me koi purana kaam pura hoga, senior khush honge. Naye project ki taiyari karein.","Kal gale me halki kharish ho sakti hai, garm paani peekar rahat milegi. Zyada bolne se bachein.","Kal koi purana lend wapas milega. Lekin naye nivesh se pehle achhi tarah soch lein.","",""
PISCES,WEEKLY,0,"Is hafte prem jeevan me madhurta rahegi, partner ke saath samay bitane ka mauka milega. Kisi purane mitra se mulakat hogi.","Is hafte career me naya project milega, senior ka sahyog rahega. Mehnat ka fal zaroor milega.","Is hafte sehat achhi rahegi, bas subah walk aur halka vyayam karein. Junk food avoid karein.","Is hafte aarthik labh hoga, koi purana lend wapas milega. Lekin budget banakar chalein.","",""
PISCES,WEEKLY,1,"Is hafte partner ke saath koi purana mamla sulah ho sakta hai. Rishte me vishwas badhega aur prem gahra hoga.","Is hafte office me aapki mehnat ki tareef hogi, promotion ke chances hain. Team ke saath milkar kaam karein.","Is hafte thodi thakan mehsoos hogi, aaram karein aur neend poori karein. Paani adhik peeyein.","Is hafte kharcha thoda zyada hoga, savdhani rakhein. Kisi naye nivesh se pehle soch-vichar karein.","",""
PISCES,WEEKLY,2,"Is hafte kisi khaas insaan se mulaqat hogi jo dil ko khush kar degi. Purane jhagde sulah ho sakte hain.","Is hafte career me koi rukavat aa sakti hai, dhairya rakhein. Kisi colleague se salah lena faydemand hoga.","Is hafte gale aur sans me halki takleef ho sakti hai. Garm kapde pehnein aur thanda na khayein.","Is hafte paisa aayega par kharch bhi hoga. Kisi zaruratmand ki madad karein, punya milega.","",""
PISCES,WEEKLY,3,"Is hafte prem jeevan me shanti rahegi, partner ka sahyog milega. Kisi shubh karyakram me shirkat karne ka mauka milega.","Is hafte office me aapki yojana ko sarahna milegi. Naye project ki zimmedari mil sakti hai.","Is hafte sehat ke liye halka vyayam karein aur khub paani peeyein. Sir dard se bachein.","Is hafte aarthik sthiti majboot rahegi, koi purana karz chukane ka mauka milega.","",""
PISCES,WEEKLY,4,"Is hafte partner ke saath chhoti baat par takraar ho sakti hai, shaant rahein. Hafte ke ant me sulah ho jayegi.","Is hafte career me koi naya mauka milega, turant haan na kahein. Soch samajh kar nirnay lein.","Is hafte pet me halki gadbad ho sakti hai, halka khana khayein. Bahar ka khana avoid karein.","Is hafte paisa haath me aayega par kharch bhi tez hoga. Bachat par dhyan dein.","",""
PISCES,WEEKLY,5,"Is hafte prem jeevan me madhurta rahegi, partner ke saath ghoomne ka mauka milega. Kisi purane mitra se mulakat hogi.","Is hafte office me mehnat ki sarahna hogi. Senior aapki baat maanenge, confidence rakhein.","Is hafte urja se bharpur rahenge, vyayam karne ka mann karega. Lekin zyada garmi se bachein.","Is hafte kisi naye kaam me nivesh karne ka mauka milega, soch samajh kar haan kahein.","",""
PISCES,WEEKLY,6,"Is hafte partner ke saath koi naya rishta shuru ho sakta hai ya purana gahra ho sakta hai. Dil ki baat kehne me jhijhak na karein.","Is hafte career me thodi bhaag-daud rahegi, meetings me vyast rahenge. Jaldbazi me galti na karein.","Is hafte jodon me halka dard ho sakta hai, aaram karein. Subah ki dhoop faydemand hai.","Is hafte aarthik labh hoga, koi bonus ya gift mil sakta hai. Lekin kharch par niyantran rakhein.","",""
PISCES,WEEKLY,7,"Is hafte partner aapko surprise de sakta hai, prem me nayi urja aayegi. Saath me kuch naya try karein.","Is hafte career me koi bada faisla lena pad sakta hai, savdhani se sochein. Kisi anubhavi se salah lein.","Is hafte sehat achhi rahegi, bas subah ka nashta skip na karein. Fresh fruit khayein.","Is hafte paisa aayega par kisi anavashyak cheez par kharch ho sakta hai. Ruk kar kharch karein.","",""
PISCES,WEEKLY,8,"Is hafte partner se koi purani baat chubh sakti hai, khul kar baat karein. Chhoti baat ko bada na banayein.","Is hafte career me koi rukavat aa sakti hai, par dhairya se kaam lein. Koi purana project pura hoga.","Is hafte mansik tanav ho sakta hai, meditation karein. Neend poori karein.","Is hafte kisi dost se udhaar dene se bachein, warna paisa wapas nahi milega. Apne paise sambhal kar rakhein.","",""
PISCES,WEEKLY,9,"Is hafte prem jeevan me shanti rahegi, partner ka sahyog milega. Kisi shubh karyakram me shirkat karne ka mauka milega.","Is hafte office me yojana ko sarahna milegi. Team ke saath milkar kaam karein to safalta milegi.","Is hafte pet aur digestion ka dhyan rakhein, ghar ka khana khayein. Paani adhik peeyein.","Is hafte aarthik sthiti sudhregi, koi purana nivesh fal dega. Nayi yojana banayein.","",""
PISCES,WEEKLY,10,"Is hafte partner ke saath koi shubh samachar sunne ko milega. Rishta aur mazboot hoga.","Is hafte career me naya mauka milega, interview ya meeting me safalta milegi. Confidence se baat karein.","Is hafte sharir me halki sustee rahegi, vyayam karein. Bahar ka khana avoid karein.","Is hafte paisa aayega par kharch bhi hoga. Kisi ko daan karein to punya milega.","",""
PISCES,WEEKLY,11,"Is hafte partner ki sehat ka dhyan rakhein, unke saath samay bitayein. Chhoti baat par jhagda na karein.","Is hafte office me koi purana kaam pura hoga, senior khush honge. Naye project ki taiyari karein.","Is hafte gale me halki kharish ho sakti hai, garm paani peekar rahat milegi. Zyada bolne se bachein.","Is hafte koi purana lend wapas milega. Lekin naye nivesh se pehle achhi tarah soch lein.","",""
PISCES,WEEKLY,12,"Is hafte prem jeevan me utar-chadhav rahega, partner se baat karke sab theek ho jayega. Sabr rakhein.","Is hafte career me thodi deri ho sakti hai, par kaam poora hoga. Kisi colleague ki madad karein.","Is hafte sir dard ho sakta hai, stress kam karein. Paani adhik peeyein aur aaram karein.","Is hafte kharcha tez hoga, kisi bade nivesh se bachein. Budget banayein aur usi me rahein.","",""
PISCES,WEEKLY,13,"Is hafte kisi purane rishte me nayi jaan aayegi, purane mitra se mulakat hogi. Dil ki baat kehne me jhijhak na karein.","Is hafte office me mehnat ki tareef hogi, promotion ke chances hain. Mehnat jaari rakhein.","Is hafte sehat achhi rahegi, bas subah walk zaroor karein. Junk food avoid karein.","Is hafte aarthik labh hoga, koi bonus ya gift mil sakta hai. Bachat par dhyan dein.","",""
PISCES,WEEKLY,14,"Is hafte partner ke saath koi naya plan banega, ghoomne ka mauka milega. Saath me samay bitayein.","Is hafte career me koi naya mauka milega, turant haan na kahein. Soch samajh kar nirnay lein.","Is hafte thodi thakan mehsoos hogi, aaram karein. Neend poori karein aur stress kam karein.","Is hafte paisa aayega par kharch bhi hoga. Kisi zaruratmand ki madad karein, punya milega.","",""
PISCES,WEEKLY,15,"Is hafte prem jeevan me shanti rahegi, partner ka sahyog milega. Kisi shubh karyakram me shirkat karne ka mauka milega.","Is hafte office me yojana ko sarahna milegi. Team ke saath milkar kaam karein to safalta milegi.","Is hafte pet aur digestion ka dhyan rakhein, ghar ka khana khayein. Paani adhik peeyein.","Is hafte aarthik sthiti sudhregi, koi purana nivesh fal dega. Nayi yojana banayein.","",""
PISCES,WEEKLY,16,"Is hafte partner ke saath koi shubh samachar sunne ko milega. Rishta aur mazboot hoga.","Is hafte career me naya mauka milega, interview ya meeting me safalta milegi. Confidence se baat karein.","Is hafte sharir me halki sustee rahegi, vyayam karein. Bahar ka khana avoid karein.","Is hafte paisa aayega par kharch bhi hoga. Kisi ko daan karein to punya milega.","",""
PISCES,WEEKLY,17,"Is hafte partner ki sehat ka dhyan rakhein, unke saath samay bitayein. Chhoti baat par jhagda na karein.","Is hafte office me koi purana kaam pura hoga, senior khush honge. Naye project ki taiyari karein.","Is hafte gale me halki kharish ho sakti hai, garm paani peekar rahat milegi. Zyada bolne se bachein.","Is hafte koi purana lend wapas milega. Lekin naye nivesh se pehle achhi tarah soch lein.","",""
PISCES,WEEKLY,18,"Is hafte prem jeevan me utar-chadhav rahega, partner se baat karke sab theek ho jayega. Sabr rakhein.","Is hafte career me thodi deri ho sakti hai, par kaam poora hoga. Kisi colleague ki madad karein.","Is hafte sir dard ho sakta hai, stress kam karein. Paani adhik peeyein aur aaram karein.","Is hafte kharcha tez hoga, kisi bade nivesh se bachein. Budget banayein aur usi me rahein.","",""
PISCES,WEEKLY,19,"Is hafte kisi purane rishte me nayi jaan aayegi, purane mitra se mulakat hogi. Dil ki baat kehne me jhijhak na karein.","Is hafte office me mehnat ki tareef hogi, promotion ke chances hain. Mehnat jaari rakhein.","Is hafte sehat achhi rahegi, bas subah walk zaroor karein. Junk food avoid karein.","Is hafte aarthik labh hoga, koi bonus ya gift mil sakta hai. Bachat par dhyan dein.","",""
PISCES,WEEKLY,20,"Is hafte partner ke saath koi naya plan banega, ghoomne ka mauka milega. Saath me samay bitayein.","Is hafte career me koi naya mauka milega, turant haan na kahein. Soch samajh kar nirnay lein.","Is hafte thodi thakan mehsoos hogi, aaram karein. Neend poori karein aur stress kam karein.","Is hafte paisa aayega par kharch bhi hoga. Kisi zaruratmand ki madad karein, punya milega.","",""
PISCES,WEEKLY,21,"Is hafte prem jeevan me shanti rahegi, partner ka sahyog milega. Kisi shubh karyakram me shirkat karne ka mauka milega.","Is hafte office me yojana ko sarahna milegi. Team ke saath milkar kaam karein to safalta milegi.","Is hafte pet aur digestion ka dhyan rakhein, ghar ka khana khayein. Paani adhik peeyein.","Is hafte aarthik sthiti sudhregi, koi purana nivesh fal dega. Nayi yojana banayein.","",""
PISCES,WEEKLY,22,"Is hafte partner ke saath koi shubh samachar sunne ko milega. Rishta aur mazboot hoga.","Is hafte career me naya mauka milega, interview ya meeting me safalta milegi. Confidence se baat karein.","Is hafte sharir me halki sustee rahegi, vyayam karein. Bahar ka khana avoid karein.","Is hafte paisa aayega par kharch bhi hoga. Kisi ko daan karein to punya milega.","",""
PISCES,WEEKLY,23,"Is hafte partner ki sehat ka dhyan rakhein, unke saath samay bitayein. Chhoti baat par jhagda na karein.","Is hafte office me koi purana kaam pura hoga, senior khush honge. Naye project ki taiyari karein.","Is hafte gale me halki kharish ho sakti hai, garm paani peekar rahat milegi. Zyada bolne se bachein.","Is hafte koi purana lend wapas milega. Lekin naye nivesh se pehle achhi tarah soch lein.","",""
PISCES,WEEKLY,24,"Is hafte prem jeevan me utar-chadhav rahega, partner se baat karke sab theek ho jayega. Sabr rakhein.","Is hafte career me thodi deri ho sakti hai, par kaam poora hoga. Kisi colleague ki madad karein.","Is hafte sir dard ho sakta hai, stress kam karein. Paani adhik peeyein aur aaram karein.","Is hafte kharcha tez hoga, kisi bade nivesh se bachein. Budget banayein aur usi me rahein.","",""
PISCES,WEEKLY,25,"Is hafte kisi purane rishte me nayi jaan aayegi, purane mitra se mulakat hogi. Dil ki baat kehne me jhijhak na karein.","Is hafte office me mehnat ki tareef hogi, promotion ke chances hain. Mehnat jaari rakhein.","Is hafte sehat achhi rahegi, bas subah walk zaroor karein. Junk food avoid karein.","Is hafte aarthik labh hoga, koi bonus ya gift mil sakta hai. Bachat par dhyan dein.","",""
PISCES,WEEKLY,26,"Is hafte partner ke saath koi naya plan banega, ghoomne ka mauka milega. Saath me samay bitayein.","Is hafte career me koi naya mauka milega, turant haan na kahein. Soch samajh kar nirnay lein.","Is hafte thodi thakan mehsoos hogi, aaram karein. Neend poori karein aur stress kam karein.","Is hafte paisa aayega par kharch bhi hoga. Kisi zaruratmand ki madad karein, punya milega.","",""
PISCES,WEEKLY,27,"Is hafte prem jeevan me shanti rahegi, partner ka sahyog milega. Kisi shubh karyakram me shirkat karne ka mauka milega.","Is hafte office me yojana ko sarahna milegi. Team ke saath milkar kaam karein to safalta milegi.","Is hafte pet aur digestion ka dhyan rakhein, ghar ka khana khayein. Paani adhik peeyein.","Is hafte aarthik sthiti sudhregi, koi purana nivesh fal dega. Nayi yojana banayein.","",""
PISCES,WEEKLY,28,"Is hafte partner ke saath koi shubh samachar sunne ko milega. Rishta aur mazboot hoga.","Is hafte career me naya mauka milega, interview ya meeting me safalta milegi. Confidence se baat karein.","Is hafte sharir me halki sustee rahegi, vyayam karein. Bahar ka khana avoid karein.","Is hafte paisa aayega par kharch bhi hoga. Kisi ko daan karein to punya milega.","",""
PISCES,WEEKLY,29,"Is hafte partner ki sehat ka dhyan rakhein, unke saath samay bitayein. Chhoti baat par jhagda na karein.","Is hafte office me koi purana kaam pura hoga, senior khush honge. Naye project ki taiyari karein.","Is hafte gale me halki kharish ho sakti hai, garm paani peekar rahat milegi. Zyada bolne se bachein.","Is hafte koi purana lend wapas milega. Lekin naye nivesh se pehle achhi tarah soch lein.","",""
PISCES,MONTHLY,0,"Is mahine prem jeevan me madhurta rahegi, partner ke saath samay bitane ka mauka milega. Kisi purane mitra se mulakat hogi.","Is mahine career me naya project milega, senior ka sahyog rahega. Mehnat ka fal zaroor milega.","Is mahine sehat achhi rahegi, bas subah walk aur halka vyayam karein. Junk food avoid karein.","Is mahine aarthik labh hoga, koi purana lend wapas milega. Lekin budget banakar chalein.","",""
PISCES,MONTHLY,1,"Is mahine partner ke saath koi purana mamla sulah ho sakta hai. Rishte me vishwas badhega aur prem gahra hoga.","Is mahine office me aapki mehnat ki tareef hogi, promotion ke chances hain. Team ke saath milkar kaam karein.","Is mahine thodi thakan mehsoos hogi, aaram karein aur neend poori karein. Paani adhik peeyein.","Is mahine kharcha thoda zyada hoga, savdhani rakhein. Kisi naye nivesh se pehle soch-vichar karein.","",""
PISCES,MONTHLY,2,"Is mahine kisi khaas insaan se mulaqat hogi jo dil ko khush kar degi. Purane jhagde sulah ho sakte hain.","Is mahine career me koi rukavat aa sakti hai, dhairya rakhein. Kisi colleague se salah lena faydemand hoga.","Is mahine gale aur sans me halki takleef ho sakti hai. Garm kapde pehnein aur thanda na khayein.","Is mahine paisa aayega par kharch bhi hoga. Kisi zaruratmand ki madad karein, punya milega.","",""
PISCES,MONTHLY,3,"Is mahine prem jeevan me shanti rahegi, partner ka sahyog milega. Kisi shubh karyakram me shirkat karne ka mauka milega.","Is mahine office me aapki yojana ko sarahna milegi. Naye project ki zimmedari mil sakti hai.","Is mahine sehat ke liye halka vyayam karein aur khub paani peeyein. Sir dard se bachein.","Is mahine aarthik sthiti majboot rahegi, koi purana karz chukane ka mauka milega.","",""
PISCES,MONTHLY,4,"Is mahine partner ke saath chhoti baat par takraar ho sakti hai, shaant rahein. Mahine ke ant me sulah ho jayegi.","Is mahine career me koi naya mauka milega, turant haan na kahein. Soch samajh kar nirnay lein.","Is mahine pet me halki gadbad ho sakti hai, halka khana khayein. Bahar ka khana avoid karein.","Is mahine paisa haath me aayega par kharch bhi tez hoga. Bachat par dhyan dein.","",""
PISCES,MONTHLY,5,"Is mahine prem jeevan me madhurta rahegi, partner ke saath ghoomne ka mauka milega. Kisi purane mitra se mulakat hogi.","Is mahine office me mehnat ki sarahna hogi. Senior aapki baat maanenge, confidence rakhein.","Is mahine urja se bharpur rahenge, vyayam karne ka mann karega. Lekin zyada garmi se bachein.","Is mahine kisi naye kaam me nivesh karne ka mauka milega, soch samajh kar haan kahein.","",""
PISCES,MONTHLY,6,"Is mahine partner ke saath koi naya rishta shuru ho sakta hai ya purana gahra ho sakta hai. Dil ki baat kehne me jhijhak na karein.","Is mahine career me thodi bhaag-daud rahegi, meetings me vyast rahenge. Jaldbazi me galti na karein.","Is mahine jodon me halka dard ho sakta hai, aaram karein. Subah ki dhoop faydemand hai.","Is mahine aarthik labh hoga, koi bonus ya gift mil sakta hai. Lekin kharch par niyantran rakhein.","",""
PISCES,MONTHLY,7,"Is mahine partner aapko surprise de sakta hai, prem me nayi urja aayegi. Saath me kuch naya try karein.","Is mahine career me koi bada faisla lena pad sakta hai, savdhani se sochein. Kisi anubhavi se salah lein.","Is mahine sehat achhi rahegi, bas subah ka nashta skip na karein. Fresh fruit khayein.","Is mahine paisa aayega par kisi anavashyak cheez par kharch ho sakta hai. Ruk kar kharch karein.","",""
PISCES,MONTHLY,8,"Is mahine partner se koi purani baat chubh sakti hai, khul kar baat karein. Chhoti baat ko bada na banayein.","Is mahine career me koi rukavat aa sakti hai, par dhairya se kaam lein. Koi purana project pura hoga.","Is mahine mansik tanav ho sakta hai, meditation karein. Neend poori karein.","Is mahine kisi dost se udhaar dene se bachein, warna paisa wapas nahi milega. Apne paise sambhal kar rakhein.","",""
PISCES,MONTHLY,9,"Is mahine prem jeevan me shanti rahegi, partner ka sahyog milega. Kisi shubh karyakram me shirkat karne ka mauka milega.","Is mahine office me yojana ko sarahna milegi. Team ke saath milkar kaam karein to safalta milegi.","Is mahine pet aur digestion ka dhyan rakhein, ghar ka khana khayein. Paani adhik peeyein.","Is mahine aarthik sthiti sudhregi, koi purana nivesh fal dega. Nayi yojana banayein.","",""
PISCES,MONTHLY,10,"Is mahine partner ke saath koi shubh samachar sunne ko milega. Rishta aur mazboot hoga.","Is mahine career me naya mauka milega, interview ya meeting me safalta milegi. Confidence se baat karein.","Is mahine sharir me halki sustee rahegi, vyayam karein. Bahar ka khana avoid karein.","Is mahine paisa aayega par kharch bhi hoga. Kisi ko daan karein to punya milega.","",""
PISCES,MONTHLY,11,"Is mahine partner ki sehat ka dhyan rakhein, unke saath samay bitayein. Chhoti baat par jhagda na karein.","Is mahine office me koi purana kaam pura hoga, senior khush honge. Naye project ki taiyari karein.","Is mahine gale me halki kharish ho sakti hai, garm paani peekar rahat milegi. Zyada bolne se bachein.","Is mahine koi purana lend wapas milega. Lekin naye nivesh se pehle achhi tarah soch lein.","",""
PISCES,MONTHLY,12,"Is mahine prem jeevan me utar-chadhav rahega, partner se baat karke sab theek ho jayega. Sabr rakhein.","Is mahine career me thodi deri ho sakti hai, par kaam poora hoga. Kisi colleague ki madad karein.","Is mahine sir dard ho sakta hai, stress kam karein. Paani adhik peeyein aur aaram karein.","Is mahine kharcha tez hoga, kisi bade nivesh se bachein. Budget banayein aur usi me rahein.","",""
PISCES,MONTHLY,13,"Is mahine kisi purane rishte me nayi jaan aayegi, purane mitra se mulakat hogi. Dil ki baat kehne me jhijhak na karein.","Is mahine office me mehnat ki tareef hogi, promotion ke chances hain. Mehnat jaari rakhein.","Is mahine sehat achhi rahegi, bas subah walk zaroor karein. Junk food avoid karein.","Is mahine aarthik labh hoga, koi bonus ya gift mil sakta hai. Bachat par dhyan dein.","",""
PISCES,MONTHLY,14,"Is mahine partner ke saath koi naya plan banega, ghoomne ka mauka milega. Saath me samay bitayein.","Is mahine career me koi naya mauka milega, turant haan na kahein. Soch samajh kar nirnay lein.","Is mahine thodi thakan mehsoos hogi, aaram karein. Neend poori karein aur stress kam karein.","Is mahine paisa aayega par kharch bhi hoga. Kisi zaruratmand ki madad karein, punya milega.","",""
PISCES,MONTHLY,15,"Is mahine prem jeevan me shanti rahegi, partner ka sahyog milega. Kisi shubh karyakram me shirkat karne ka mauka milega.","Is mahine office me yojana ko sarahna milegi. Team ke saath milkar kaam karein to safalta milegi.","Is mahine pet aur digestion ka dhyan rakhein, ghar ka khana khayein. Paani adhik peeyein.","Is mahine aarthik sthiti sudhregi, koi purana nivesh fal dega. Nayi yojana banayein.","",""
PISCES,MONTHLY,16,"Is mahine partner ke saath koi shubh samachar sunne ko milega. Rishta aur mazboot hoga.","Is mahine career me naya mauka milega, interview ya meeting me safalta milegi. Confidence se baat karein.","Is mahine sharir me halki sustee rahegi, vyayam karein. Bahar ka khana avoid karein.","Is mahine paisa aayega par kharch bhi hoga. Kisi ko daan karein to punya milega.","",""
PISCES,MONTHLY,17,"Is mahine partner ki sehat ka dhyan rakhein, unke saath samay bitayein. Chhoti baat par jhagda na karein.","Is mahine office me koi purana kaam pura hoga, senior khush honge. Naye project ki taiyari karein.","Is mahine gale me halki kharish ho sakti hai, garm paani peekar rahat milegi. Zyada bolne se bachein.","Is mahine koi purana lend wapas milega. Lekin naye nivesh se pehle achhi tarah soch lein.","",""
PISCES,MONTHLY,18,"Is mahine prem jeevan me utar-chadhav rahega, partner se baat karke sab theek ho jayega. Sabr rakhein.","Is mahine career me thodi deri ho sakti hai, par kaam poora hoga. Kisi colleague ki madad karein.","Is mahine sir dard ho sakta hai, stress kam karein. Paani adhik peeyein aur aaram karein.","Is mahine kharcha tez hoga, kisi bade nivesh se bachein. Budget banayein aur usi me rahein.","",""
PISCES,MONTHLY,19,"Is mahine kisi purane rishte me nayi jaan aayegi, purane mitra se mulakat hogi. Dil ki baat kehne me jhijhak na karein.","Is mahine office me mehnat ki tareef hogi, promotion ke chances hain. Mehnat jaari rakhein.","Is mahine sehat achhi rahegi, bas subah walk zaroor karein. Junk food avoid karein.","Is mahine aarthik labh hoga, koi bonus ya gift mil sakta hai. Bachat par dhyan dein.","",""
PISCES,MONTHLY,20,"Is mahine partner ke saath koi naya plan banega, ghoomne ka mauka milega. Saath me samay bitayein.","Is mahine career me koi naya mauka milega, turant haan na kahein. Soch samajh kar nirnay lein.","Is mahine thodi thakan mehsoos hogi, aaram karein. Neend poori karein aur stress kam karein.","Is mahine paisa aayega par kharch bhi hoga. Kisi zaruratmand ki madad karein, punya milega.","",""
PISCES,MONTHLY,21,"Is mahine prem jeevan me shanti rahegi, partner ka sahyog milega. Kisi shubh karyakram me shirkat karne ka mauka milega.","Is mahine office me yojana ko sarahna milegi. Team ke saath milkar kaam karein to safalta milegi.","Is mahine pet aur digestion ka dhyan rakhein, ghar ka khana khayein. Paani adhik peeyein.","Is mahine aarthik sthiti sudhregi, koi purana nivesh fal dega. Nayi yojana banayein.","",""
PISCES,MONTHLY,22,"Is mahine partner ke saath koi shubh samachar sunne ko milega. Rishta aur mazboot hoga.","Is mahine career me naya mauka milega, interview ya meeting me safalta milegi. Confidence se baat karein.","Is mahine sharir me halki sustee rahegi, vyayam karein. Bahar ka khana avoid karein.","Is mahine paisa aayega par kharch bhi hoga. Kisi ko daan karein to punya milega.","",""
PISCES,MONTHLY,23,"Is mahine partner ki sehat ka dhyan rakhein, unke saath samay bitayein. Chhoti baat par jhagda na karein.","Is mahine office me koi purana kaam pura hoga, senior khush honge. Naye project ki taiyari karein.","Is mahine gale me halki kharish ho sakti hai, garm paani peekar rahat milegi. Zyada bolne se bachein.","Is mahine koi purana lend wapas milega. Lekin naye nivesh se pehle achhi tarah soch lein.","",""
PISCES,MONTHLY,24,"Is mahine prem jeevan me utar-chadhav rahega, partner se baat karke sab theek ho jayega. Sabr rakhein.","Is mahine career me thodi deri ho sakti hai, par kaam poora hoga. Kisi colleague ki madad karein.","Is mahine sir dard ho sakta hai, stress kam karein. Paani adhik peeyein aur aaram karein.","Is mahine kharcha tez hoga, kisi bade nivesh se bachein. Budget banayein aur usi me rahein.","",""
PISCES,MONTHLY,25,"Is mahine kisi purane rishte me nayi jaan aayegi, purane mitra se mulakat hogi. Dil ki baat kehne me jhijhak na karein.","Is mahine office me mehnat ki tareef hogi, promotion ke chances hain. Mehnat jaari rakhein.","Is mahine sehat achhi rahegi, bas subah walk zaroor karein. Junk food avoid karein.","Is mahine aarthik labh hoga, koi bonus ya gift mil sakta hai. Bachat par dhyan dein.","",""
PISCES,MONTHLY,26,"Is mahine partner ke saath koi naya plan banega, ghoomne ka mauka milega. Saath me samay bitayein.","Is mahine career me koi naya mauka milega, turant haan na kahein. Soch samajh kar nirnay lein.","Is mahine thodi thakan mehsoos hogi, aaram karein. Neend poori karein aur stress kam karein.","Is mahine paisa aayega par kharch bhi hoga. Kisi zaruratmand ki madad karein, punya milega.","",""
PISCES,MONTHLY,27,"Is mahine prem jeevan me shanti rahegi, partner ka sahyog milega. Kisi shubh karyakram me shirkat karne ka mauka milega.","Is mahine office me yojana ko sarahna milegi. Team ke saath milkar kaam karein to safalta milegi.","Is mahine pet aur digestion ka dhyan rakhein, ghar ka khana khayein. Paani adhik peeyein.","Is mahine aarthik sthiti sudhregi, koi purana nivesh fal dega. Nayi yojana banayein.","",""
PISCES,MONTHLY,28,"Is mahine partner ke saath koi shubh samachar sunne ko milega. Rishta aur mazboot hoga.","Is mahine career me naya mauka milega, interview ya meeting me safalta milegi. Confidence se baat karein.","Is mahine sharir me halki sustee rahegi, vyayam karein. Bahar ka khana avoid karein.","Is mahine paisa aayega par kharch bhi hoga. Kisi ko daan karein to punya milega.","",""
PISCES,MONTHLY,29,"Is mahine partner ki sehat ka dhyan rakhein, unke saath samay bitayein. Chhoti baat par jhagda na karein.","Is mahine office me koi purana kaam pura hoga, senior khush honge. Naye project ki taiyari karein.","Is mahine gale me halki kharish ho sakti hai, garm paani peekar rahat milegi. Zyada bolne se bachein.","Is mahine koi purana lend wapas milega. Lekin naye nivesh se pehle achhi tarah soch lein.","",""
PISCES,YEARLY,0,"Is saal prem jeevan me badi urja aayegi, vivah ke yog ban sakte hain ya purana rishta gahra hoga. Partner ke saath samay bitane ka khoob mauka milega.","Is saal career me bada badlav sambhav hai, naukri badal sakti hai ya promotion milegi. Mehnat ka poora fal zaroor milega.","Is saal sehat achhi rahegi, bas niyamit vyayam aur santulit ahar apnayein. Stress kam karein aur neend poori karein.","Is saal aarthik sthiti majboot hogi, koi bada nivesh fal dega. Lekin faltu kharch se bachein aur bachat karein.","",""